season,season_start_year,season_start_date,period_end_date,season_day,crush_tonnes,cumulative_crush_tonnes
10-11,2010,2010-04-01,2010-04-16,15,14195434,14195434
10-11,2010,2010-04-01,2010-05-01,30,21668451,35863885
10-11,2010,2010-04-01,2010-05-16,45,23640924,59504809
10-11,2010,2010-04-01,2010-06-01,61,27664994,87169803
10-11,2010,2010-04-01,2010-06-16,76,25583121,112752924
10-11,2010,2010-04-01,2010-07-01,91,26940293,139693217
10-11,2010,2010-04-01,2010-07-16,106,24427141,164120358
10-11,2010,2010-04-01,2010-08-01,122,28169496,192289854
10-11,2010,2010-04-01,2010-08-16,137,25768504,218058358
10-11,2010,2010-04-01,2010-09-01,153,26297143,244355501
10-11,2010,2010-04-01,2010-09-16,168,23676697,268032198
10-11,2010,2010-04-01,2010-10-01,183,16439265,284471463
10-11,2010,2010-04-01,2010-10-16,198,16651855,301123318
10-11,2010,2010-04-01,2010-11-01,214,19915800,321039118
10-11,2010,2010-04-01,2010-11-16,229,16188734,337227852
10-11,2010,2010-04-01,2010-12-01,244,11683223,348911075
10-11,2010,2010-04-01,2010-12-16,259,4548205,353459280
10-11,2010,2010-04-01,2011-01-01,275,1057979,354517259
10-11,2010,2010-04-01,2011-01-16,290,259789,354777048
10-11,2010,2010-04-01,2011-02-01,306,34788,354811836
10-11,2010,2010-04-01,2011-02-16,321,39731,354851567
10-11,2010,2010-04-01,2011-03-01,334,66161,354917728
10-11,2010,2010-04-01,2011-03-16,349,110327,355028055
10-11,2010,2010-04-01,2011-04-01,365,855214,355883269
11-12,2011,2011-04-01,2011-04-16,15,2721392,2721392
11-12,2011,2011-04-01,2011-05-01,30,10742689,13464081
11-12,2011,2011-04-01,2011-05-16,45,21671528,35135609
11-12,2011,2011-04-01,2011-06-01,61,27771413,62907022
11-12,2011,2011-04-01,2011-06-16,76,21871027,84778049
11-12,2011,2011-04-01,2011-07-01,91,26703925,111481974
11-12,2011,2011-04-01,2011-07-16,106,26134845,137616819
11-12,2011,2011-04-01,2011-08-01,122,27200543,164817362
11-12,2011,2011-04-01,2011-08-16,137,24033676,188851038
11-12,2011,2011-04-01,2011-09-01,153,25106265,213957303
11-12,2011,2011-04-01,2011-09-16,168,23238046,237195349
11-12,2011,2011-04-01,2011-10-01,183,23007849,260203198
11-12,2011,2011-04-01,2011-10-16,198,13969339,274172537
11-12,2011,2011-04-01,2011-11-01,214,13785163,287957700
11-12,2011,2011-04-01,2011-11-16,229,10562075,298519775
11-12,2011,2011-04-01,2011-12-01,244,4252312,302772087
11-12,2011,2011-04-01,2011-12-16,259,661424,303433511
11-12,2011,2011-04-01,2012-01-01,275,41013,303474524
11-12,2011,2011-04-01,2012-01-16,290,0,303474524
11-12,2011,2011-04-01,2012-02-01,306,0,303474524
11-12,2011,2011-04-01,2012-02-16,321,8445,303482969
11-12,2011,2011-04-01,2012-03-01,335,15498,303498467
11-12,2011,2011-04-01,2012-03-16,350,5747,303504214
11-12,2011,2011-04-01,2012-04-01,366,121963,303626177
12-13,2012,2012-04-01,2012-04-16,15,2026319,2026319
12-13,2012,2012-04-01,2012-05-01,30,4622756,6649075
12-13,2012,2012-04-01,2012-05-16,45,11325318,17974393
12-13,2012,2012-04-01,2012-06-01,61,22871657,40846050
12-13,2012,2012-04-01,2012-06-16,76,14144114,54990164
12-13,2012,2012-04-01,2012-07-01,91,18744031,73734195
12-13,2012,2012-04-01,2012-07-16,106,26198737,99932932
12-13,2012,2012-04-01,2012-08-01,122,28318471,128251403
12-13,2012,2012-04-01,2012-08-16,137,27593573,155844976
12-13,2012,2012-04-01,2012-09-01,153,29084127,184929103
12-13,2012,2012-04-01,2012-09-16,168,26108921,211038024
12-13,2012,2012-04-01,2012-10-01,183,18852723,229890747
12-13,2012,2012-04-01,2012-10-16,198,24514140,254404887
12-13,2012,2012-04-01,2012-11-01,214,22501287,276906174
12-13,2012,2012-04-01,2012-11-16,229,17945283,294851457
12-13,2012,2012-04-01,2012-12-01,244,19617060,314468517
12-13,2012,2012-04-01,2012-12-16,259,12564716,327033233
12-13,2012,2012-04-01,2013-01-01,275,1933044,328966277
12-13,2012,2012-04-01,2013-01-16,290,362283,329328560
12-13,2012,2012-04-01,2013-02-01,306,219628,329548188
12-13,2012,2012-04-01,2013-02-16,321,22403,329570591
12-13,2012,2012-04-01,2013-03-01,334,100094,329670685
12-13,2012,2012-04-01,2013-03-16,349,139326,329810011
12-13,2012,2012-04-01,2013-04-01,365,937700,330747711
13-14,2013,2013-04-01,2013-04-16,15,5214640,5214640
13-14,2013,2013-04-01,2013-05-01,30,20438461,25653101
13-14,2013,2013-04-01,2013-05-16,45,26368975,52022076
13-14,2013,2013-04-01,2013-06-01,61,21487906,73509982
13-14,2013,2013-04-01,2013-06-16,76,21330218,94840200
13-14,2013,2013-04-01,2013-07-01,91,18062770,112902970
13-14,2013,2013-04-01,2013-07-16,106,26215613,139118583
13-14,2013,2013-04-01,2013-08-01,122,26659518,165778101
13-14,2013,2013-04-01,2013-08-16,137,28155642,193933743
13-14,2013,2013-04-01,2013-09-01,153,29711868,223645611
13-14,2013,2013-04-01,2013-09-16,168,26815205,250460816
13-14,2013,2013-04-01,2013-10-01,183,19903415,270364231
13-14,2013,2013-04-01,2013-10-16,198,18556530,288920761
13-14,2013,2013-04-01,2013-11-01,214,24560366,313481127
13-14,2013,2013-04-01,2013-11-16,229,20291146,333772273
13-14,2013,2013-04-01,2013-12-01,244,16154143,349926416
13-14,2013,2013-04-01,2013-12-16,259,11383040,361309456
13-14,2013,2013-04-01,2014-01-01,275,4098865,365408321
13-14,2013,2013-04-01,2014-01-16,290,381904,365790225
13-14,2013,2013-04-01,2014-02-01,306,143231,365933456
13-14,2013,2013-04-01,2014-02-16,321,19324,365952780
13-14,2013,2013-04-01,2014-03-01,334,0,365952780
13-14,2013,2013-04-01,2014-03-16,349,35957,365988737
13-14,2013,2013-04-01,2014-04-01,365,2906505,368895242
14-15,2014,2014-04-01,2014-04-16,15,7986588,7986588
14-15,2014,2014-04-01,2014-05-01,30,15502871,23489459
14-15,2014,2014-04-01,2014-05-16,45,24513890,48003349
14-15,2014,2014-04-01,2014-06-01,61,23995751,71999100
14-15,2014,2014-04-01,2014-06-16,76,26857427,98856527
14-15,2014,2014-04-01,2014-07-01,91,27027825,125884352
14-15,2014,2014-04-01,2014-07-16,106,25535610,151419962
14-15,2014,2014-04-01,2014-08-01,122,22497988,173917950
14-15,2014,2014-04-01,2014-08-16,137,26819329,200737279
14-15,2014,2014-04-01,2014-09-01,153,27916436,228653715
14-15,2014,2014-04-01,2014-09-16,168,23685731,252339446
14-15,2014,2014-04-01,2014-10-01,183,15603282,267942728
14-15,2014,2014-04-01,2014-10-16,198,22952033,290894761
14-15,2014,2014-04-01,2014-11-01,214,19605523,310500284
14-15,2014,2014-04-01,2014-11-16,229,12136735,322637019
14-15,2014,2014-04-01,2014-12-01,244,6993255,329630274
14-15,2014,2014-04-01,2014-12-16,259,3720680,333350954
14-15,2014,2014-04-01,2015-01-01,275,1385723,334736677
14-15,2014,2014-04-01,2015-01-16,290,416881,335153558
14-15,2014,2014-04-01,2015-02-01,306,156592,335310150
14-15,2014,2014-04-01,2015-02-16,321,94751,335404901
14-15,2014,2014-04-01,2015-03-01,334,73015,335477916
14-15,2014,2014-04-01,2015-03-16,349,335786,335813702
14-15,2014,2014-04-01,2015-04-01,365,1173325,336987027
15-16,2015,2015-04-01,2015-04-16,15,6260159,6260159
15-16,2015,2015-04-01,2015-05-01,30,16159620,22419779
15-16,2015,2015-04-01,2015-05-16,45,16309353,38729132
15-16,2015,2015-04-01,2015-06-01,61,24604258,63333390
15-16,2015,2015-04-01,2015-06-16,76,23349874,86683264
15-16,2015,2015-04-01,2015-07-01,91,28209978,114893242
15-16,2015,2015-04-01,2015-07-16,106,16636313,131529555
15-16,2015,2015-04-01,2015-08-01,122,30338846,161868401
15-16,2015,2015-04-01,2015-08-16,137,28397118,190265519
15-16,2015,2015-04-01,2015-09-01,153,28303881,218569400
15-16,2015,2015-04-01,2015-09-16,168,15657756,234227156
15-16,2015,2015-04-01,2015-10-01,183,24367956,258595112
15-16,2015,2015-04-01,2015-10-16,198,22976350,281571462
15-16,2015,2015-04-01,2015-11-01,214,23116705,304688167
15-16,2015,2015-04-01,2015-11-16,229,14736915,319425082
15-16,2015,2015-04-01,2015-12-01,244,11645832,331070914
15-16,2015,2015-04-01,2015-12-16,259,12448059,343518973
15-16,2015,2015-04-01,2016-01-01,275,7278677,350797650
15-16,2015,2015-04-01,2016-01-16,290,1354770,352152420
15-16,2015,2015-04-01,2016-02-01,306,2194562,354346982
15-16,2015,2015-04-01,2016-02-16,321,1627319,355974301
15-16,2015,2015-04-01,2016-03-01,335,497817,356472118
15-16,2015,2015-04-01,2016-03-16,350,2724979,359197097
15-16,2015,2015-04-01,2016-04-01,366,9125534,368322631
16-17,2016,2016-04-01,2016-04-16,15,20807630,20807630
16-17,2016,2016-04-01,2016-05-01,30,23003133,43810763
16-17,2016,2016-04-01,2016-05-16,45,25206199,69016962
16-17,2016,2016-04-01,2016-06-01,61,18683238,87700200
16-17,2016,2016-04-01,2016-06-16,76,12321236,100021436
16-17,2016,2016-04-01,2016-07-01,91,29029926,129051362
16-17,2016,2016-04-01,2016-07-16,106,28253138,157304500
16-17,2016,2016-04-01,2016-08-01,122,29927804,187232304
16-17,2016,2016-04-01,2016-08-16,137,27140144,214372448
16-17,2016,2016-04-01,2016-09-01,153,23395782,237768230
16-17,2016,2016-04-01,2016-09-16,168,21967440,259735670
16-17,2016,2016-04-01,2016-10-01,183,26192880,285928550
16-17,2016,2016-04-01,2016-10-16,198,20278613,306207163
16-17,2016,2016-04-01,2016-11-01,214,19177780,325384943
16-17,2016,2016-04-01,2016-11-16,229,12958752,338343695
16-17,2016,2016-04-01,2016-12-01,244,13124161,351467856
16-17,2016,2016-04-01,2016-12-16,259,4693123,356160979
16-17,2016,2016-04-01,2017-01-01,275,2155237,358316216
16-17,2016,2016-04-01,2017-01-16,290,620064,358936280
16-17,2016,2016-04-01,2017-02-01,306,77298,359013578
16-17,2016,2016-04-01,2017-02-16,321,302686,359316264
16-17,2016,2016-04-01,2017-03-01,334,252288,359568552
16-17,2016,2016-04-01,2017-03-16,349,1732905,361301457
16-17,2016,2016-04-01,2017-04-01,365,4688182,365989639
17-18,2017,2017-04-01,2017-04-16,15,10584086,10584086
17-18,2017,2017-04-01,2017-05-01,30,14873661,25457747
17-18,2017,2017-04-01,2017-05-16,45,23856681,49314428
17-18,2017,2017-04-01,2017-06-01,61,18473518,67787946
17-18,2017,2017-04-01,2017-06-16,76,24265890,92053836
17-18,2017,2017-04-01,2017-07-01,91,29029167,121083003
17-18,2017,2017-04-01,2017-07-16,106,28653598,149736601
17-18,2017,2017-04-01,2017-08-01,122,30282403,180019004
17-18,2017,2017-04-01,2017-08-16,137,27284675,207303679
17-18,2017,2017-04-01,2017-09-01,153,22300257,229603936
17-18,2017,2017-04-01,2017-09-16,168,27451945,257055881
17-18,2017,2017-04-01,2017-10-01,183,24502349,281558230
17-18,2017,2017-04-01,2017-10-16,198,19416402,300974632
17-18,2017,2017-04-01,2017-11-01,214,17651976,318626608
17-18,2017,2017-04-01,2017-11-16,229,14173536,332800144
17-18,2017,2017-04-01,2017-12-01,244,8569409,341369553
17-18,2017,2017-04-01,2017-12-16,259,6729259,348098812
17-18,2017,2017-04-01,2018-01-01,275,1552564,349651376
17-18,2017,2017-04-01,2018-01-16,290,1817,349653193
17-18,2017,2017-04-01,2018-02-01,306,23761,349676954
17-18,2017,2017-04-01,2018-02-16,321,104563,349781517
17-18,2017,2017-04-01,2018-03-01,334,83504,349865021
17-18,2017,2017-04-01,2018-03-16,349,2170746,352035767
17-18,2017,2017-04-01,2018-04-01,365,5106575,357142342
18-19,2018,2018-04-01,2018-04-16,15,13402788,13402788
18-19,2018,2018-04-01,2018-05-01,30,23586853,36989641
18-19,2018,2018-04-01,2018-05-16,45,26166587,63156228
18-19,2018,2018-04-01,2018-06-01,61,20139093,83295321
18-19,2018,2018-04-01,2018-06-16,76,26179990,109475311
18-19,2018,2018-04-01,2018-07-01,91,26839253,136314564
18-19,2018,2018-04-01,2018-07-16,106,26438984,162753548
18-19,2018,2018-04-01,2018-08-01,122,27764350,190517898
18-19,2018,2018-04-01,2018-08-16,137,19024132,209542030
18-19,2018,2018-04-01,2018-09-01,153,25671265,235213295
18-19,2018,2018-04-01,2018-09-16,168,23152756,258366051
18-19,2018,2018-04-01,2018-10-01,183,15687813,274053864
18-19,2018,2018-04-01,2018-10-16,198,14442640,288496504
18-19,2018,2018-04-01,2018-11-01,214,13503456,301999960
18-19,2018,2018-04-01,2018-11-16,229,12590251,314590211
18-19,2018,2018-04-01,2018-12-01,244,7806560,322396771
18-19,2018,2018-04-01,2018-12-16,259,6182178,328578949
18-19,2018,2018-04-01,2019-01-01,275,672991,329251940
18-19,2018,2018-04-01,2019-01-16,290,94350,329346290
18-19,2018,2018-04-01,2019-02-01,306,78720,329425010
18-19,2018,2018-04-01,2019-02-16,321,64729,329489739
18-19,2018,2018-04-01,2019-03-01,334,0,329489739
18-19,2018,2018-04-01,2019-03-16,349,517543,330007282
18-19,2018,2018-04-01,2019-04-01,365,3330887,333338169
19-20,2019,2019-04-01,2019-04-16,15,6569258,6569258
19-20,2019,2019-04-01,2019-05-01,30,18610451,25179709
19-20,2019,2019-04-01,2019-05-16,45,23960432,49140141
19-20,2019,2019-04-01,2019-06-01,61,26427150,75567291
19-20,2019,2019-04-01,2019-06-16,76,24768309,100335600
19-20,2019,2019-04-01,2019-07-01,91,27663488,127999088
19-20,2019,2019-04-01,2019-07-16,106,23186812,151185900
19-20,2019,2019-04-01,2019-08-01,122,29371933,180557833
19-20,2019,2019-04-01,2019-08-16,137,24855837,205413670
19-20,2019,2019-04-01,2019-09-01,153,28417376,233831046
19-20,2019,2019-04-01,2019-09-16,168,23044132,256875178
19-20,2019,2019-04-01,2019-10-01,183,20561560,277436738
19-20,2019,2019-04-01,2019-10-16,198,23166732,300603470
19-20,2019,2019-04-01,2019-11-01,214,19687797,320291267
19-20,2019,2019-04-01,2019-11-16,229,11398349,331689616
19-20,2019,2019-04-01,2019-12-01,244,5708104,337397720
19-20,2019,2019-04-01,2019-12-16,259,1100089,338497809
19-20,2019,2019-04-01,2020-01-01,275,161019,338658828
19-20,2019,2019-04-01,2020-01-16,290,10171,338668999
19-20,2019,2019-04-01,2020-02-01,306,9821,338678820
19-20,2019,2019-04-01,2020-02-16,321,0,338678820
19-20,2019,2019-04-01,2020-03-01,335,0,338678820
19-20,2019,2019-04-01,2020-03-16,350,896480,339575300
19-20,2019,2019-04-01,2020-04-01,366,3738215,343313515
20-21,2020,2020-04-01,2020-04-16,15,13617049,13617049
20-21,2020,2020-04-01,2020-05-01,30,24352686,37969735
20-21,2020,2020-04-01,2020-05-16,45,26754870,64724605
20-21,2020,2020-04-01,2020-06-01,61,25886736,90611341
20-21,2020,2020-04-01,2020-06-16,76,25072838,115684179
20-21,2020,2020-04-01,2020-07-01,91,25109489,140793668
20-21,2020,2020-04-01,2020-07-16,106,27636949,168430617
20-21,2020,2020-04-01,2020-08-01,122,30093933,198524550
20-21,2020,2020-04-01,2020-08-16,137,27429891,225954441
20-21,2020,2020-04-01,2020-09-01,153,25346516,251300957
20-21,2020,2020-04-01,2020-09-16,168,26072121,277373078
20-21,2020,2020-04-01,2020-10-01,183,23686735,301059813
20-21,2020,2020-04-01,2020-10-16,198,21604681,322664494
20-21,2020,2020-04-01,2020-11-01,214,16290301,338954795
20-21,2020,2020-04-01,2020-11-16,229,11387118,350341913
20-21,2020,2020-04-01,2020-12-01,244,3842868,354184781
20-21,2020,2020-04-01,2020-12-16,259,593519,354778300
20-21,2020,2020-04-01,2021-01-01,275,23500,354801800
20-21,2020,2020-04-01,2021-01-16,290,10265,354812065
20-21,2020,2020-04-01,2021-02-01,306,0,354812065
20-21,2020,2020-04-01,2021-02-16,321,0,354812065
20-21,2020,2020-04-01,2021-03-01,334,16595,354828660
20-21,2020,2020-04-01,2021-03-16,349,400565,355229225
20-21,2020,2020-04-01,2021-04-01,365,1278290,356507515
21-22,2021,2021-04-01,2021-04-16,15,6658203,6658203
21-22,2021,2021-04-01,2021-05-01,30,16864206,23522409
21-22,2021,2021-04-01,2021-05-16,45,24613779,48136188
21-22,2021,2021-04-01,2021-06-01,61,26387569,74523757
21-22,2021,2021-04-01,2021-06-16,76,21813902,96337659
21-22,2021,2021-04-01,2021-07-01,91,26922667,123260326
21-22,2021,2021-04-01,2021-07-16,106,26924631,150184957
21-22,2021,2021-04-01,2021-08-01,122,27058475,177243432
21-22,2021,2021-04-01,2021-08-16,137,26212971,203456403
21-22,2021,2021-04-01,2021-09-01,153,25337186,228793589
21-22,2021,2021-04-01,2021-09-16,168,22466839,251260428
21-22,2021,2021-04-01,2021-10-01,183,20785492,272045920
21-22,2021,2021-04-01,2021-10-16,198,11106741,283152661
21-22,2021,2021-04-01,2021-11-01,214,8247982,291400643
21-22,2021,2021-04-01,2021-11-16,229,5880736,297281379
21-22,2021,2021-04-01,2021-12-01,244,1147490,298428869
21-22,2021,2021-04-01,2021-12-16,259,190682,298619551
21-22,2021,2021-04-01,2022-01-01,275,0,298619551
21-22,2021,2021-04-01,2022-01-16,290,0,298619551
21-22,2021,2021-04-01,2022-02-01,306,0,298619551
21-22,2021,2021-04-01,2022-02-16,321,0,298619551
21-22,2021,2021-04-01,2022-03-01,334,0,298619551
21-22,2021,2021-04-01,2022-03-16,349,0,298619551
21-22,2021,2021-04-01,2022-04-01,365,68753,298688304
22-23,2022,2022-04-01,2022-04-16,15,1645300,1645300
22-23,2022,2022-04-01,2022-05-01,30,13036591,14681891
22-23,2022,2022-04-01,2022-05-16,45,19593480,34275371
22-23,2022,2022-04-01,2022-06-01,61,25665257,59940628
22-23,2022,2022-04-01,2022-06-16,76,23108017,83048645
22-23,2022,2022-04-01,2022-07-01,91,24255856,107304501
22-23,2022,2022-04-01,2022-07-16,106,26985739,134290240
22-23,2022,2022-04-01,2022-08-01,122,28588916,162879156
22-23,2022,2022-04-01,2022-08-16,137,21978468,184857624
22-23,2022,2022-04-01,2022-09-01,153,26218172,211075796
22-23,2022,2022-04-01,2022-09-16,168,22575077,233650873
22-23,2022,2022-04-01,2022-10-01,183,14010543,247661416
22-23,2022,2022-04-01,2022-10-16,198,17252861,264914277
22-23,2022,2022-04-01,2022-11-01,214,19490694,284404971
22-23,2022,2022-04-01,2022-11-16,229,16323862,300728833
22-23,2022,2022-04-01,2022-12-01,244,8349751,309078584
22-23,2022,2022-04-01,2022-12-16,259,2061627,311140211
22-23,2022,2022-04-01,2023-01-01,275,963136,312103347
22-23,2022,2022-04-01,2023-01-16,290,0,312103347
22-23,2022,2022-04-01,2023-02-01,306,0,312103347
22-23,2022,2022-04-01,2023-02-16,321,0,312103347
22-23,2022,2022-04-01,2023-03-01,334,17480,312120827
22-23,2022,2022-04-01,2023-03-16,349,222235,312343062
22-23,2022,2022-04-01,2023-04-01,365,2165601,314508663
23-24,2023,2023-04-01,2023-04-16,15,7182000,7182000
23-24,2023,2023-04-01,2023-05-01,30,12320051,19502051
23-24,2023,2023-04-01,2023-05-16,45,26700658,46202709
23-24,2023,2023-04-01,2023-06-01,61,27912557,74115266
23-24,2023,2023-04-01,2023-06-16,76,22887812,97003078
23-24,2023,2023-04-01,2023-07-01,91,24304183,121307261
23-24,2023,2023-04-01,2023-07-16,106,28373941,149681202
23-24,2023,2023-04-01,2023-08-01,122,31112557,180793759
23-24,2023,2023-04-01,2023-08-16,137,28384821,209178580
23-24,2023,2023-04-01,2023-09-01,153,27742788,236921368
23-24,2023,2023-04-01,2023-09-16,168,25209653,262131021
23-24,2023,2023-04-01,2023-10-01,183,26599565,288730586
23-24,2023,2023-04-01,2023-10-16,198,18075225,306805811
23-24,2023,2023-04-01,2023-11-01,214,20364201,327170012
23-24,2023,2023-04-01,2023-11-16,229,22187467,349357479
23-24,2023,2023-04-01,2023-12-01,244,15999892,365357371
23-24,2023,2023-04-01,2023-12-16,259,13726798,379084169
23-24,2023,2023-04-01,2024-01-01,275,3233197,382317366
23-24,2023,2023-04-01,2024-01-16,290,526639,382844005
23-24,2023,2023-04-01,2024-02-01,306,422015,383266020
23-24,2023,2023-04-01,2024-02-16,321,195555,383461575
23-24,2023,2023-04-01,2024-03-01,335,168238,383629813
23-24,2023,2023-04-01,2024-03-16,350,1347975,384977788
23-24,2023,2023-04-01,2024-04-01,366,2624785,387602573
24-25,2024,2024-04-01,2024-04-16,15,10442554,10442554
24-25,2024,2024-04-01,2024-05-01,30,21611246,32053800
24-25,2024,2024-04-01,2024-05-16,45,26209171,58262971
24-25,2024,2024-04-01,2024-06-01,61,26702560,84965531
24-25,2024,2024-04-01,2024-06-16,76,28716040,113681571
24-25,2024,2024-04-01,2024-07-01,91,28289523,141971094
24-25,2024,2024-04-01,2024-07-16,106,25384801,167355895
24-25,2024,2024-04-01,2024-08-01,122,29715823,197071718
24-25,2024,2024-04-01,2024-08-16,137,24634013,221705731
24-25,2024,2024-04-01,2024-09-01,153,25680310,247386041
24-25,2024,2024-04-01,2024-09-16,168,24825767,272211808
24-25,2024,2024-04-01,2024-10-01,183,22823992,295035800
24-25,2024,2024-04-01,2024-10-16,198,19908274,314944074
24-25,2024,2024-04-01,2024-11-01,214,15155722,330099796
24-25,2024,2024-04-01,2024-11-16,229,8182158,338281954
24-25,2024,2024-04-01,2024-12-01,244,11929073,350211027
24-25,2024,2024-04-01,2024-12-16,259,3866849,354077876
24-25,2024,2024-04-01,2025-01-01,275,477844,354555720
24-25,2024,2024-04-01,2025-01-16,290,0,354555720
24-25,2024,2024-04-01,2025-02-01,306,0,354555720
24-25,2024,2024-04-01,2025-02-16,321,0,354555720
24-25,2024,2024-04-01,2025-03-01,334,0,354555720
24-25,2024,2024-04-01,2025-03-16,349,948546,355504266
24-25,2024,2024-04-01,2025-04-01,365,1945177,357449443
25-26,2025,2025-04-01,2025-04-16,15,8253154,8253154
25-26,2025,2025-04-01,2025-05-01,30,10028593,18281747
25-26,2025,2025-04-01,2025-05-16,45,24240417,42522164
25-26,2025,2025-04-01,2025-06-01,61,28069872,70592036
25-26,2025,2025-04-01,2025-06-16,76,20849479,91441515
25-26,2025,2025-04-01,2025-07-01,91,24491032,115932547
25-26,2025,2025-04-01,2025-07-16,106,28567715,144500262
25-26,2025,2025-04-01,2025-08-01,122,28561403,173061665
25-26,2025,2025-04-01,2025-08-16,137,27900819,200962484
25-26,2025,2025-04-01,2025-09-01,153,28671539,229634023
25-26,2025,2025-04-01,2025-09-16,168,26357017,255991040
25-26,2025,2025-04-01,2025-10-01,183,23359401,279350441
25-26,2025,2025-04-01,2025-10-16,198,18973712,298324153
25-26,2025,2025-04-01,2025-11-01,214,17744238,316068391
25-26,2025,2025-04-01,2025-11-16,229,11065987,327134378
25-26,2025,2025-04-01,2025-12-01,244,9629360,336763738
25-26,2025,2025-04-01,2025-12-16,259,3294011,340057749
25-26,2025,2025-04-01,2026-01-01,275,926116,340983865
25-26,2025,2025-04-01,2026-01-16,290,162615,341146480
25-26,2025,2025-04-01,2026-02-01,306,0,341146480
25-26,2025,2025-04-01,2026-02-16,321,0,341146480
25-26,2025,2025-04-01,2026-03-01,334,47449,341193929
25-26,2025,2025-04-01,2026-03-16,349,419996,341613925
25-26,2025,2025-04-01,2026-04-01,365,3319140,344933065
26-27,2026,2026-04-01,2026-04-16,15,11007246,11007246
26-27,2026,2026-04-01,2026-05-01,30,23205875,34213121
26-27,2026,2026-04-01,2026-05-16,45,24930548,59143669
26-27,2026,2026-04-01,2026-06-01,61,21983169,81126838
