season,period_end_date,region,crush_tonnes
10-11,2010-04-16,other_states,6600002
10-11,2010-04-16,sao_paulo,14195434
10-11,2010-05-01,other_states,9135525
10-11,2010-05-01,sao_paulo,21668451
10-11,2010-05-16,other_states,11485522
10-11,2010-05-16,sao_paulo,23640924
10-11,2010-06-01,other_states,12841527
10-11,2010-06-01,sao_paulo,27664994
10-11,2010-06-16,other_states,14183673
10-11,2010-06-16,sao_paulo,25583121
10-11,2010-07-01,other_states,14842815
10-11,2010-07-01,sao_paulo,26940293
10-11,2010-07-16,other_states,14500291
10-11,2010-07-16,sao_paulo,24427141
10-11,2010-08-01,other_states,15025240
10-11,2010-08-01,sao_paulo,28169496
10-11,2010-08-16,other_states,14465285
10-11,2010-08-16,sao_paulo,25768504
10-11,2010-09-01,other_states,15770300
10-11,2010-09-01,sao_paulo,26297143
10-11,2010-09-16,other_states,13827567
10-11,2010-09-16,sao_paulo,23676697
10-11,2010-10-01,other_states,10788912
10-11,2010-10-01,sao_paulo,16439265
10-11,2010-10-16,other_states,9575821
10-11,2010-10-16,sao_paulo,16651855
10-11,2010-11-01,other_states,10205517
10-11,2010-11-01,sao_paulo,19915800
10-11,2010-11-16,other_states,8196271
10-11,2010-11-16,sao_paulo,16188734
10-11,2010-12-01,other_states,6824147
10-11,2010-12-01,sao_paulo,11683223
10-11,2010-12-16,other_states,4242308
10-11,2010-12-16,sao_paulo,4548205
10-11,2011-01-01,other_states,1418244
10-11,2011-01-01,sao_paulo,1057979
10-11,2011-01-16,other_states,306696
10-11,2011-01-16,sao_paulo,259789
10-11,2011-02-01,other_states,242146
10-11,2011-02-01,sao_paulo,34788
10-11,2011-02-16,other_states,203303
10-11,2011-02-16,sao_paulo,39731
10-11,2011-03-01,other_states,131992
10-11,2011-03-01,sao_paulo,66161
10-11,2011-03-16,other_states,147997
10-11,2011-03-16,sao_paulo,110327
10-11,2011-04-01,other_states,952065
10-11,2011-04-01,sao_paulo,855214
11-12,2011-04-16,other_states,2472835
11-12,2011-04-16,sao_paulo,2721392
11-12,2011-05-01,other_states,6271498
11-12,2011-05-01,sao_paulo,10742689
11-12,2011-05-16,other_states,11541016
11-12,2011-05-16,sao_paulo,21671528
11-12,2011-06-01,other_states,15463510
11-12,2011-06-01,sao_paulo,27771413
11-12,2011-06-16,other_states,13122042
11-12,2011-06-16,sao_paulo,21871027
11-12,2011-07-01,other_states,15547462
11-12,2011-07-01,sao_paulo,26703925
11-12,2011-07-16,other_states,14448412
11-12,2011-07-16,sao_paulo,26134845
11-12,2011-08-01,other_states,14565580
11-12,2011-08-01,sao_paulo,27200543
11-12,2011-08-16,other_states,14710977
11-12,2011-08-16,sao_paulo,24033676
11-12,2011-09-01,other_states,15609453
11-12,2011-09-01,sao_paulo,25106265
11-12,2011-09-16,other_states,13969805
11-12,2011-09-16,sao_paulo,23238046
11-12,2011-10-01,other_states,13865273
11-12,2011-10-01,sao_paulo,23007849
11-12,2011-10-16,other_states,9468616
11-12,2011-10-16,sao_paulo,13969339
11-12,2011-11-01,other_states,9345370
11-12,2011-11-01,sao_paulo,13785163
11-12,2011-11-16,other_states,8031006
11-12,2011-11-16,sao_paulo,10562075
11-12,2011-12-01,other_states,4972357
11-12,2011-12-01,sao_paulo,4252312
11-12,2011-12-16,other_states,2078428
11-12,2011-12-16,sao_paulo,661424
11-12,2012-01-01,other_states,878876
11-12,2012-01-01,sao_paulo,41013
11-12,2012-01-16,other_states,461287
11-12,2012-01-16,sao_paulo,0
11-12,2012-02-01,other_states,476637
11-12,2012-02-01,sao_paulo,0
11-12,2012-02-16,other_states,303125
11-12,2012-02-16,sao_paulo,8445
11-12,2012-03-01,other_states,269781
11-12,2012-03-01,sao_paulo,15498
11-12,2012-03-16,other_states,207036
11-12,2012-03-16,sao_paulo,5747
11-12,2012-04-01,other_states,191116
11-12,2012-04-01,sao_paulo,121963
12-13,2012-04-16,other_states,2176603
12-13,2012-04-16,sao_paulo,2026319
12-13,2012-05-01,other_states,4773551
12-13,2012-05-01,sao_paulo,4622756
12-13,2012-05-16,other_states,9555799
12-13,2012-05-16,sao_paulo,11325318
12-13,2012-06-01,other_states,12912208
12-13,2012-06-01,sao_paulo,22871657
12-13,2012-06-16,other_states,11732709
12-13,2012-06-16,sao_paulo,14144114
12-13,2012-07-01,other_states,12958913
12-13,2012-07-01,sao_paulo,18744031
12-13,2012-07-16,other_states,15996352
12-13,2012-07-16,sao_paulo,26198737
12-13,2012-08-01,other_states,17958654
12-13,2012-08-01,sao_paulo,28318471
12-13,2012-08-16,other_states,16652811
12-13,2012-08-16,sao_paulo,27593573
12-13,2012-09-01,other_states,17434858
12-13,2012-09-01,sao_paulo,29084127
12-13,2012-09-16,other_states,15858921
12-13,2012-09-16,sao_paulo,26108921
12-13,2012-10-01,other_states,12915391
12-13,2012-10-01,sao_paulo,18852723
12-13,2012-10-16,other_states,13481922
12-13,2012-10-16,sao_paulo,24514140
12-13,2012-11-01,other_states,13645384
12-13,2012-11-01,sao_paulo,22501287
12-13,2012-11-16,other_states,8546764
12-13,2012-11-16,sao_paulo,17945283
12-13,2012-12-01,other_states,8990416
12-13,2012-12-01,sao_paulo,19617060
12-13,2012-12-16,other_states,4997240
12-13,2012-12-16,sao_paulo,12564716
12-13,2013-01-01,other_states,1222513
12-13,2013-01-01,sao_paulo,1933044
12-13,2013-01-16,other_states,180050
12-13,2013-01-16,sao_paulo,362283
12-13,2013-02-01,other_states,187158
12-13,2013-02-01,sao_paulo,219628
12-13,2013-02-16,other_states,132890
12-13,2013-02-16,sao_paulo,22403
12-13,2013-03-01,other_states,35942
12-13,2013-03-01,sao_paulo,100094
12-13,2013-03-16,other_states,105636
12-13,2013-03-16,sao_paulo,139326
12-13,2013-04-01,other_states,864579
12-13,2013-04-01,sao_paulo,937700
13-14,2013-04-16,other_states,2518077
13-14,2013-04-16,sao_paulo,5214640
13-14,2013-05-01,other_states,11703887
13-14,2013-05-01,sao_paulo,20438461
13-14,2013-05-16,other_states,14053461
13-14,2013-05-16,sao_paulo,26368975
13-14,2013-06-01,other_states,14055788
13-14,2013-06-01,sao_paulo,21487906
13-14,2013-06-16,other_states,14321490
13-14,2013-06-16,sao_paulo,21330218
13-14,2013-07-01,other_states,11342033
13-14,2013-07-01,sao_paulo,18062770
13-14,2013-07-16,other_states,16777129
13-14,2013-07-16,sao_paulo,26215613
13-14,2013-08-01,other_states,17772961
13-14,2013-08-01,sao_paulo,26659518
13-14,2013-08-16,other_states,18316154
13-14,2013-08-16,sao_paulo,28155642
13-14,2013-09-01,other_states,19097706
13-14,2013-09-01,sao_paulo,29711868
13-14,2013-09-16,other_states,16283195
13-14,2013-09-16,sao_paulo,26815205
13-14,2013-10-01,other_states,14167282
13-14,2013-10-01,sao_paulo,19903415
13-14,2013-10-16,other_states,12732056
13-14,2013-10-16,sao_paulo,18556530
13-14,2013-11-01,other_states,14378177
13-14,2013-11-01,sao_paulo,24560366
13-14,2013-11-16,other_states,12022833
13-14,2013-11-16,sao_paulo,20291146
13-14,2013-12-01,other_states,9888573
13-14,2013-12-01,sao_paulo,16154143
13-14,2013-12-16,other_states,6687513
13-14,2013-12-16,sao_paulo,11383040
13-14,2014-01-01,other_states,1639668
13-14,2014-01-01,sao_paulo,4098865
13-14,2014-01-16,other_states,277589
13-14,2014-01-16,sao_paulo,381904
13-14,2014-02-01,other_states,167550
13-14,2014-02-01,sao_paulo,143231
13-14,2014-02-16,other_states,129947
13-14,2014-02-16,sao_paulo,19324
13-14,2014-03-01,other_states,54351
13-14,2014-03-01,sao_paulo,0
13-14,2014-03-16,other_states,64870
13-14,2014-03-16,sao_paulo,35957
13-14,2014-04-01,other_states,1629829
13-14,2014-04-01,sao_paulo,2906505
14-15,2014-04-16,other_states,4681962
14-15,2014-04-16,sao_paulo,7986588
14-15,2014-05-01,other_states,8447147
14-15,2014-05-01,sao_paulo,15502871
14-15,2014-05-16,other_states,14421045
14-15,2014-05-16,sao_paulo,24513890
14-15,2014-06-01,other_states,14007124
14-15,2014-06-01,sao_paulo,23995751
14-15,2014-06-16,other_states,14674464
14-15,2014-06-16,sao_paulo,26857427
14-15,2014-07-01,other_states,17115789
14-15,2014-07-01,sao_paulo,27027825
14-15,2014-07-16,other_states,15863207
14-15,2014-07-16,sao_paulo,25535610
14-15,2014-08-01,other_states,13496951
14-15,2014-08-01,sao_paulo,22497988
14-15,2014-08-16,other_states,18042328
14-15,2014-08-16,sao_paulo,26819329
14-15,2014-09-01,other_states,19530024
14-15,2014-09-01,sao_paulo,27916436
14-15,2014-09-16,other_states,16247911
14-15,2014-09-16,sao_paulo,23685731
14-15,2014-10-01,other_states,13213054
14-15,2014-10-01,sao_paulo,15603282
14-15,2014-10-16,other_states,16457063
14-15,2014-10-16,sao_paulo,22952033
14-15,2014-11-01,other_states,14863166
14-15,2014-11-01,sao_paulo,19605523
14-15,2014-11-16,other_states,11000319
14-15,2014-11-16,sao_paulo,12136735
14-15,2014-12-01,other_states,8772735
14-15,2014-12-01,sao_paulo,6993255
14-15,2014-12-16,other_states,6441988
14-15,2014-12-16,sao_paulo,3720680
14-15,2015-01-01,other_states,2301360
14-15,2015-01-01,sao_paulo,1385723
14-15,2015-01-16,other_states,802165
14-15,2015-01-16,sao_paulo,416881
14-15,2015-02-01,other_states,664534
14-15,2015-02-01,sao_paulo,156592
14-15,2015-02-16,other_states,369324
14-15,2015-02-16,sao_paulo,94751
14-15,2015-03-01,other_states,419173
14-15,2015-03-01,sao_paulo,73015
14-15,2015-03-16,other_states,901171
14-15,2015-03-16,sao_paulo,335786
14-15,2015-04-01,other_states,3423966
14-15,2015-04-01,sao_paulo,1173325
15-16,2015-04-16,other_states,6785639
15-16,2015-04-16,sao_paulo,6260159
15-16,2015-05-01,other_states,10958044
15-16,2015-05-01,sao_paulo,16159620
15-16,2015-05-16,other_states,12361939
15-16,2015-05-16,sao_paulo,16309353
15-16,2015-06-01,other_states,15921642
15-16,2015-06-01,sao_paulo,24604258
15-16,2015-06-16,other_states,16307523
15-16,2015-06-16,sao_paulo,23349874
15-16,2015-07-01,other_states,18566876
15-16,2015-07-01,sao_paulo,28209978
15-16,2015-07-16,other_states,12766011
15-16,2015-07-16,sao_paulo,16636313
15-16,2015-08-01,other_states,19328949
15-16,2015-08-01,sao_paulo,30338846
15-16,2015-08-16,other_states,19411188
15-16,2015-08-16,sao_paulo,28397118
15-16,2015-09-01,other_states,19176991
15-16,2015-09-01,sao_paulo,28303881
15-16,2015-09-16,other_states,14034233
15-16,2015-09-16,sao_paulo,15657756
15-16,2015-10-01,other_states,16281427
15-16,2015-10-01,sao_paulo,24367956
15-16,2015-10-16,other_states,13340103
15-16,2015-10-16,sao_paulo,22976350
15-16,2015-11-01,other_states,15533263
15-16,2015-11-01,sao_paulo,23116705
15-16,2015-11-16,other_states,10965246
15-16,2015-11-16,sao_paulo,14736915
15-16,2015-12-01,other_states,7196367
15-16,2015-12-01,sao_paulo,11645832
15-16,2015-12-16,other_states,5544704
15-16,2015-12-16,sao_paulo,12448059
15-16,2016-01-01,other_states,3281871
15-16,2016-01-01,sao_paulo,7278677
15-16,2016-01-16,other_states,529940
15-16,2016-01-16,sao_paulo,1354770
15-16,2016-02-01,other_states,1848052
15-16,2016-02-01,sao_paulo,2194562
15-16,2016-02-16,other_states,1146128
15-16,2016-02-16,sao_paulo,1627319
15-16,2016-03-01,other_states,555634
15-16,2016-03-01,sao_paulo,497817
15-16,2016-03-16,other_states,2576281
15-16,2016-03-16,sao_paulo,2724979
15-16,2016-04-01,other_states,4968700
15-16,2016-04-01,sao_paulo,9125534
16-17,2016-04-16,other_states,12129681
16-17,2016-04-16,sao_paulo,20807630
16-17,2016-05-01,other_states,13230965
16-17,2016-05-01,sao_paulo,23003133
16-17,2016-05-16,other_states,14485853
16-17,2016-05-16,sao_paulo,25206199
16-17,2016-06-01,other_states,13823349
16-17,2016-06-01,sao_paulo,18683238
16-17,2016-06-16,other_states,13665563
16-17,2016-06-16,sao_paulo,12321236
16-17,2016-07-01,other_states,19203867
16-17,2016-07-01,sao_paulo,29029926
16-17,2016-07-16,other_states,18830640
16-17,2016-07-16,sao_paulo,28253138
16-17,2016-08-01,other_states,19502273
16-17,2016-08-01,sao_paulo,29927804
16-17,2016-08-16,other_states,17993773
16-17,2016-08-16,sao_paulo,27140144
16-17,2016-09-01,other_states,15201104
16-17,2016-09-01,sao_paulo,23395782
16-17,2016-09-16,other_states,15913984
16-17,2016-09-16,sao_paulo,21967440
16-17,2016-10-01,other_states,16334551
16-17,2016-10-01,sao_paulo,26192880
16-17,2016-10-16,other_states,11914141
16-17,2016-10-16,sao_paulo,20278613
16-17,2016-11-01,other_states,12633880
16-17,2016-11-01,sao_paulo,19177780
16-17,2016-11-16,other_states,8812472
16-17,2016-11-16,sao_paulo,12958752
16-17,2016-12-01,other_states,6557525
16-17,2016-12-01,sao_paulo,13124161
16-17,2016-12-16,other_states,2535695
16-17,2016-12-16,sao_paulo,4693123
16-17,2017-01-01,other_states,965348
16-17,2017-01-01,sao_paulo,2155237
16-17,2017-01-16,other_states,561762
16-17,2017-01-16,sao_paulo,620064
16-17,2017-02-01,other_states,512050
16-17,2017-02-01,sao_paulo,77298
16-17,2017-02-16,other_states,609027
16-17,2017-02-16,sao_paulo,302686
16-17,2017-03-01,other_states,907477
16-17,2017-03-01,sao_paulo,252288
16-17,2017-03-16,other_states,1546957
16-17,2017-03-16,sao_paulo,1732905
16-17,2017-04-01,other_states,3275121
16-17,2017-04-01,sao_paulo,4688182
17-18,2017-04-16,other_states,7096464
17-18,2017-04-16,sao_paulo,10584086
17-18,2017-05-01,other_states,9390449
17-18,2017-05-01,sao_paulo,14873661
17-18,2017-05-16,other_states,14716722
17-18,2017-05-16,sao_paulo,23856681
17-18,2017-06-01,other_states,13217350
17-18,2017-06-01,sao_paulo,18473518
17-18,2017-06-16,other_states,15241018
17-18,2017-06-16,sao_paulo,24265890
17-18,2017-07-01,other_states,18685679
17-18,2017-07-01,sao_paulo,29029167
17-18,2017-07-16,other_states,19346138
17-18,2017-07-16,sao_paulo,28653598
17-18,2017-08-01,other_states,20624851
17-18,2017-08-01,sao_paulo,30282403
17-18,2017-08-16,other_states,18151549
17-18,2017-08-16,sao_paulo,27284675
17-18,2017-09-01,other_states,16775347
17-18,2017-09-01,sao_paulo,22300257
17-18,2017-09-16,other_states,18021165
17-18,2017-09-16,sao_paulo,27451945
17-18,2017-10-01,other_states,15957629
17-18,2017-10-01,sao_paulo,24502349
17-18,2017-10-16,other_states,13103438
17-18,2017-10-16,sao_paulo,19416402
17-18,2017-11-01,other_states,12492250
17-18,2017-11-01,sao_paulo,17651976
17-18,2017-11-16,other_states,9276204
17-18,2017-11-16,sao_paulo,14173536
17-18,2017-12-01,other_states,6701469
17-18,2017-12-01,sao_paulo,8569409
17-18,2017-12-16,other_states,3787341
17-18,2017-12-16,sao_paulo,6729259
17-18,2018-01-01,other_states,1003489
17-18,2018-01-01,sao_paulo,1552564
17-18,2018-01-16,other_states,164605
17-18,2018-01-16,sao_paulo,1817
17-18,2018-02-01,other_states,397004
17-18,2018-02-01,sao_paulo,23761
17-18,2018-02-16,other_states,472215
17-18,2018-02-16,sao_paulo,104563
17-18,2018-03-01,other_states,647434
17-18,2018-03-01,sao_paulo,83504
17-18,2018-03-16,other_states,1250285
17-18,2018-03-16,sao_paulo,2170746
17-18,2018-04-01,other_states,2667242
17-18,2018-04-01,sao_paulo,5106575
18-19,2018-04-16,other_states,8957130
18-19,2018-04-16,sao_paulo,13402788
18-19,2018-05-01,other_states,14223671
18-19,2018-05-01,sao_paulo,23586853
18-19,2018-05-16,other_states,16617172
18-19,2018-05-16,sao_paulo,26166587
18-19,2018-06-01,other_states,12495107
18-19,2018-06-01,sao_paulo,20139093
18-19,2018-06-16,other_states,16342633
18-19,2018-06-16,sao_paulo,26179990
18-19,2018-07-01,other_states,18697684
18-19,2018-07-01,sao_paulo,26839253
18-19,2018-07-16,other_states,18774559
18-19,2018-07-16,sao_paulo,26438984
18-19,2018-08-01,other_states,19901812
18-19,2018-08-01,sao_paulo,27764350
18-19,2018-08-16,other_states,14666591
18-19,2018-08-16,sao_paulo,19024132
18-19,2018-09-01,other_states,17852190
18-19,2018-09-01,sao_paulo,25671265
18-19,2018-09-16,other_states,15616174
18-19,2018-09-16,sao_paulo,23152756
18-19,2018-10-01,other_states,12144296
18-19,2018-10-01,sao_paulo,15687813
18-19,2018-10-16,other_states,11185097
18-19,2018-10-16,sao_paulo,14442640
18-19,2018-11-01,other_states,11475642
18-19,2018-11-01,sao_paulo,13503456
18-19,2018-11-16,other_states,8871878
18-19,2018-11-16,sao_paulo,12590251
18-19,2018-12-01,other_states,6834287
18-19,2018-12-01,sao_paulo,7806560
18-19,2018-12-16,other_states,6731171
18-19,2018-12-16,sao_paulo,6182178
18-19,2019-01-01,other_states,1872987
18-19,2019-01-01,sao_paulo,672991
18-19,2019-01-16,other_states,461875
18-19,2019-01-16,sao_paulo,94350
18-19,2019-02-01,other_states,484703
18-19,2019-02-01,sao_paulo,78720
18-19,2019-02-16,other_states,215180
18-19,2019-02-16,sao_paulo,64729
18-19,2019-03-01,other_states,543370
18-19,2019-03-01,sao_paulo,0
18-19,2019-03-16,other_states,1073927
18-19,2019-03-16,sao_paulo,517543
18-19,2019-04-01,other_states,3791443
18-19,2019-04-01,sao_paulo,3330887
19-20,2019-04-16,other_states,7330278
19-20,2019-04-16,sao_paulo,6569258
19-20,2019-05-01,other_states,13118303
19-20,2019-05-01,sao_paulo,18610451
19-20,2019-05-16,other_states,15079880
19-20,2019-05-16,sao_paulo,23960432
19-20,2019-06-01,other_states,17876680
19-20,2019-06-01,sao_paulo,26427150
19-20,2019-06-16,other_states,17741140
19-20,2019-06-16,sao_paulo,24768309
19-20,2019-07-01,other_states,18813988
19-20,2019-07-01,sao_paulo,27663488
19-20,2019-07-16,other_states,17767507
19-20,2019-07-16,sao_paulo,23186812
19-20,2019-08-01,other_states,20476488
19-20,2019-08-01,sao_paulo,29371933
19-20,2019-08-16,other_states,17953543
19-20,2019-08-16,sao_paulo,24855837
19-20,2019-09-01,other_states,19487633
19-20,2019-09-01,sao_paulo,28417376
19-20,2019-09-16,other_states,16524568
19-20,2019-09-16,sao_paulo,23044132
19-20,2019-10-01,other_states,14611985
19-20,2019-10-01,sao_paulo,20561560
19-20,2019-10-16,other_states,14423975
19-20,2019-10-16,sao_paulo,23166732
19-20,2019-11-01,other_states,13072008
19-20,2019-11-01,sao_paulo,19687797
19-20,2019-11-16,other_states,8493409
19-20,2019-11-16,sao_paulo,11398349
19-20,2019-12-01,other_states,5171850
19-20,2019-12-01,sao_paulo,5708104
19-20,2019-12-16,other_states,1475418
19-20,2019-12-16,sao_paulo,1100089
19-20,2020-01-01,other_states,572022
19-20,2020-01-01,sao_paulo,161019
19-20,2020-01-16,other_states,117430
19-20,2020-01-16,sao_paulo,10171
19-20,2020-02-01,other_states,76980
19-20,2020-02-01,sao_paulo,9821
19-20,2020-02-16,other_states,170420
19-20,2020-02-16,sao_paulo,0
19-20,2020-03-01,other_states,458456
19-20,2020-03-01,sao_paulo,0
19-20,2020-03-16,other_states,2059394
19-20,2020-03-16,sao_paulo,896480
19-20,2020-04-01,other_states,3737055
19-20,2020-04-01,sao_paulo,3738215
20-21,2020-04-16,other_states,8893242
20-21,2020-04-16,sao_paulo,13617049
20-21,2020-05-01,other_states,13839117
20-21,2020-05-01,sao_paulo,24352686
20-21,2020-05-16,other_states,15583790
20-21,2020-05-16,sao_paulo,26754870
20-21,2020-06-01,other_states,16538205
20-21,2020-06-01,sao_paulo,25886736
20-21,2020-06-16,other_states,16738787
20-21,2020-06-16,sao_paulo,25072838
20-21,2020-07-01,other_states,18007274
20-21,2020-07-01,sao_paulo,25109489
20-21,2020-07-16,other_states,19118283
20-21,2020-07-16,sao_paulo,27636949
20-21,2020-08-01,other_states,20746700
20-21,2020-08-01,sao_paulo,30093933
20-21,2020-08-16,other_states,19150790
20-21,2020-08-16,sao_paulo,27429891
20-21,2020-09-01,other_states,16901552
20-21,2020-09-01,sao_paulo,25346516
20-21,2020-09-16,other_states,18600382
20-21,2020-09-16,sao_paulo,26072121
20-21,2020-10-01,other_states,16696919
20-21,2020-10-01,sao_paulo,23686735
20-21,2020-10-16,other_states,15381877
20-21,2020-10-16,sao_paulo,21604681
20-21,2020-11-01,other_states,10641826
20-21,2020-11-01,sao_paulo,16290301
20-21,2020-11-16,other_states,8978124
20-21,2020-11-16,sao_paulo,11387118
20-21,2020-12-01,other_states,4892927
20-21,2020-12-01,sao_paulo,3842868
20-21,2020-12-16,other_states,1435590
20-21,2020-12-16,sao_paulo,593519
20-21,2021-01-01,other_states,429789
20-21,2021-01-01,sao_paulo,23500
20-21,2021-01-16,other_states,202314
20-21,2021-01-16,sao_paulo,10265
20-21,2021-02-01,other_states,44506
20-21,2021-02-01,sao_paulo,0
20-21,2021-02-16,other_states,486891
20-21,2021-02-16,sao_paulo,0
20-21,2021-03-01,other_states,652389
20-21,2021-03-01,sao_paulo,16595
20-21,2021-03-16,other_states,1276928
20-21,2021-03-16,sao_paulo,400565
20-21,2021-04-01,other_states,3716552
20-21,2021-04-01,sao_paulo,1278290
21-22,2021-04-16,other_states,9006782
21-22,2021-04-16,sao_paulo,6658203
21-22,2021-05-01,other_states,12811035
21-22,2021-05-01,sao_paulo,16864206
21-22,2021-05-16,other_states,16878033
21-22,2021-05-16,sao_paulo,24613779
21-22,2021-06-01,other_states,17350542
21-22,2021-06-01,sao_paulo,26387569
21-22,2021-06-16,other_states,14741026
21-22,2021-06-16,sao_paulo,21813902
21-22,2021-07-01,other_states,18621538
21-22,2021-07-01,sao_paulo,26922667
21-22,2021-07-16,other_states,19263210
21-22,2021-07-16,sao_paulo,26924631
21-22,2021-08-01,other_states,19916196
21-22,2021-08-01,sao_paulo,27058475
21-22,2021-08-16,other_states,18617801
21-22,2021-08-16,sao_paulo,26212971
21-22,2021-09-01,other_states,17978661
21-22,2021-09-01,sao_paulo,25337186
21-22,2021-09-16,other_states,16108267
21-22,2021-09-16,sao_paulo,22466839
21-22,2021-10-01,other_states,15246732
21-22,2021-10-01,sao_paulo,20785492
21-22,2021-10-16,other_states,8630587
21-22,2021-10-16,sao_paulo,11106741
21-22,2021-11-01,other_states,8810769
21-22,2021-11-01,sao_paulo,8247982
21-22,2021-11-16,other_states,6701462
21-22,2021-11-16,sao_paulo,5880736
21-22,2021-12-01,other_states,2727545
21-22,2021-12-01,sao_paulo,1147490
21-22,2021-12-16,other_states,577965
21-22,2021-12-16,sao_paulo,190682
21-22,2022-01-01,other_states,8458
21-22,2022-01-01,sao_paulo,0
21-22,2022-01-16,other_states,0
21-22,2022-01-16,sao_paulo,0
21-22,2022-02-01,other_states,0
21-22,2022-02-01,sao_paulo,0
21-22,2022-02-16,other_states,0
21-22,2022-02-16,sao_paulo,0
21-22,2022-03-01,other_states,159380
21-22,2022-03-01,sao_paulo,0
21-22,2022-03-16,other_states,142352
21-22,2022-03-16,sao_paulo,0
21-22,2022-04-01,other_states,1112378
21-22,2022-04-01,sao_paulo,68753
22-23,2022-04-16,other_states,3642406
22-23,2022-04-16,sao_paulo,1645300
22-23,2022-05-01,other_states,10977937
22-23,2022-05-01,sao_paulo,13036591
22-23,2022-05-16,other_states,14696280
22-23,2022-05-16,sao_paulo,19593480
22-23,2022-06-01,other_states,18127069
22-23,2022-06-01,sao_paulo,25665257
22-23,2022-06-16,other_states,15565130
22-23,2022-06-16,sao_paulo,23108017
22-23,2022-07-01,other_states,17825922
22-23,2022-07-01,sao_paulo,24255856
22-23,2022-07-16,other_states,19433218
22-23,2022-07-16,sao_paulo,26985739
22-23,2022-08-01,other_states,20534965
22-23,2022-08-01,sao_paulo,28588916
22-23,2022-08-16,other_states,16820500
22-23,2022-08-16,sao_paulo,21978468
22-23,2022-09-01,other_states,17990407
22-23,2022-09-01,sao_paulo,26218172
22-23,2022-09-16,other_states,17068523
22-23,2022-09-16,sao_paulo,22575077
22-23,2022-10-01,other_states,11287643
22-23,2022-10-01,sao_paulo,14010543
22-23,2022-10-16,other_states,10598487
22-23,2022-10-16,sao_paulo,17252861
22-23,2022-11-01,other_states,12487588
22-23,2022-11-01,sao_paulo,19490694
22-23,2022-11-16,other_states,10000542
22-23,2022-11-16,sao_paulo,16323862
22-23,2022-12-01,other_states,8005540
22-23,2022-12-01,sao_paulo,8349751
22-23,2022-12-16,other_states,3481015
22-23,2022-12-16,sao_paulo,2061627
22-23,2023-01-01,other_states,1745508
22-23,2023-01-01,sao_paulo,963136
22-23,2023-01-16,other_states,439833
22-23,2023-01-16,sao_paulo,0
22-23,2023-02-01,other_states,307297
22-23,2023-02-01,sao_paulo,0
22-23,2023-02-16,other_states,73179
22-23,2023-02-16,sao_paulo,0
22-23,2023-03-01,other_states,54314
22-23,2023-03-01,sao_paulo,17480
22-23,2023-03-16,other_states,383059
22-23,2023-03-16,sao_paulo,222235
22-23,2023-04-01,other_states,2570319
22-23,2023-04-01,sao_paulo,2165601
23-24,2023-04-16,other_states,6673374
23-24,2023-04-16,sao_paulo,7182000
23-24,2023-05-01,other_states,9115488
23-24,2023-05-01,sao_paulo,12320051
23-24,2023-05-16,other_states,17857891
23-24,2023-05-16,sao_paulo,26700658
23-24,2023-06-01,other_states,18857959
23-24,2023-06-01,sao_paulo,27912557
23-24,2023-06-16,other_states,17780950
23-24,2023-06-16,sao_paulo,22887812
23-24,2023-07-01,other_states,18890297
23-24,2023-07-01,sao_paulo,24304183
23-24,2023-07-16,other_states,20169595
23-24,2023-07-16,sao_paulo,28373941
23-24,2023-08-01,other_states,21982196
23-24,2023-08-01,sao_paulo,31112557
23-24,2023-08-16,other_states,19556236
23-24,2023-08-16,sao_paulo,28384821
23-24,2023-09-01,other_states,18839811
23-24,2023-09-01,sao_paulo,27742788
23-24,2023-09-16,other_states,16693638
23-24,2023-09-16,sao_paulo,25209653
23-24,2023-10-01,other_states,18352730
23-24,2023-10-01,sao_paulo,26599565
23-24,2023-10-16,other_states,14852341
23-24,2023-10-16,sao_paulo,18075225
23-24,2023-11-01,other_states,14294707
23-24,2023-11-01,sao_paulo,20364201
23-24,2023-11-16,other_states,12695948
23-24,2023-11-16,sao_paulo,22187467
23-24,2023-12-01,other_states,7997285
23-24,2023-12-01,sao_paulo,15999892
23-24,2023-12-16,other_states,5587963
23-24,2023-12-16,sao_paulo,13726798
23-24,2024-01-01,other_states,1688673
23-24,2024-01-01,sao_paulo,3233197
23-24,2024-01-16,other_states,583669
23-24,2024-01-16,sao_paulo,526639
23-24,2024-02-01,other_states,287749
23-24,2024-02-01,sao_paulo,422015
23-24,2024-02-16,other_states,353029
23-24,2024-02-16,sao_paulo,195555
23-24,2024-03-01,other_states,383494
23-24,2024-03-01,sao_paulo,168238
23-24,2024-03-16,other_states,875904
23-24,2024-03-16,sao_paulo,1347975
23-24,2024-04-01,other_states,2475667
23-24,2024-04-01,sao_paulo,2624785
24-25,2024-04-16,other_states,5674389
24-25,2024-04-16,sao_paulo,10442554
24-25,2024-05-01,other_states,13387084
24-25,2024-05-01,sao_paulo,21611246
24-25,2024-05-16,other_states,18855351
24-25,2024-05-16,sao_paulo,26209171
24-25,2024-06-01,other_states,18657138
24-25,2024-06-01,sao_paulo,26702560
24-25,2024-06-16,other_states,20681308
24-25,2024-06-16,sao_paulo,28716040
24-25,2024-07-01,other_states,20718716
24-25,2024-07-01,sao_paulo,28289523
24-25,2024-07-16,other_states,18026926
24-25,2024-07-16,sao_paulo,25384801
24-25,2024-08-01,other_states,21874413
24-25,2024-08-01,sao_paulo,29715823
24-25,2024-08-16,other_states,19399899
24-25,2024-08-16,sao_paulo,24634013
24-25,2024-09-01,other_states,19548331
24-25,2024-09-01,sao_paulo,25680310
24-25,2024-09-16,other_states,18163729
24-25,2024-09-16,sao_paulo,24825767
24-25,2024-10-01,other_states,16020196
24-25,2024-10-01,sao_paulo,22823992
24-25,2024-10-16,other_states,14028502
24-25,2024-10-16,sao_paulo,19908274
24-25,2024-11-01,other_states,12050054
24-25,2024-11-01,sao_paulo,15155722
24-25,2024-11-16,other_states,8226505
24-25,2024-11-16,sao_paulo,8182158
24-25,2024-12-01,other_states,8336702
24-25,2024-12-01,sao_paulo,11929073
24-25,2024-12-16,other_states,4947572
24-25,2024-12-16,sao_paulo,3866849
24-25,2025-01-01,other_states,1236644
24-25,2025-01-01,sao_paulo,477844
24-25,2025-01-16,other_states,301061
24-25,2025-01-16,sao_paulo,0
24-25,2025-02-01,other_states,239366
24-25,2025-02-01,sao_paulo,0
24-25,2025-02-16,other_states,244777
24-25,2025-02-16,sao_paulo,0
24-25,2025-03-01,other_states,282536
24-25,2025-03-01,sao_paulo,0
24-25,2025-03-16,other_states,911990
24-25,2025-03-16,sao_paulo,948546
24-25,2025-04-01,other_states,2664237
24-25,2025-04-01,sao_paulo,1945177
25-26,2025-04-16,other_states,8422586
25-26,2025-04-16,sao_paulo,8253154
25-26,2025-05-01,other_states,7926941
25-26,2025-05-01,sao_paulo,10028593
25-26,2025-05-16,other_states,18277873
25-26,2025-05-16,sao_paulo,24240417
25-26,2025-06-01,other_states,19731276
25-26,2025-06-01,sao_paulo,28069872
25-26,2025-06-16,other_states,17986456
25-26,2025-06-16,sao_paulo,20849479
25-26,2025-07-01,other_states,18294852
25-26,2025-07-01,sao_paulo,24491032
25-26,2025-07-16,other_states,21448969
25-26,2025-07-16,sao_paulo,28567715
25-26,2025-08-01,other_states,21840759
25-26,2025-08-01,sao_paulo,28561403
25-26,2025-08-16,other_states,19911743
25-26,2025-08-16,sao_paulo,27900819
25-26,2025-09-01,other_states,21560705
25-26,2025-09-01,sao_paulo,28671539
25-26,2025-09-16,other_states,19746488
25-26,2025-09-16,sao_paulo,26357017
25-26,2025-10-01,other_states,17623960
25-26,2025-10-01,sao_paulo,23359401
25-26,2025-10-16,other_states,15112989
25-26,2025-10-16,sao_paulo,18973712
25-26,2025-11-01,other_states,13449305
25-26,2025-11-01,sao_paulo,17744238
25-26,2025-11-16,other_states,7715272
25-26,2025-11-16,sao_paulo,11065987
25-26,2025-12-01,other_states,6363851
25-26,2025-12-01,sao_paulo,9629360
25-26,2025-12-16,other_states,2687938
25-26,2025-12-16,sao_paulo,3294011
25-26,2026-01-01,other_states,1277477
25-26,2026-01-01,sao_paulo,926116
25-26,2026-01-16,other_states,442477
25-26,2026-01-16,sao_paulo,162615
25-26,2026-02-01,other_states,608932
25-26,2026-02-01,sao_paulo,0
25-26,2026-02-16,other_states,352453
25-26,2026-02-16,sao_paulo,0
25-26,2026-03-01,other_states,313833
25-26,2026-03-01,sao_paulo,47449
25-26,2026-03-16,other_states,887763
25-26,2026-03-16,sao_paulo,419996
25-26,2026-04-01,other_states,4234851
25-26,2026-04-01,sao_paulo,3319140
