model,horizon,held_out_season,term,term_type,coefficient
block_only_ols,1,10-11,intercept,intercept,24608332.533333372
block_only_ols,1,10-11,block_fe_2,block_fixed_effect,22896325.66666662
block_only_ols,1,10-11,block_fe_3,block_fixed_effect,23539619.86666662
block_only_ols,1,10-11,block_fe_4,block_fixed_effect,29966360.066666614
block_only_ols,1,10-11,block_fe_5,block_fixed_effect,27974925.9333333
block_only_ols,1,10-11,block_fe_6,block_fixed_effect,20629931.533333305
block_only_ols,1,10-11,block_fe_7,block_fixed_effect,12596831.733333278
block_only_ols,1,10-11,block_fe_8,block_fixed_effect,-1502356.533333377
block_only_ols,1,10-11,block_fe_9,block_fixed_effect,-17400400.53333337
block_only_ols,1,10-11,block_fe_10,block_fixed_effect,-24123840.066666726
block_only_ols,1,10-11,block_fe_11,block_fixed_effect,-24360882.3333334
block_only_ols,1,10-11,block_fe_12,block_fixed_effect,-20979704.6666667
block_only_ols,1,11-12,intercept,intercept,26101652.800000038
block_only_ols,1,11-12,block_fe_2,block_fixed_effect,21527203.866666615
block_only_ols,1,11-12,block_fe_3,block_fixed_effect,22309530.39999994
block_only_ols,1,11-12,block_fe_4,block_fixed_effect,28423789.73333328
block_only_ols,1,11-12,block_fe_5,block_fixed_effect,26676652.733333305
block_only_ols,1,11-12,block_fe_6,block_fixed_effect,18727949.066666648
block_only_ols,1,11-12,block_fe_7,block_fixed_effect,11691054.99999994
block_only_ols,1,11-12,block_fe_8,block_fixed_effect,-2125172.13333337
block_only_ols,1,11-12,block_fe_9,block_fixed_effect,-18566804.33333338
block_only_ols,1,11-12,block_fe_10,block_fixed_effect,-25597521.86666672
block_only_ols,1,11-12,block_fe_11,block_fixed_effect,-25848739.333333388
block_only_ols,1,11-12,block_fe_12,block_fixed_effect,-22417169.53333337
block_only_ols,1,12-13,intercept,intercept,26555986.533333384
block_only_ols,1,12-13,block_fe_2,block_fixed_effect,22089267.86666661
block_only_ols,1,12-13,block_fe_3,block_fixed_effect,22900983.79999994
block_only_ols,1,12-13,block_fe_4,block_fixed_effect,27890667.999999966
block_only_ols,1,12-13,block_fe_5,block_fixed_effect,25719801.733333297
block_only_ols,1,12-13,block_fe_6,block_fixed_effect,18359232.06666662
block_only_ols,1,12-13,block_fe_7,block_fixed_effect,9952659.599999938
block_only_ols,1,12-13,block_fe_8,block_fixed_effect,-4096036.2666667206
block_only_ols,1,12-13,block_fe_9,block_fixed_effect,-19940826.266666718
block_only_ols,1,12-13,block_fe_10,block_fixed_effect,-26090649.666666713
block_only_ols,1,12-13,block_fe_11,block_fixed_effect,-26309643.333333403
block_only_ols,1,12-13,block_fe_12,block_fixed_effect,-22934791.000000052
block_only_ols,1,13-14,intercept,intercept,25289051.466666717
block_only_ols,1,13-14,block_fe_2,block_fixed_effect,22445542.533333287
block_only_ols,1,13-14,block_fe_3,block_fixed_effect,23734262.66666661
block_only_ols,1,13-14,block_fe_4,block_fixed_effect,29267074.86666662
block_only_ols,1,13-14,block_fe_5,block_fixed_effect,26907416.1333333
block_only_ols,1,13-14,block_fe_6,block_fixed_effect,19509035.399999984
block_only_ols,1,13-14,block_fe_7,block_fixed_effect,11479496.733333264
block_only_ols,1,13-14,block_fe_8,block_fixed_effect,-2754630.933333381
block_only_ols,1,13-14,block_fe_9,block_fixed_effect,-18739500.86666672
block_only_ols,1,13-14,block_fe_10,block_fixed_effect,-24819929.533333406
block_only_ols,1,13-14,block_fe_11,block_fixed_effect,-25035830.06666674
block_only_ols,1,13-14,block_fe_12,block_fixed_effect,-21792218.33333337
block_only_ols,1,14-15,intercept,intercept,25433294.26666671
block_only_ols,1,14-15,block_fe_2,block_fixed_effect,22257782.399999946
block_only_ols,1,14-15,block_fe_3,block_fixed_effect,22623868.933333293
block_only_ols,1,14-15,block_fe_4,block_fixed_effect,29445600.933333315
block_only_ols,1,14-15,block_fe_5,block_fixed_effect,26971956.3333333
block_only_ols,1,14-15,block_fe_6,block_fixed_effect,19860099.733333312
block_only_ols,1,14-15,block_fe_7,block_fixed_effect,11372543.266666606
block_only_ols,1,14-15,block_fe_8,block_fixed_effect,-1744520.4666667152
block_only_ols,1,14-15,block_fe_9,block_fixed_effect,-18192043.533333384
block_only_ols,1,14-15,block_fe_10,block_fixed_effect,-24967394.86666673
block_only_ols,1,14-15,block_fe_11,block_fixed_effect,-25189969.000000063
block_only_ols,1,14-15,block_fe_12,block_fixed_effect,-21840904.400000058
block_only_ols,1,15-16,intercept,intercept,25504606.266666707
block_only_ols,1,15-16,block_fe_2,block_fixed_effect,22692872.39999995
block_only_ols,1,15-16,block_fe_3,block_fixed_effect,22707583.599999957
block_only_ols,1,15-16,block_fe_4,block_fixed_effect,29444851.533333294
block_only_ols,1,15-16,block_fe_5,block_fixed_effect,26769628.733333305
block_only_ols,1,15-16,block_fe_6,block_fixed_effect,19739674.466666654
block_only_ols,1,15-16,block_fe_7,block_fixed_effect,11065531.333333276
block_only_ols,1,15-16,block_fe_8,block_fixed_effect,-2299349.6000000415
block_only_ols,1,15-16,block_fe_9,block_fixed_effect,-19238044.400000043
block_only_ols,1,15-16,block_fe_10,block_fixed_effect,-25237097.466666713
block_only_ols,1,15-16,block_fe_11,block_fixed_effect,-25391772.33333339
block_only_ols,1,15-16,block_fe_12,block_fixed_effect,-22601643.200000044
block_only_ols,1,16-17,intercept,intercept,24078540.666666716
block_only_ols,1,16-17,block_fe_2,block_fixed_effect,23920549.59999994
block_only_ols,1,16-17,block_fe_3,block_fixed_effect,24814228.53333327
block_only_ols,1,16-17,block_fe_4,block_fixed_effect,30123864.933333285
block_only_ols,1,16-17,block_fe_5,block_fixed_effect,28606699.199999973
block_only_ols,1,16-17,block_fe_6,block_fixed_effect,20623432.86666664
block_only_ols,1,16-17,block_fe_7,block_fixed_effect,12934041.066666592
block_only_ols,1,16-17,block_fe_8,block_fixed_effect,-853295.066666712
block_only_ols,1,16-17,block_fe_9,block_fixed_effect,-16953420.400000058
block_only_ols,1,16-17,block_fe_10,block_fixed_effect,-23620900.533333406
block_only_ols,1,16-17,block_fe_11,block_fixed_effect,-23861029.266666736
block_only_ols,1,16-17,block_fe_12,block_fixed_effect,-20813615.866666716
block_only_ols,1,17-18,intercept,intercept,25302075.066666715
block_only_ols,1,17-18,block_fe_2,block_fixed_effect,22800964.399999943
block_only_ols,1,17-18,block_fe_3,block_fixed_effect,22794434.466666598
block_only_ols,1,17-18,block_fe_4,block_fixed_effect,28849993.266666614
block_only_ols,1,17-18,block_fe_5,block_fixed_effect,27446564.39999995
block_only_ols,1,17-18,block_fe_6,block_fixed_effect,19146966.86666664
block_only_ols,1,17-18,block_fe_7,block_fixed_effect,11869707.666666599
block_only_ols,1,17-18,block_fe_8,block_fixed_effect,-1854164.9333333801
block_only_ols,1,17-18,block_fe_9,block_fixed_effect,-18272519.00000005
block_only_ols,1,17-18,block_fe_10,block_fixed_effect,-24799649.33333339
block_only_ols,1,17-18,block_fe_11,block_fixed_effect,-25060103.20000007
block_only_ols,1,17-18,block_fe_12,block_fixed_effect,-22094232.533333372
block_only_ols,1,18-19,intercept,intercept,24533282.13333337
block_only_ols,1,18-19,block_fe_2,block_fixed_effect,23304725.26666662
block_only_ols,1,18-19,block_fe_3,block_fixed_effect,23581614.999999974
block_only_ols,1,18-19,block_fe_4,block_fixed_effect,29934297.333333295
block_only_ols,1,18-19,block_fe_5,block_fixed_effect,28541326.33333329
block_only_ols,1,18-19,block_fe_6,block_fixed_effect,20790008.133333325
block_only_ols,1,18-19,block_fe_7,block_fixed_effect,13246652.733333277
block_only_ols,1,18-19,block_fe_8,block_fixed_effect,-928963.0666667074
block_only_ols,1,18-19,block_fe_9,block_fixed_effect,-17408615.80000004
block_only_ols,1,18-19,block_fe_10,block_fixed_effect,-24040689.200000044
block_only_ols,1,18-19,block_fe_11,block_fixed_effect,-24283087.733333394
block_only_ols,1,18-19,block_fe_12,block_fixed_effect,-21096846.866666704
block_only_ols,1,19-20,intercept,intercept,25320610.933333367
block_only_ols,1,19-20,block_fe_2,block_fixed_effect,22245269.666666616
block_only_ols,1,19-20,block_fe_3,block_fixed_effect,22833449.266666636
block_only_ols,1,19-20,block_fe_4,block_fixed_effect,29256607.799999982
block_only_ols,1,19-20,block_fe_5,block_fixed_effect,27182143.133333303
block_only_ols,1,19-20,block_fe_6,block_fixed_effect,19685004.46666666
block_only_ols,1,19-20,block_fe_7,block_fixed_effect,11465428.399999946
block_only_ols,1,19-20,block_fe_8,block_fixed_effect,-1496934.6666667182
block_only_ols,1,19-20,block_fe_9,block_fixed_effect,-17823007.200000033
block_only_ols,1,19-20,block_fe_10,block_fixed_effect,-24817812.800000045
block_only_ols,1,19-20,block_fe_11,block_fixed_effect,-25066101.266666725
block_only_ols,1,19-20,block_fe_12,block_fixed_effect,-21936593.333333373
block_only_ols,1,20-21,intercept,intercept,24467942.53333337
block_only_ols,1,20-21,block_fe_2,block_fixed_effect,22947669.799999956
block_only_ols,1,20-21,block_fe_3,block_fixed_effect,23836082.333333306
block_only_ols,1,20-21,block_fe_4,block_fixed_effect,29764467.06666664
block_only_ols,1,20-21,block_fe_5,block_fixed_effect,28067931.933333308
block_only_ols,1,20-21,block_fe_6,block_fixed_effect,20127461.933333322
block_only_ols,1,20-21,block_fe_7,block_fixed_effect,12648733.266666625
block_only_ols,1,20-21,block_fe_8,block_fixed_effect,-519168.4666667115
block_only_ols,1,20-21,block_fe_9,block_fixed_effect,-16927399.533333372
block_only_ols,1,20-21,block_fe_10,block_fixed_effect,-23964495.93333339
block_only_ols,1,20-21,block_fe_11,block_fixed_effect,-24214539.200000055
block_only_ols,1,20-21,block_fe_12,block_fixed_effect,-20886868.933333367
block_only_ols,1,21-22,intercept,intercept,25431097.600000046
block_only_ols,1,21-22,block_fe_2,block_fixed_effect,22093865.266666614
block_only_ols,1,21-22,block_fe_3,block_fixed_effect,22969311.133333277
block_only_ols,1,21-22,block_fe_4,block_fixed_effect,29051163.7333333
block_only_ols,1,21-22,block_fe_5,block_fixed_effect,27186526.86666662
block_only_ols,1,21-22,block_fe_6,block_fixed_effect,19598075.199999966
block_only_ols,1,21-22,block_fe_7,block_fixed_effect,12921595.466666602
block_only_ols,1,21-22,block_fe_8,block_fixed_effect,-935539.5333333872
block_only_ols,1,21-22,block_fe_9,block_fixed_effect,-17862132.13333339
block_only_ols,1,21-22,block_fe_10,block_fixed_effect,-24926966.666666735
block_only_ols,1,21-22,block_fe_11,block_fixed_effect,-25176587.933333404
block_only_ols,1,21-22,block_fe_12,block_fixed_effect,-21742683.866666727
block_only_ols,1,22-23,intercept,intercept,26020465.46666671
block_only_ols,1,22-23,block_fe_2,block_fixed_effect,21887338.133333273
block_only_ols,1,22-23,block_fe_3,block_fixed_effect,22471456.333333284
block_only_ols,1,22-23,block_fe_4,block_fixed_effect,28355692.59999994
block_only_ols,1,22-23,block_fe_5,block_fixed_effect,26820726.799999975
block_only_ols,1,22-23,block_fe_6,block_fixed_effect,19453154.733333305
block_only_ols,1,22-23,block_fe_7,block_fixed_effect,11172972.133333273
block_only_ols,1,22-23,block_fe_8,block_fixed_effect,-2701266.533333378
block_only_ols,1,22-23,block_fe_9,block_fixed_effect,-18640438.733333375
block_only_ols,1,22-23,block_fe_10,block_fixed_effect,-25516334.5333334
block_only_ols,1,22-23,block_fe_11,block_fixed_effect,-25767121.1333334
block_only_ols,1,22-23,block_fe_12,block_fixed_effect,-22486657.266666703
block_only_ols,1,23-24,intercept,intercept,25699121.466666702
block_only_ols,1,23-24,block_fe_2,block_fixed_effect,21585050.266666625
block_only_ols,1,23-24,block_fe_3,block_fixed_effect,22804258.866666626
block_only_ols,1,23-24,block_fe_4,block_fixed_effect,28416247.06666664
block_only_ols,1,23-24,block_fe_5,block_fixed_effect,26613339.53333331
block_only_ols,1,23-24,block_fe_6,block_fixed_effect,18759592.19999998
block_only_ols,1,23-24,block_fe_7,block_fixed_effect,11381258.066666618
block_only_ols,1,23-24,block_fe_8,block_fixed_effect,-3280838.933333371
block_only_ols,1,23-24,block_fe_9,block_fixed_effect,-19248110.200000033
block_only_ols,1,23-24,block_fe_10,block_fixed_effect,-25258234.13333338
block_only_ols,1,23-24,block_fe_11,block_fixed_effect,-25468864.66666671
block_only_ols,1,23-24,block_fe_12,block_fixed_effect,-22270974.866666697
block_only_ols,1,24-25,intercept,intercept,24862338.200000033
block_only_ols,1,24-25,block_fe_2,block_fixed_effect,22535265.799999963
block_only_ols,1,24-25,block_fe_3,block_fixed_effect,22986804.26666663
block_only_ols,1,24-25,block_fe_4,block_fixed_effect,29545421.9333333
block_only_ols,1,24-25,block_fe_5,block_fixed_effect,27837675.199999977
block_only_ols,1,24-25,block_fe_6,block_fixed_effect,19873672.733333327
block_only_ols,1,24-25,block_fe_7,block_fixed_effect,12443069.99999995
block_only_ols,1,24-25,block_fe_8,block_fixed_effect,-1238980.4666666966
block_only_ols,1,24-25,block_fe_9,block_fixed_effect,-17570306.80000004
block_only_ols,1,24-25,block_fe_10,block_fixed_effect,-24358207.26666673
block_only_ols,1,24-25,block_fe_11,block_fixed_effect,-24607828.533333387
block_only_ols,1,24-25,block_fe_12,block_fixed_effect,-21362255.800000045
block_only_ols,1,25-26,intercept,intercept,25780475.066666707
block_only_ols,1,25-26,block_fe_2,block_fixed_effect,21657225.066666607
block_only_ols,1,25-26,block_fe_3,block_fixed_effect,22846337.533333283
block_only_ols,1,25-26,block_fe_4,block_fixed_effect,28492052.13333329
block_only_ols,1,25-26,block_fe_5,block_fixed_effect,26502335.999999955
block_only_ols,1,25-26,block_fe_6,block_fixed_effect,18817758.59999999
block_only_ols,1,25-26,block_fe_7,block_fixed_effect,11414669.533333275
block_only_ols,1,25-26,block_fe_8,block_fixed_effect,-2196058.400000046
block_only_ols,1,25-26,block_fe_9,block_fixed_effect,-18480139.26666671
block_only_ols,1,25-26,block_fe_10,block_fixed_effect,-25287185.133333396
block_only_ols,1,25-26,block_fe_11,block_fixed_effect,-25529128.66666672
block_only_ols,1,25-26,block_fe_12,block_fixed_effect,-22336753.533333372
block_only_ols,2,10-11,intercept,intercept,72112990.73333332
block_only_ols,2,10-11,block_fe_2,block_fixed_effect,30609654.266666688
block_only_ols,2,10-11,block_fe_3,block_fixed_effect,25708531.800000004
block_only_ols,2,10-11,block_fe_4,block_fixed_effect,-11801850.466666654
block_only_ols,2,10-11,block_fe_5,block_fixed_effect,-64420566.26666667
block_only_ols,2,10-11,block_fe_6,block_fixed_effect,-68236912.66666669
block_only_ols,2,11-12,intercept,intercept,73730509.46666665
block_only_ols,2,11-12,block_fe_2,block_fixed_effect,29206116.266666703
block_only_ols,2,11-12,block_fe_3,block_fixed_effect,23877397.933333352
block_only_ols,2,11-12,block_fe_4,block_fixed_effect,-11961320.999999968
block_only_ols,2,11-12,block_fe_5,block_fixed_effect,-65691530.066666655
block_only_ols,2,11-12,block_fe_6,block_fixed_effect,-69793112.73333333
block_only_ols,2,12-13,intercept,intercept,75201240.93333332
block_only_ols,2,12-13,block_fe_2,block_fixed_effect,28702383.933333363
block_only_ols,2,12-13,block_fe_3,block_fixed_effect,21989765.93333336
block_only_ols,2,12-13,block_fe_4,block_fixed_effect,-16232644.533333309
block_only_ols,2,12-13,block_fe_5,block_fixed_effect,-68120743.8
block_only_ols,2,12-13,block_fe_6,block_fixed_effect,-71333702.20000002
block_only_ols,2,13-14,intercept,intercept,73023645.46666665
block_only_ols,2,13-14,block_fe_2,block_fixed_effect,30555795.000000034
block_only_ols,2,13-14,block_fe_3,block_fixed_effect,23970909.000000022
block_only_ols,2,13-14,block_fe_4,block_fixed_effect,-13720676.733333305
block_only_ols,2,13-14,block_fe_5,block_fixed_effect,-66004972.93333333
block_only_ols,2,13-14,block_fe_6,block_fixed_effect,-69273590.93333335
block_only_ols,2,14-15,intercept,intercept,73124370.93333331
block_only_ols,2,14-15,block_fe_2,block_fixed_effect,29811687.466666706
block_only_ols,2,14-15,block_fe_3,block_fixed_effect,24574273.666666716
block_only_ols,2,14-15,block_fe_4,block_fixed_effect,-12629759.599999985
block_only_ols,2,14-15,block_fe_5,block_fixed_effect,-65417220.800000004
block_only_ols,2,14-15,block_fe_6,block_fixed_effect,-69288655.8
block_only_ols,2,15-16,intercept,intercept,73702084.93333334
block_only_ols,2,15-16,block_fe_2,block_fixed_effect,29459562.733333353
block_only_ols,2,15-16,block_fe_3,block_fixed_effect,23816430.800000004
block_only_ols,2,15-16,block_fe_4,block_fixed_effect,-13926690.666666672
block_only_ols,2,15-16,block_fe_5,block_fixed_effect,-67168014.26666668
block_only_ols,2,15-16,block_fe_6,block_fixed_effect,-70686287.93333337
block_only_ols,2,16-17,intercept,intercept,72077630.93333331
block_only_ols,2,16-17,block_fe_2,block_fixed_effect,31017543.866666712
block_only_ols,2,16-17,block_fe_3,block_fixed_effect,25309582.4666667
block_only_ols,2,16-17,block_fe_4,block_fixed_effect,-11839803.59999997
block_only_ols,2,16-17,block_fe_5,block_fixed_effect,-64494870.53333333
block_only_ols,2,16-17,block_fe_6,block_fixed_effect,-68595194.73333333
block_only_ols,2,17-18,intercept,intercept,73405114.53333333
block_only_ols,2,17-18,block_fe_2,block_fixed_effect,28843463.333333354
block_only_ols,2,17-18,block_fe_3,block_fixed_effect,23792566.86666669
block_only_ols,2,17-18,block_fe_4,block_fixed_effect,-12785421.666666651
block_only_ols,2,17-18,block_fe_5,block_fixed_effect,-65873132.733333334
block_only_ols,2,17-18,block_fe_6,block_fixed_effect,-69955300.13333336
block_only_ols,2,18-19,intercept,intercept,72371289.53333333
block_only_ols,2,18-19,block_fe_2,block_fixed_effect,30211187.066666674
block_only_ols,2,18-19,block_fe_3,block_fixed_effect,26026609.199999996
block_only_ols,2,18-19,block_fe_4,block_fixed_effect,-10987035.599999987
block_only_ols,2,18-19,block_fe_5,block_fixed_effect,-64754030.26666668
block_only_ols,2,18-19,block_fe_6,block_fixed_effect,-68684659.86666669
block_only_ols,2,19-20,intercept,intercept,72886491.53333333
block_only_ols,2,19-20,block_fe_2,block_fixed_effect,29844787.40000004
block_only_ols,2,19-20,block_fe_3,block_fixed_effect,24621877.933333352
block_only_ols,2,19-20,block_fe_4,block_fixed_effect,-12276775.933333319
block_only_ols,2,19-20,block_fe_5,block_fixed_effect,-64886089.66666667
block_only_ols,2,19-20,block_fe_6,block_fixed_effect,-69247964.26666668
block_only_ols,2,20-21,intercept,intercept,71883554.86666667
block_only_ols,2,20-21,block_fe_2,block_fixed_effect,30652879.60000003
block_only_ols,2,20-21,block_fe_3,block_fixed_effect,25247724.066666678
block_only_ols,2,20-21,block_fe_4,block_fixed_effect,-10818104.999999994
block_only_ols,2,20-21,block_fe_5,block_fixed_effect,-63839565.26666668
block_only_ols,2,20-21,block_fe_6,block_fixed_effect,-68049077.93333338
block_only_ols,2,21-22,intercept,intercept,72956060.46666665
block_only_ols,2,21-22,block_fe_2,block_fixed_effect,29926609.60000003
block_only_ols,2,21-22,block_fe_3,block_fixed_effect,24690736.800000012
block_only_ols,2,21-22,block_fe_4,block_fixed_effect,-10107809.333333313
block_only_ols,2,21-22,block_fe_5,block_fixed_effect,-64882964.06666666
block_only_ols,2,21-22,block_fe_6,block_fixed_effect,-69013137.06666668
block_only_ols,2,22-23,intercept,intercept,73928269.06666665
block_only_ols,2,22-23,block_fe_2,block_fixed_effect,28939810.80000005
block_only_ols,2,22-23,block_fe_3,block_fixed_effect,24386543.400000036
block_only_ols,2,22-23,block_fe_4,block_fixed_effect,-13415632.533333309
block_only_ols,2,22-23,block_fe_5,block_fixed_effect,-66044111.39999999
block_only_ols,2,22-23,block_fe_6,block_fixed_effect,-70141116.53333336
block_only_ols,2,23-24,intercept,intercept,72983293.19999999
block_only_ols,2,23-24,block_fe_2,block_fixed_effect,29635455.666666705
block_only_ols,2,23-24,block_fe_3,block_fixed_effect,23787881.4666667
block_only_ols,2,23-24,block_fe_4,block_fixed_effect,-13484631.133333305
block_only_ols,2,23-24,block_fe_5,block_fixed_effect,-66091394.599999994
block_only_ols,2,23-24,block_fe_6,block_fixed_effect,-69324889.8
block_only_ols,2,24-25,intercept,intercept,72259942.2
block_only_ols,2,24-25,block_fe_2,block_fixed_effect,29996960.40000002
block_only_ols,2,24-25,block_fe_3,block_fixed_effect,25176082.133333348
block_only_ols,2,24-25,block_fe_4,block_fixed_effect,-11331176.266666654
block_only_ols,2,24-25,block_fe_5,block_fixed_effect,-64463779.86666668
block_only_ols,2,24-25,block_fe_6,block_fixed_effect,-68505350.13333336
block_only_ols,2,25-26,intercept,intercept,73218175.2
block_only_ols,2,25-26,block_fe_2,block_fixed_effect,29681164.60000001
block_only_ols,2,25-26,block_fe_3,block_fixed_effect,23662869.533333324
block_only_ols,2,25-26,block_fe_4,block_fixed_effect,-12438613.933333319
block_only_ols,2,25-26,block_fe_5,block_fixed_effect,-65424549.466666676
block_only_ols,2,25-26,block_fe_6,block_fixed_effect,-69523107.2666667
block_only_ols,3,10-11,intercept,intercept,120260943.13333327
block_only_ols,3,10-11,block_fe_2,block_fixed_effect,32135272.00000008
block_only_ols,3,10-11,block_fe_3,block_fixed_effect,-52741870.86666657
block_only_ols,3,10-11,block_fe_4,block_fixed_effect,-115900372.59999993
block_only_ols,3,11-12,intercept,intercept,122141692.6666666
block_only_ols,3,11-12,block_fe_2,block_fixed_effect,29991657.266666733
block_only_ols,3,11-12,block_fe_3,block_fixed_effect,-52837655.7333332
block_only_ols,3,11-12,block_fe_4,block_fixed_effect,-117700164.99999991
block_only_ols,3,12-13,intercept,intercept,124658211.26666659
block_only_ols,3,12-13,block_fe_2,block_fixed_effect,26979450.133333404
block_only_ols,3,12-13,block_fe_3,block_fixed_effect,-59074454.599999875
block_only_ols,3,12-13,block_fe_4,block_fixed_effect,-120325335.66666658
block_only_ols,3,13-14,intercept,intercept,122046959.59999993
block_only_ols,3,13-14,block_fe_2,block_fixed_effect,29503721.20000005
block_only_ols,3,13-14,block_fe_3,block_fixed_effect,-56194440.266666576
block_only_ols,3,13-14,block_fe_4,block_fixed_effect,-117827783.13333327
block_only_ols,3,14-15,intercept,intercept,121181534.13333327
block_only_ols,3,14-15,block_fe_2,block_fixed_effect,31396005.666666787
block_only_ols,3,14-15,block_fe_3,block_fixed_effect,-53445672.06666654
block_only_ols,3,14-15,block_fe_4,block_fixed_effect,-116879919.5999999
block_only_ols,3,15-16,intercept,intercept,121914274.79999995
block_only_ols,3,15-16,block_fe_2,block_fixed_effect,30553698.733333383
block_only_ols,3,15-16,block_fe_3,block_fixed_effect,-55872318.66666658
block_only_ols,3,15-16,block_fe_4,block_fixed_effect,-118630968.99999997
block_only_ols,3,16-17,intercept,intercept,120970400.13333327
block_only_ols,3,16-17,block_fe_2,block_fixed_effect,30619218.866666727
block_only_ols,3,16-17,block_fe_3,block_fixed_effect,-53607452.53333321
block_only_ols,3,16-17,block_fe_4,block_fixed_effect,-117030323.79999992
block_only_ols,3,17-18,intercept,intercept,121501624.06666662
block_only_ols,3,17-18,block_fe_2,block_fixed_effect,29848125.666666713
block_only_ols,3,17-18,block_fe_3,block_fixed_effect,-53852375.133333236
block_only_ols,3,17-18,block_fe_4,block_fixed_effect,-117549383.93333328
block_only_ols,3,18-19,intercept,intercept,120486186.66666661
block_only_ols,3,18-19,block_fe_2,block_fixed_effect,32379291.533333376
block_only_ols,3,18-19,block_fe_3,block_fixed_effect,-51977266.39999987
block_only_ols,3,18-19,block_fe_4,block_fixed_effect,-116306964.06666659
block_only_ols,3,19-20,intercept,intercept,121040551.73333326
block_only_ols,3,19-20,block_fe_2,block_fixed_effect,31045036.466666736
block_only_ols,3,19-20,block_fe_3,block_fixed_effect,-52933232.39999986
block_only_ols,3,19-20,block_fe_4,block_fixed_effect,-116899226.33333325
block_only_ols,3,20-21,intercept,intercept,120187579.73333329
block_only_ols,3,20-21,block_fe_2,block_fixed_effect,31176108.800000045
block_only_ols,3,20-21,block_fe_3,block_fixed_effect,-51581586.866666555
block_only_ols,3,20-21,block_fe_4,block_fixed_effect,-115849656.19999994
block_only_ols,3,21-22,intercept,intercept,121356469.19999993
block_only_ols,3,21-22,block_fe_2,block_fixed_effect,30772589.40000006
block_only_ols,3,21-22,block_fe_3,block_fixed_effect,-50939252.599999875
block_only_ols,3,21-22,block_fe_4,block_fixed_effect,-116909414.86666659
block_only_ols,3,22-23,intercept,intercept,122420190.8666666
block_only_ols,3,22-23,block_fe_2,block_fixed_effect,30270779.66666671
block_only_ols,3,22-23,block_fe_3,block_fixed_effect,-54527527.599999875
block_only_ols,3,22-23,block_fe_4,block_fixed_effect,-118128907.39999992
block_only_ols,3,23-24,intercept,intercept,121486673.53333327
block_only_ols,3,23-24,block_fe_2,block_fixed_effect,29399869.66666674
block_only_ols,3,23-24,block_fe_3,block_fixed_effect,-55537000.19999987
block_only_ols,3,23-24,block_fe_4,block_fixed_effect,-117387382.79999991
block_only_ols,3,24-25,intercept,intercept,120109084.66666661
block_only_ols,3,24-25,block_fe_2,block_fixed_effect,31734699.800000068
block_only_ols,3,24-25,block_fe_3,block_fixed_effect,-51888287.333333254
block_only_ols,3,24-25,block_fe_4,block_fixed_effect,-115850361.66666663
block_only_ols,3,25-26,intercept,intercept,121844987.79999995
block_only_ols,3,25-26,block_fe_2,block_fixed_effect,29308584.133333385
block_only_ols,3,25-26,block_fe_3,block_fixed_effect,-53765090.73333323
block_only_ols,3,25-26,block_fe_4,block_fixed_effect,-117656629.9333333
block_only_ols,4,10-11,intercept,intercept,174835635.73333335
block_only_ols,4,10-11,block_fe_2,block_fixed_effect,-16702972.933333354
block_only_ols,4,10-11,block_fe_3,block_fixed_effect,-163267133.20000005
block_only_ols,4,11-12,intercept,intercept,176667135.20000002
block_only_ols,4,11-12,block_fe_2,block_fixed_effect,-17290039.333333332
block_only_ols,4,11-12,block_fe_3,block_fixed_effect,-164690759.06666672
block_only_ols,4,12-13,intercept,intercept,179104865.8
block_only_ols,4,12-13,block_fe_2,block_fixed_effect,-22945262.533333343
block_only_ols,4,12-13,block_fe_3,block_fixed_effect,-168156829.93333334
block_only_ols,4,13-14,intercept,intercept,176603085.93333334
block_only_ols,4,13-14,block_fe_2,block_fixed_effect,-20305562.733333338
block_only_ols,4,13-14,block_fe_3,block_fixed_effect,-165834358.86666667
block_only_ols,4,14-15,intercept,intercept,176060429.3333333
block_only_ols,4,14-15,block_fe_2,block_fixed_effect,-17867173.40000001
block_only_ols,4,14-15,block_fe_3,block_fixed_effect,-164517564.06666666
block_only_ols,4,15-16,intercept,intercept,176863732.60000002
block_only_ols,4,15-16,block_fe_2,block_fixed_effect,-19569822.600000016
block_only_ols,4,15-16,block_fe_3,block_fixed_effect,-167313864.93333337
block_only_ols,4,16-17,intercept,intercept,175172805.73333332
block_only_ols,4,16-17,block_fe_2,block_fixed_effect,-17547764.999999974
block_only_ols,4,16-17,block_fe_3,block_fixed_effect,-164107609.13333336
block_only_ols,4,17-18,intercept,intercept,175653692.39999998
block_only_ols,4,17-18,block_fe_2,block_fixed_effect,-17836318.133333318
block_only_ols,4,17-18,block_fe_3,block_fixed_effect,-164671896.2
block_only_ols,4,18-19,intercept,intercept,174953766.13333333
block_only_ols,4,18-19,block_fe_2,block_fixed_effect,-15171613.466666669
block_only_ols,4,18-19,block_fe_3,block_fixed_effect,-163649877.20000002
block_only_ols,4,19-20,intercept,intercept,175617770.4666667
block_only_ols,4,19-20,block_fe_2,block_fixed_effect,-17499685.40000001
block_only_ols,4,19-20,block_fe_3,block_fixed_effect,-163978841.33333337
block_only_ols,4,20-21,intercept,intercept,174419989.33333334
block_only_ols,4,20-21,block_fe_2,block_fixed_effect,-16223260.533333322
block_only_ols,4,20-21,block_fe_3,block_fixed_effect,-162541522.80000004
block_only_ols,4,21-22,intercept,intercept,175838730.53333336
block_only_ols,4,21-22,block_fe_2,block_fixed_effect,-15343682.133333344
block_only_ols,4,21-22,block_fe_3,block_fixed_effect,-163822710.73333338
block_only_ols,4,22-23,intercept,intercept,176796348.93333334
block_only_ols,4,22-23,block_fe_2,block_fixed_effect,-17968899.93333333
block_only_ols,4,22-23,block_fe_3,block_fixed_effect,-165125038.73333335
block_only_ols,4,23-24,intercept,intercept,175602042.06666666
block_only_ols,4,23-24,block_fe_2,block_fixed_effect,-19332205.333333332
block_only_ols,4,23-24,block_fe_3,block_fixed_effect,-165051740.06666666
block_only_ols,4,24-25,intercept,intercept,174516844.79999998
block_only_ols,4,24-25,block_fe_2,block_fixed_effect,-16152054.533333309
block_only_ols,4,24-25,block_fe_3,block_fixed_effect,-162966090.4
block_only_ols,4,25-26,intercept,intercept,176117515.0
block_only_ols,4,25-26,block_fe_2,block_fixed_effect,-18456909.00000001
block_only_ols,4,25-26,block_fe_3,block_fixed_effect,-164628821.33333334
block_only_ols,5,10-11,intercept,intercept,227418894.2
block_only_ols,5,10-11,block_fe_2,block_fixed_effect,-114177065.39999999
block_only_ols,5,11-12,intercept,intercept,229445440.7333333
block_only_ols,5,11-12,block_fe_2,block_fixed_effect,-114807670.99999997
block_only_ols,5,12-13,intercept,intercept,231380654.06666666
block_only_ols,5,12-13,block_fe_2,block_fixed_effect,-120416341.93333332
block_only_ols,5,13-14,intercept,intercept,228799553.53333333
block_only_ols,5,13-14,block_fe_2,block_fixed_effect,-117679825.39999999
block_only_ols,5,14-15,intercept,intercept,228465679.9333333
block_only_ols,5,14-15,block_fe_2,block_fixed_effect,-114970524.46666662
block_only_ols,5,15-16,intercept,intercept,229137967.59999996
block_only_ols,5,15-16,block_fe_2,block_fixed_effect,-117584221.93333331
block_only_ols,5,16-17,intercept,intercept,227858045.6
block_only_ols,5,16-17,block_fe_2,block_fixed_effect,-115335484.33333331
block_only_ols,5,17-18,intercept,intercept,228402331.86666664
block_only_ols,5,17-18,block_fe_2,block_fixed_effect,-115801615.26666665
block_only_ols,5,18-19,intercept,intercept,228028374.6
block_only_ols,5,18-19,block_fe_2,block_fixed_effect,-113703571.13333333
block_only_ols,5,19-20,intercept,intercept,228120524.5333333
block_only_ols,5,19-20,block_fe_2,block_fixed_effect,-114504791.66666664
block_only_ols,5,20-21,intercept,intercept,226955863.8
block_only_ols,5,20-21,block_fe_2,block_fixed_effect,-113251019.86666666
block_only_ols,5,21-22,intercept,intercept,228456354.99999997
block_only_ols,5,21-22,block_fe_2,block_fixed_effect,-112505834.66666663
block_only_ols,5,22-23,intercept,intercept,229637541.2
block_only_ols,5,22-23,block_fe_2,block_fixed_effect,-115767126.79999998
block_only_ols,5,23-24,intercept,intercept,227914503.06666666
block_only_ols,5,23-24,block_fe_2,block_fixed_effect,-117065228.73333333
block_only_ols,5,24-25,intercept,intercept,227216858.2
block_only_ols,5,24-25,block_fe_2,block_fixed_effect,-113755919.0
block_only_ols,5,25-26,intercept,intercept,228400326.06666666
block_only_ols,5,25-26,block_fe_2,block_fixed_effect,-115228905.4
