model,horizon,held_out_season,training_seasons,training_observations,test_observations,design_columns_including_intercept,design_rank,design_full_column_rank,design_condition_number,fold_rmse,fold_mae,fold_r_squared
block_only_ols,1,10-11,15,180,12,12,12,True,12.92261628933257,4316007.351903103,3087503.483333327,0.9582633351560496
block_only_ols,1,11-12,15,180,12,12,12,True,12.92261628933257,5944425.608153799,4265226.894444444,0.925495287157724
block_only_ols,1,12-13,15,180,12,12,12,True,12.92261628933257,10432559.818474216,7643272.505555555,0.7497115775831866
block_only_ols,1,13-14,15,180,12,12,12,True,12.92261628933257,6093244.152075806,4118757.1499999943,0.9094975919709569
block_only_ols,1,14-15,15,180,12,12,12,True,12.92261628933257,3974259.1186752063,3206870.2277777847,0.9648867671402805
block_only_ols,1,15-16,15,180,12,12,12,True,12.92261628933257,6837603.93556536,5978187.138888898,0.8569118275269728
block_only_ols,1,16-17,15,180,12,12,12,True,12.92261628933257,6582058.503641227,4190105.427777776,0.8955553783426787
block_only_ols,1,17-18,15,180,12,12,12,True,12.92261628933257,3746837.190464288,2770068.327777768,0.9681860981638631
block_only_ols,1,18-19,15,180,12,12,12,True,12.92261628933257,5782441.475368315,4020586.472222215,0.9158312315836172
block_only_ols,1,19-20,15,180,12,12,12,True,12.92261628933257,3601066.024502162,2703283.172222228,0.9729564530125837
block_only_ols,1,20-21,15,180,12,12,12,True,12.92261628933257,5631546.395394578,4046780.9611111004,0.9405817780458738
block_only_ols,1,21-22,15,180,12,12,12,True,12.92261628933257,7928207.28581282,4773882.127777778,0.873475970031309
block_only_ols,1,22-23,15,180,12,12,12,True,12.92261628933257,4668032.359966051,3157688.9277777784,0.9475765644455459
block_only_ols,1,23-24,15,180,12,12,12,True,12.92261628933257,6787208.377452208,5016441.983333335,0.9027427787119502
block_only_ols,1,24-25,15,180,12,12,12,True,12.92261628933257,4156888.1046040193,3160015.749999989,0.9650239258734868
block_only_ols,1,25-26,15,180,12,12,12,True,12.92261628933257,3672298.010040079,2933200.038888885,0.9728276670151568
block_only_ols,2,10-11,15,90,6,6,6,True,6.854101966249686,6980737.145968833,5303152.011111104,0.971407385003508
block_only_ols,2,11-12,15,90,6,6,6,True,6.854101966249686,9660460.257025221,7399071.700000002,0.9433784246092134
block_only_ols,2,12-13,15,90,6,6,6,True,6.854101966249686,19145037.150139976,15263027.188888885,0.7497657793536349
block_only_ols,2,13-14,15,90,6,6,6,True,6.854101966249686,10627499.677411431,8237514.299999998,0.9227286302197388
block_only_ols,2,14-15,15,90,6,6,6,True,6.854101966249686,2081336.0698352156,1865898.811111105,0.9972128886535195
block_only_ols,2,15-16,15,90,6,6,6,True,6.854101966249686,10733559.081728706,9364898.900000013,0.8929264968462685
block_only_ols,2,16-17,15,90,6,6,6,True,6.854101966249686,7056748.144575494,4887802.388888895,0.9682654915098454
block_only_ols,2,17-18,15,90,6,6,6,True,6.854101966249686,5282535.2116216235,4256759.322222222,0.9831641741646675
block_only_ols,2,18-19,15,90,6,6,6,True,6.854101966249686,9418218.426945154,7380493.522222222,0.9427461298083634
block_only_ols,2,19-20,15,90,6,6,6,True,6.854101966249686,3142435.4650433613,2322288.366666667,0.994129865722026
block_only_ols,2,20-21,15,90,6,6,6,True,6.854101966249686,9411667.688605277,7834126.522222207,0.9557535858239158
block_only_ols,2,21-22,15,90,6,6,6,True,6.854101966249686,15370069.658016503,8799481.300000003,0.8701937839275145
block_only_ols,2,22-23,15,90,6,6,6,True,6.854101966249686,8217160.982946494,5789400.722222205,0.9533168708376845
block_only_ols,2,23-24,15,90,6,6,6,True,6.854101966249686,9640504.381274223,7530065.366666661,0.9424858426954663
block_only_ols,2,24-25,15,90,6,6,6,True,6.854101966249686,7123624.793745109,5524801.366666659,0.9727182594461048
block_only_ols,2,25-26,15,90,6,6,6,True,6.854101966249686,4445239.10838096,3222041.0555555657,0.9884675049398055
block_only_ols,3,10-11,15,60,4,4,4,True,4.7912878474779195,10618362.008308368,8142881.816666681,0.9671283682160002
block_only_ols,3,11-12,15,60,4,4,4,True,4.7912878474779195,14329840.09533612,11098607.550000004,0.9385723103735635
block_only_ols,3,12-13,15,60,4,4,4,True,4.7912878474779195,30585472.614593014,22871530.44999997,0.6955892559768779
block_only_ols,3,13-14,15,60,4,4,4,True,4.7912878474779195,15582293.638622291,11244598.983333316,0.9227079872490564
block_only_ols,3,14-15,15,60,4,4,4,True,4.7912878474779195,5870779.108200631,4553789.816666715,0.9886099213481698
block_only_ols,3,15-16,15,60,4,4,4,True,4.7912878474779195,15916507.381023142,14047348.349999983,0.8841065384493116
block_only_ols,3,16-17,15,60,4,4,4,True,4.7912878474779195,5754259.35618764,5531648.983333334,0.9898714158654563
block_only_ols,3,17-18,15,60,4,4,4,True,4.7912878474779195,4903294.920436624,3381680.316666644,0.9927246617874599
block_only_ols,3,18-19,15,60,4,4,4,True,4.7912878474779195,12811381.84238563,11089598.350000035,0.9488635775002374
block_only_ols,3,19-20,15,60,4,4,4,True,4.7912878474779195,5076975.644773292,4251266.350000031,0.9920806842103619
block_only_ols,3,20-21,15,60,4,4,4,True,4.7912878474779195,13525270.764034731,11751189.783333365,0.9559855351076956
block_only_ols,3,21-22,15,60,4,4,4,True,4.7912878474779195,22114661.127159286,13367302.083333366,0.8756585326581932
block_only_ols,3,22-23,15,60,4,4,4,True,4.7912878474779195,9950847.105977174,8196611.283333328,0.962788466520537
block_only_ols,3,23-24,15,60,4,4,4,True,4.7912878474779195,16114538.493656741,11384804.316666622,0.9256654887157911
block_only_ols,3,24-25,15,60,4,4,4,True,4.7912878474779195,11800493.55801514,8287202.050000016,0.9633381004693936
block_only_ols,3,25-26,15,60,4,4,4,True,4.7912878474779195,7533006.761129299,6215598.449999999,0.9840324000771125
block_only_ols,4,10-11,15,45,3,3,3,True,3.7320508075688763,10457218.300434386,7853989.533333312,0.9830342092828583
block_only_ols,4,11-12,15,45,3,3,3,True,3.7320508075688763,15524607.856262542,14798143.399999997,0.9532538575978764
block_only_ols,4,12-13,15,45,3,3,3,True,3.7320508075688763,34243976.97541393,28747377.22222222,0.7643003928468082
block_only_ols,4,13-14,15,45,3,3,3,True,3.7320508075688763,17889368.585934833,15625291.888888896,0.9414278873258687
block_only_ols,4,14-15,15,45,3,3,3,True,3.7320508075688763,3069678.4229367473,2936507.844444424,0.9983066995951513
block_only_ols,4,15-16,15,45,3,3,3,True,3.7320508075688763,19442798.59564349,18201927.97777779,0.8968846028769628
block_only_ols,4,16-17,15,45,3,3,3,True,3.7320508075688763,8186947.888583157,7375531.977777789,0.9885690292805682
block_only_ols,4,17-18,15,45,3,3,3,True,3.7320508075688763,4261958.902938565,4229826.377777795,0.996630571741071
block_only_ols,4,18-19,15,45,3,3,3,True,3.7320508075688763,18447823.869822253,14609967.48888888,0.9391220366909673
block_only_ols,4,19-20,15,45,3,3,3,True,3.7320508075688763,4426897.801658964,3980464.9111111066,0.9967240843708876
block_only_ols,4,20-21,15,45,3,3,3,True,3.7320508075688763,15041893.611632619,12065596.99999999,0.9681050894275458
block_only_ols,4,21-22,15,45,3,3,3,True,3.7320508075688763,23702573.846097082,17490299.22222221,0.8969969836220182
block_only_ols,4,22-23,15,45,3,3,3,True,3.7320508075688763,11432528.743486248,10928815.044444442,0.9737921525205339
block_only_ols,4,23-24,15,45,3,3,3,True,3.7320508075688763,17928211.7491446,15060130.73333334,0.9438284222455301
block_only_ols,4,24-25,15,45,3,3,3,True,3.7320508075688763,13596865.104531484,10697564.288888892,0.9719195664409154
block_only_ols,4,25-26,15,45,3,3,3,True,3.7320508075688763,4353379.445992378,4138894.5555555522,0.9966859251652751
block_only_ols,5,10-11,15,30,2,2,2,True,2.6180339887498953,12136878.214920942,9861050.300000004,0.967136165443311
block_only_ols,5,11-12,15,30,2,2,2,True,2.6180339887498953,20867730.819503073,20304343.233333305,0.8875162294011657
block_only_ols,5,12-13,15,30,2,2,2,True,2.6180339887498953,40561005.49299822,40053161.96666666,-3.0499665112504184
block_only_ols,5,13-14,15,30,2,2,2,True,2.6180339887498953,22338471.66494491,18161029.699999996,0.6984433744158662
block_only_ols,5,14-15,15,30,2,2,2,True,2.6180339887498953,4837533.194072271,3513377.766666688,0.9937106232395834
block_only_ols,5,15-16,15,30,2,2,2,True,2.6180339887498953,18688082.67078099,17396201.966666654,0.796195088383052
block_only_ols,5,16-17,15,30,2,2,2,True,2.6180339887498953,9335383.313962508,9316485.566666663,0.9743255076113821
block_only_ols,5,17-18,15,30,2,2,2,True,2.6180339887498953,5351595.122282974,4336952.766666681,0.9904511068304112
block_only_ols,5,18-19,15,30,2,2,2,True,2.6180339887498953,15102307.916710876,13649004.433333337,0.9541120481014944
block_only_ols,5,19-20,15,30,2,2,2,True,2.6180339887498953,7398890.393458322,7239240.166666679,0.9868378632293554
block_only_ols,5,20-21,15,30,2,2,2,True,2.6180339887498953,18662741.15979774,17269414.56666667,0.9362145467433222
block_only_ols,5,21-22,15,30,2,2,2,True,2.6180339887498953,32615859.702112913,23230896.166666687,0.8316162143095165
block_only_ols,5,22-23,15,30,2,2,2,True,2.6180339887498953,15960537.666081026,15702304.299999997,0.9158626587438998
block_only_ols,5,23-24,15,30,2,2,2,True,2.6180339887498953,25894453.57240242,22251121.300000004,0.6730808568633284
block_only_ols,5,24-25,15,30,2,2,2,True,2.6180339887498953,14939476.057143373,13230221.5,0.9545918995255767
block_only_ols,5,25-26,15,30,2,2,2,True,2.6180339887498953,1461876.9733866388,1446330.299999997,0.9993873347471423
