model,horizon,held_out_season,season,harvest_block_order,block_start_date,block_end_date,actual_block_crush_tonnes,predicted_block_crush_tonnes,residual_tonnes
block_only_ols,1,10-11,10-11,1,2010-04-16,2010-05-01,35863885.0,24608332.533333372,11255552.466666628
block_only_ols,1,10-11,10-11,2,2010-05-16,2010-06-01,51305918.0,47504658.19999999,3801259.800000012
block_only_ols,1,10-11,10-11,3,2010-06-16,2010-07-01,52523414.0,48147952.39999999,4375461.600000009
block_only_ols,1,10-11,10-11,4,2010-07-16,2010-08-01,52596637.0,54574692.59999999,-1978055.5999999866
block_only_ols,1,10-11,10-11,5,2010-08-16,2010-09-01,52065647.0,52583258.46666667,-517611.46666666865
block_only_ols,1,10-11,10-11,6,2010-09-16,2010-10-01,40115962.0,45238264.06666668,-5122302.066666678
block_only_ols,1,10-11,10-11,7,2010-10-16,2010-11-01,36567655.0,37205164.26666665,-637509.2666666508
block_only_ols,1,10-11,10-11,8,2010-11-16,2010-12-01,27871957.0,23105975.999999996,4765981.000000004
block_only_ols,1,10-11,10-11,9,2010-12-16,2011-01-01,5606184.0,7207932.000000004,-1601748.0000000037
block_only_ols,1,10-11,10-11,10,2011-01-16,2011-02-01,294577.0,484492.4666666463,-189915.4666666463
block_only_ols,1,10-11,10-11,11,2011-02-16,2011-03-01,105892.0,247450.19999997318,-141558.19999997318
block_only_ols,1,10-11,10-11,12,2011-03-16,2011-04-01,965541.0,3628627.866666671,-2663086.866666671
block_only_ols,1,11-12,11-12,1,2011-04-16,2011-05-01,13464081.0,26101652.800000038,-12637571.800000038
block_only_ols,1,11-12,11-12,2,2011-05-16,2011-06-01,49442941.0,47628856.66666666,1814084.3333333433
block_only_ols,1,11-12,11-12,3,2011-06-16,2011-07-01,48574952.0,48411183.19999997,163768.80000002682
block_only_ols,1,11-12,11-12,4,2011-07-16,2011-08-01,53335388.0,54525442.53333332,-1190054.5333333164
block_only_ols,1,11-12,11-12,5,2011-08-16,2011-09-01,49139941.0,52778305.533333346,-3638364.5333333462
block_only_ols,1,11-12,11-12,6,2011-09-16,2011-10-01,46245895.0,44829601.86666669,1416293.1333333105
block_only_ols,1,11-12,11-12,7,2011-10-16,2011-11-01,27754502.0,37792707.79999998,-10038205.799999982
block_only_ols,1,11-12,11-12,8,2011-11-16,2011-12-01,14814387.0,23976480.666666668,-9162093.666666668
block_only_ols,1,11-12,11-12,9,2011-12-16,2012-01-01,702437.0,7534848.4666666575,-6832411.4666666575
block_only_ols,1,11-12,11-12,10,2012-01-16,2012-02-01,0.0,504130.9333333187,-504130.9333333187
block_only_ols,1,11-12,11-12,11,2012-02-16,2012-03-01,23943.0,252913.46666665003,-228970.46666665003
block_only_ols,1,11-12,11-12,12,2012-03-16,2012-04-01,127710.0,3684483.2666666694,-3556773.2666666694
block_only_ols,1,12-13,12-13,1,2012-04-16,2012-05-01,6649075.0,26555986.533333384,-19906911.533333384
block_only_ols,1,12-13,12-13,2,2012-05-16,2012-06-01,34196975.0,48645254.39999999,-14448279.399999991
block_only_ols,1,12-13,12-13,3,2012-06-16,2012-07-01,32888145.0,49456970.33333333,-16568825.333333328
block_only_ols,1,12-13,12-13,4,2012-07-16,2012-08-01,54517208.0,54446654.533333346,70553.46666665375
block_only_ols,1,12-13,12-13,5,2012-08-16,2012-09-01,56677700.0,52275788.26666668,4401911.733333319
block_only_ols,1,12-13,12-13,6,2012-09-16,2012-10-01,44961644.0,44915218.60000001,46425.39999999106
block_only_ols,1,12-13,12-13,7,2012-10-16,2012-11-01,47015427.0,36508646.133333325,10506780.866666675
block_only_ols,1,12-13,12-13,8,2012-11-16,2012-12-01,37562343.0,22459950.266666662,15102392.733333338
block_only_ols,1,12-13,12-13,9,2012-12-16,2013-01-01,14497760.0,6615160.266666666,7882599.733333334
block_only_ols,1,12-13,12-13,10,2013-01-16,2013-02-01,581911.0,465336.8666666709,116574.13333332911
block_only_ols,1,12-13,12-13,11,2013-02-16,2013-03-01,122497.0,246343.19999998063,-123846.19999998063
block_only_ols,1,12-13,12-13,12,2013-03-16,2013-04-01,1077026.0,3621195.5333333313,-2544169.5333333313
block_only_ols,1,13-14,13-14,1,2013-04-16,2013-05-01,25653101.0,25289051.466666717,364049.5333332829
block_only_ols,1,13-14,13-14,2,2013-05-16,2013-06-01,47856881.0,47734594.0,122287.0
block_only_ols,1,13-14,13-14,3,2013-06-16,2013-07-01,39392988.0,49023314.133333325,-9630326.133333325
block_only_ols,1,13-14,13-14,4,2013-07-16,2013-08-01,52875131.0,54556126.333333336,-1680995.3333333358
block_only_ols,1,13-14,13-14,5,2013-08-16,2013-09-01,57867510.0,52196467.60000002,5671042.399999984
block_only_ols,1,13-14,13-14,6,2013-09-16,2013-10-01,46718620.0,44798086.866666704,1920533.1333332956
block_only_ols,1,13-14,13-14,7,2013-10-16,2013-11-01,43116896.0,36768548.19999998,6348347.800000019
block_only_ols,1,13-14,13-14,8,2013-11-16,2013-12-01,36445289.0,22534420.533333335,13910868.466666665
block_only_ols,1,13-14,13-14,9,2013-12-16,2014-01-01,15481905.0,6549550.599999998,8932354.400000002
block_only_ols,1,13-14,13-14,10,2014-01-16,2014-02-01,525135.0,469121.93333331123,56013.06666668877
block_only_ols,1,13-14,13-14,11,2014-02-16,2014-03-01,19324.0,253221.39999997616,-233897.39999997616
block_only_ols,1,13-14,13-14,12,2014-03-16,2014-04-01,2942462.0,3496833.1333333477,-554371.1333333477
block_only_ols,1,14-15,14-15,1,2014-04-16,2014-05-01,23489459.0,25433294.26666671,-1943835.2666667104
block_only_ols,1,14-15,14-15,2,2014-05-16,2014-06-01,48509641.0,47691076.66666666,818564.3333333433
block_only_ols,1,14-15,14-15,3,2014-06-16,2014-07-01,53885252.0,48057163.2,5828088.799999997
block_only_ols,1,14-15,14-15,4,2014-07-16,2014-08-01,48033598.0,54878895.200000025,-6845297.200000025
block_only_ols,1,14-15,14-15,5,2014-08-16,2014-09-01,54735765.0,52405250.60000001,2330514.399999991
block_only_ols,1,14-15,14-15,6,2014-09-16,2014-10-01,39289013.0,45293394.00000002,-6004381.000000022
block_only_ols,1,14-15,14-15,7,2014-10-16,2014-11-01,42557556.0,36805837.53333332,5751718.466666684
block_only_ols,1,14-15,14-15,8,2014-11-16,2014-12-01,19129990.0,23688773.799999997,-4558783.799999997
block_only_ols,1,14-15,14-15,9,2014-12-16,2015-01-01,5106403.0,7241250.733333327,-2134847.733333327
block_only_ols,1,14-15,14-15,10,2015-01-16,2015-02-01,573473.0,465899.3999999799,107573.60000002012
block_only_ols,1,14-15,14-15,11,2015-02-16,2015-03-01,167766.0,243325.26666664705,-75559.26666664705
block_only_ols,1,14-15,14-15,12,2015-03-16,2015-04-01,1509111.0,3592389.8666666523,-2083278.8666666523
block_only_ols,1,15-16,15-16,1,2015-04-16,2015-05-01,22419779.0,25504606.266666707,-3084827.2666667067
block_only_ols,1,15-16,15-16,2,2015-05-16,2015-06-01,40913611.0,48197478.66666666,-7283867.666666657
block_only_ols,1,15-16,15-16,3,2015-06-16,2015-07-01,51559852.0,48212189.86666666,3347662.1333333403
block_only_ols,1,15-16,15-16,4,2015-07-16,2015-08-01,46975159.0,54949457.8,-7974298.799999997
block_only_ols,1,15-16,15-16,5,2015-08-16,2015-09-01,56700999.0,52274235.000000015,4426763.999999985
block_only_ols,1,15-16,15-16,6,2015-09-16,2015-10-01,40025712.0,45244280.733333364,-5218568.733333364
block_only_ols,1,15-16,15-16,7,2015-10-16,2015-11-01,46093055.0,36570137.59999998,9522917.40000002
block_only_ols,1,15-16,15-16,8,2015-11-16,2015-12-01,26382747.0,23205256.666666664,3177490.333333336
block_only_ols,1,15-16,15-16,9,2015-12-16,2016-01-01,19726736.0,6266561.866666663,13460174.133333337
block_only_ols,1,15-16,15-16,10,2016-01-16,2016-02-01,3549332.0,267508.7999999933,3281823.2000000067
block_only_ols,1,15-16,15-16,11,2016-02-16,2016-03-01,2125136.0,112833.93333331496,2012302.066666685
block_only_ols,1,15-16,15-16,12,2016-03-16,2016-04-01,11850513.0,2902963.0666666627,8947549.933333337
block_only_ols,1,16-17,16-17,1,2016-04-16,2016-05-01,43810763.0,24078540.666666716,19732222.333333284
block_only_ols,1,16-17,16-17,2,2016-05-16,2016-06-01,43889437.0,47999090.26666665,-4109653.266666651
block_only_ols,1,16-17,16-17,3,2016-06-16,2016-07-01,41351162.0,48892769.19999999,-7541607.199999988
block_only_ols,1,16-17,16-17,4,2016-07-16,2016-08-01,58180942.0,54202405.6,3978536.3999999985
block_only_ols,1,16-17,16-17,5,2016-08-16,2016-09-01,50535926.0,52685239.86666669,-2149313.8666666895
block_only_ols,1,16-17,16-17,6,2016-09-16,2016-10-01,48160320.0,44701973.53333336,3458346.466666639
block_only_ols,1,16-17,16-17,7,2016-10-16,2016-11-01,39456393.0,37012581.733333305,2443811.2666666955
block_only_ols,1,16-17,16-17,8,2016-11-16,2016-12-01,26082913.0,23225245.600000005,2857667.399999995
block_only_ols,1,16-17,16-17,9,2016-12-16,2017-01-01,6848360.0,7125120.266666658,-276760.2666666582
block_only_ols,1,16-17,16-17,10,2017-01-16,2017-02-01,697362.0,457640.1333333105,239721.86666668952
block_only_ols,1,16-17,16-17,11,2017-02-16,2017-03-01,554974.0,217511.39999997988,337462.6000000201
block_only_ols,1,16-17,16-17,12,2017-03-16,2017-04-01,6421087.0,3264924.8000000007,3156162.1999999993
block_only_ols,1,17-18,17-18,1,2017-04-16,2017-05-01,25457747.0,25302075.066666715,155671.93333328515
block_only_ols,1,17-18,17-18,2,2017-05-16,2017-06-01,42330199.0,48103039.466666654,-5772840.466666654
block_only_ols,1,17-18,17-18,3,2017-06-16,2017-07-01,53295057.0,48096509.53333332,5198547.466666684
block_only_ols,1,17-18,17-18,4,2017-07-16,2017-08-01,58936001.0,54152068.33333333,4783932.666666672
block_only_ols,1,17-18,17-18,5,2017-08-16,2017-09-01,49584932.0,52748639.46666667,-3163707.4666666687
block_only_ols,1,17-18,17-18,6,2017-09-16,2017-10-01,51954294.0,44449041.93333335,7505252.066666648
block_only_ols,1,17-18,17-18,7,2017-10-16,2017-11-01,37068378.0,37171782.73333331,-103404.73333331198
block_only_ols,1,17-18,17-18,8,2017-11-16,2017-12-01,22742945.0,23447910.133333333,-704965.1333333328
block_only_ols,1,17-18,17-18,9,2017-12-16,2018-01-01,8281823.0,7029556.066666666,1252266.9333333336
block_only_ols,1,17-18,17-18,10,2018-01-16,2018-02-01,25578.0,502425.73333332315,-476847.73333332315
block_only_ols,1,17-18,17-18,11,2018-02-16,2018-03-01,188067.0,241971.8666666448,-53904.86666664481
block_only_ols,1,17-18,17-18,12,2018-03-16,2018-04-01,7277321.0,3207842.5333333425,4069478.4666666575
block_only_ols,1,18-19,18-19,1,2018-04-16,2018-05-01,36989641.0,24533282.13333337,12456358.86666663
block_only_ols,1,18-19,18-19,2,2018-05-16,2018-06-01,46305680.0,47838007.39999999,-1532327.399999991
block_only_ols,1,18-19,18-19,3,2018-06-16,2018-07-01,53019243.0,48114897.13333334,4904345.86666666
block_only_ols,1,18-19,18-19,4,2018-07-16,2018-08-01,54203334.0,54467579.46666667,-264245.46666666865
block_only_ols,1,18-19,18-19,5,2018-08-16,2018-09-01,44695397.0,53074608.46666666,-8379211.466666661
block_only_ols,1,18-19,18-19,6,2018-09-16,2018-10-01,38840569.0,45323290.266666695,-6482721.2666666955
block_only_ols,1,18-19,18-19,7,2018-10-16,2018-11-01,27946096.0,37779934.866666645,-9833838.866666645
block_only_ols,1,18-19,18-19,8,2018-11-16,2018-12-01,20396811.0,23604319.066666663,-3207508.0666666627
block_only_ols,1,18-19,18-19,9,2018-12-16,2019-01-01,6855169.0,7124666.333333328,-269497.33333332837
block_only_ols,1,18-19,18-19,10,2019-01-16,2019-02-01,173070.0,492592.93333332613,-319522.93333332613
block_only_ols,1,18-19,18-19,11,2019-02-16,2019-03-01,64729.0,250194.39999997616,-185465.39999997616
block_only_ols,1,18-19,18-19,12,2019-03-16,2019-04-01,3848430.0,3436435.2666666657,411994.7333333343
block_only_ols,1,19-20,19-20,1,2019-04-16,2019-05-01,25179709.0,25320610.933333367,-140901.9333333671
block_only_ols,1,19-20,19-20,2,2019-05-16,2019-06-01,50387582.0,47565880.59999998,2821701.400000021
block_only_ols,1,19-20,19-20,3,2019-06-16,2019-07-01,52431797.0,48154060.2,4277736.799999997
block_only_ols,1,19-20,19-20,4,2019-07-16,2019-08-01,52558745.0,54577218.73333335,-2018473.7333333492
block_only_ols,1,19-20,19-20,5,2019-08-16,2019-09-01,53273213.0,52502754.06666667,770458.9333333299
block_only_ols,1,19-20,19-20,6,2019-09-16,2019-10-01,43605692.0,45005615.40000003,-1399923.4000000283
block_only_ols,1,19-20,19-20,7,2019-10-16,2019-11-01,42854529.0,36786039.33333331,6068489.666666687
block_only_ols,1,19-20,19-20,8,2019-11-16,2019-12-01,17106453.0,23823676.26666665,-6717223.266666651
block_only_ols,1,19-20,19-20,9,2019-12-16,2020-01-01,1261108.0,7497603.733333334,-6236495.733333334
block_only_ols,1,19-20,19-20,10,2020-01-16,2020-02-01,19992.0,502798.13333332166,-482806.13333332166
block_only_ols,1,19-20,19-20,11,2020-02-16,2020-03-01,0.0,254509.66666664183,-254509.66666664183
block_only_ols,1,19-20,19-20,12,2020-03-16,2020-04-01,4634695.0,3384017.599999994,1250677.400000006
block_only_ols,1,20-21,20-21,1,2020-04-16,2020-05-01,37969735.0,24467942.53333337,13501792.466666631
block_only_ols,1,20-21,20-21,2,2020-05-16,2020-06-01,52641606.0,47415612.33333333,5225993.666666672
block_only_ols,1,20-21,20-21,3,2020-06-16,2020-07-01,50182327.0,48304024.866666675,1878302.1333333254
block_only_ols,1,20-21,20-21,4,2020-07-16,2020-08-01,57730882.0,54232409.60000001,3498472.399999991
block_only_ols,1,20-21,20-21,5,2020-08-16,2020-09-01,52776407.0,52535874.466666676,240532.5333333239
block_only_ols,1,20-21,20-21,6,2020-09-16,2020-10-01,49758856.0,44595404.46666669,5163451.533333309
block_only_ols,1,20-21,20-21,7,2020-10-16,2020-11-01,37894982.0,37116675.8,778306.200000003
block_only_ols,1,20-21,20-21,8,2020-11-16,2020-12-01,15229986.0,23948774.066666655,-8718788.066666655
block_only_ols,1,20-21,20-21,9,2020-12-16,2021-01-01,617019.0,7540542.999999996,-6923523.999999996
block_only_ols,1,20-21,20-21,10,2021-01-16,2021-02-01,10265.0,503446.59999997914,-493181.59999997914
block_only_ols,1,20-21,20-21,11,2021-02-16,2021-03-01,16595.0,253403.33333331347,-236808.33333331347
block_only_ols,1,20-21,20-21,12,2021-03-16,2021-04-01,1678855.0,3581073.6000000015,-1902218.6000000015
block_only_ols,1,21-22,21-22,1,2021-04-16,2021-05-01,23522409.0,25431097.600000046,-1908688.6000000462
block_only_ols,1,21-22,21-22,2,2021-05-16,2021-06-01,51001348.0,47524962.86666666,3476385.1333333403
block_only_ols,1,21-22,21-22,3,2021-06-16,2021-07-01,48736569.0,48400408.73333332,336160.2666666806
block_only_ols,1,21-22,21-22,4,2021-07-16,2021-08-01,53983106.0,54482261.33333334,-499155.33333334327
block_only_ols,1,21-22,21-22,5,2021-08-16,2021-09-01,51550157.0,52617624.46666667,-1067467.4666666687
block_only_ols,1,21-22,21-22,6,2021-09-16,2021-10-01,43252331.0,45029172.80000001,-1776841.800000012
block_only_ols,1,21-22,21-22,7,2021-10-16,2021-11-01,19354723.0,38352693.06666665,-18997970.066666648
block_only_ols,1,21-22,21-22,8,2021-11-16,2021-12-01,7028226.0,24495558.06666666,-17467332.06666666
block_only_ols,1,21-22,21-22,9,2021-12-16,2022-01-01,190682.0,7568965.4666666575,-7378283.4666666575
block_only_ols,1,21-22,21-22,10,2022-01-16,2022-02-01,0.0,504130.93333331123,-504130.93333331123
block_only_ols,1,21-22,21-22,11,2022-02-16,2022-03-01,0.0,254509.66666664183,-254509.66666664183
block_only_ols,1,21-22,21-22,12,2022-03-16,2022-04-01,68753.0,3688413.7333333194,-3619660.7333333194
block_only_ols,1,22-23,22-23,1,2022-04-16,2022-05-01,14681891.0,26020465.46666671,-11338574.46666671
block_only_ols,1,22-23,22-23,2,2022-05-16,2022-06-01,45258737.0,47907803.59999998,-2649066.599999979
block_only_ols,1,22-23,22-23,3,2022-06-16,2022-07-01,47363873.0,48491921.8,-1128048.799999997
block_only_ols,1,22-23,22-23,4,2022-07-16,2022-08-01,55574655.0,54376158.06666665,1198496.9333333522
block_only_ols,1,22-23,22-23,5,2022-08-16,2022-09-01,48196640.0,52841192.26666668,-4644552.266666681
block_only_ols,1,22-23,22-23,6,2022-09-16,2022-10-01,36585620.0,45473620.20000002,-8888000.200000018
block_only_ols,1,22-23,22-23,7,2022-10-16,2022-11-01,36743555.0,37193437.59999998,-449882.59999997914
block_only_ols,1,22-23,22-23,8,2022-11-16,2022-12-01,24673613.0,23319198.93333333,1354414.0666666701
block_only_ols,1,22-23,22-23,9,2022-12-16,2023-01-01,3024763.0,7380026.733333334,-4355263.733333334
block_only_ols,1,22-23,22-23,10,2023-01-16,2023-02-01,0.0,504130.93333331123,-504130.93333331123
block_only_ols,1,22-23,22-23,11,2023-02-16,2023-03-01,17480.0,253344.33333330974,-235864.33333330974
block_only_ols,1,22-23,22-23,12,2023-03-16,2023-04-01,2387836.0,3533808.2000000067,-1145972.2000000067
block_only_ols,1,23-24,23-24,1,2023-04-16,2023-05-01,19502051.0,25699121.466666702,-6197070.466666702
block_only_ols,1,23-24,23-24,2,2023-05-16,2023-06-01,54613215.0,47284171.73333333,7329043.266666673
block_only_ols,1,23-24,23-24,3,2023-06-16,2023-07-01,47191995.0,48503380.33333333,-1311385.3333333284
block_only_ols,1,23-24,23-24,4,2023-07-16,2023-08-01,59486498.0,54115368.533333346,5371129.466666654
block_only_ols,1,23-24,23-24,5,2023-08-16,2023-09-01,56127609.0,52312461.000000015,3815147.999999985
block_only_ols,1,23-24,23-24,6,2023-09-16,2023-10-01,51809218.0,44458713.66666669,7350504.333333313
block_only_ols,1,23-24,23-24,7,2023-10-16,2023-11-01,38439426.0,37080379.53333332,1359046.4666666836
block_only_ols,1,23-24,23-24,8,2023-11-16,2023-12-01,38187359.0,22418282.53333333,15769076.466666669
block_only_ols,1,23-24,23-24,9,2023-12-16,2024-01-01,16959995.0,6451011.266666669,10508983.73333333
block_only_ols,1,23-24,23-24,10,2024-01-16,2024-02-01,948654.0,440887.3333333209,507766.6666666791
block_only_ols,1,23-24,23-24,11,2024-02-16,2024-03-01,363793.0,230256.7999999933,133536.2000000067
block_only_ols,1,23-24,23-24,12,2024-03-16,2024-04-01,3972760.0,3428146.600000005,544613.3999999948
block_only_ols,1,24-25,24-25,1,2024-04-16,2024-05-01,32053800.0,24862338.200000033,7191461.799999967
block_only_ols,1,24-25,24-25,2,2024-05-16,2024-06-01,52911731.0,47397604.0,5514127.0
block_only_ols,1,24-25,24-25,3,2024-06-16,2024-07-01,57005563.0,47849142.46666666,9156420.533333339
block_only_ols,1,24-25,24-25,4,2024-07-16,2024-08-01,55100624.0,54407760.13333333,692863.8666666672
block_only_ols,1,24-25,24-25,5,2024-08-16,2024-09-01,50314323.0,52700013.400000006,-2385690.400000006
block_only_ols,1,24-25,24-25,6,2024-09-16,2024-10-01,47649759.0,44736010.93333336,2913748.0666666403
block_only_ols,1,24-25,24-25,7,2024-10-16,2024-11-01,35063996.0,37305408.19999998,-2241412.1999999806
block_only_ols,1,24-25,24-25,8,2024-11-16,2024-12-01,20111231.0,23623357.733333334,-3512126.7333333343
block_only_ols,1,24-25,24-25,9,2024-12-16,2025-01-01,4344693.0,7292031.399999991,-2947338.399999991
block_only_ols,1,24-25,24-25,10,2025-01-16,2025-02-01,0.0,504130.9333333038,-504130.9333333038
block_only_ols,1,24-25,24-25,11,2025-02-16,2025-03-01,0.0,254509.66666664556,-254509.66666664556
block_only_ols,1,24-25,24-25,12,2025-03-16,2025-04-01,2893723.0,3500082.3999999873,-606359.3999999873
block_only_ols,1,25-26,25-26,1,2025-04-16,2025-05-01,18281747.0,25780475.066666707,-7498728.066666707
block_only_ols,1,25-26,25-26,2,2025-05-16,2025-06-01,52310289.0,47437700.13333331,4872588.8666666895
block_only_ols,1,25-26,25-26,3,2025-06-16,2025-07-01,45340511.0,48626812.599999994,-3286301.599999994
block_only_ols,1,25-26,25-26,4,2025-07-16,2025-08-01,57129118.0,54272527.2,2856590.799999997
block_only_ols,1,25-26,25-26,5,2025-08-16,2025-09-01,56572358.0,52282811.06666666,4289546.933333337
block_only_ols,1,25-26,25-26,6,2025-09-16,2025-10-01,49716418.0,44598233.6666667,5118184.333333299
block_only_ols,1,25-26,25-26,7,2025-10-16,2025-11-01,36717950.0,37195144.59999998,-477194.59999997914
block_only_ols,1,25-26,25-26,8,2025-11-16,2025-12-01,20695347.0,23584416.66666666,-2889069.6666666605
block_only_ols,1,25-26,25-26,9,2025-12-16,2026-01-01,4220127.0,7300335.799999997,-3080208.799999997
block_only_ols,1,25-26,25-26,10,2026-01-16,2026-02-01,162615.0,493289.93333331123,-330674.93333331123
block_only_ols,1,25-26,25-26,11,2026-02-16,2026-03-01,47449.0,251346.39999998733,-203897.39999998733
block_only_ols,1,25-26,25-26,12,2026-03-16,2026-04-01,3739136.0,3443721.533333335,295414.4666666649
block_only_ols,2,10-11,10-11,1,2010-04-16,2010-06-01,87169803.0,72112990.73333332,15056812.26666668
block_only_ols,2,10-11,10-11,2,2010-06-16,2010-08-01,105120051.0,102722645.0,2397406.0
block_only_ols,2,10-11,10-11,3,2010-08-16,2010-10-01,92181609.0,97821522.53333333,-5639913.533333331
block_only_ols,2,10-11,10-11,4,2010-10-16,2010-12-01,64439612.0,60311140.266666666,4128471.7333333343
block_only_ols,2,10-11,10-11,5,2010-12-16,2011-02-01,5900761.0,7692424.466666646,-1791663.4666666463
block_only_ols,2,10-11,10-11,6,2011-02-16,2011-04-01,1071433.0,3876078.066666633,-2804645.066666633
block_only_ols,2,11-12,11-12,1,2011-04-16,2011-06-01,62907022.0,73730509.46666665,-10823487.466666654
block_only_ols,2,11-12,11-12,2,2011-06-16,2011-08-01,101910340.0,102936625.73333335,-1026285.7333333492
block_only_ols,2,11-12,11-12,3,2011-08-16,2011-10-01,95385836.0,97607907.4,-2222071.400000006
block_only_ols,2,11-12,11-12,4,2011-10-16,2011-12-01,42568889.0,61769188.46666668,-19200299.466666684
block_only_ols,2,11-12,11-12,5,2011-12-16,2012-02-01,702437.0,8038979.3999999985,-7336542.3999999985
block_only_ols,2,11-12,11-12,6,2012-02-16,2012-04-01,151653.0,3937396.7333333194,-3785743.7333333194
block_only_ols,2,12-13,12-13,1,2012-04-16,2012-06-01,40846050.0,75201240.93333332,-34355190.93333332
block_only_ols,2,12-13,12-13,2,2012-06-16,2012-08-01,87405353.0,103903624.86666669,-16498271.86666669
block_only_ols,2,12-13,12-13,3,2012-08-16,2012-10-01,101639344.0,97191006.86666667,4448337.133333325
block_only_ols,2,12-13,12-13,4,2012-10-16,2012-12-01,84577770.0,58968596.40000001,25609173.599999987
block_only_ols,2,12-13,12-13,5,2012-12-16,2013-02-01,15079671.0,7080497.133333325,7999173.866666675
block_only_ols,2,12-13,12-13,6,2013-02-16,2013-04-01,1199523.0,3867538.7333333045,-2668015.7333333045
block_only_ols,2,13-14,13-14,1,2013-04-16,2013-06-01,73509982.0,73023645.46666665,486336.53333334625
block_only_ols,2,13-14,13-14,2,2013-06-16,2013-08-01,92268119.0,103579440.46666668,-11311321.466666684
block_only_ols,2,13-14,13-14,3,2013-08-16,2013-10-01,104586130.0,96994554.46666667,7591575.533333331
block_only_ols,2,13-14,13-14,4,2013-10-16,2013-12-01,79562185.0,59302968.73333335,20259216.26666665
block_only_ols,2,13-14,13-14,5,2013-12-16,2014-02-01,16007040.0,7018672.533333324,8988367.466666676
block_only_ols,2,13-14,13-14,6,2014-02-16,2014-04-01,2961786.0,3750054.5333333015,-788268.5333333015
block_only_ols,2,14-15,14-15,1,2014-04-16,2014-06-01,71999100.0,73124370.93333331,-1125270.9333333075
block_only_ols,2,14-15,14-15,2,2014-06-16,2014-08-01,101918850.0,102936058.4,-1017208.400000006
block_only_ols,2,14-15,14-15,3,2014-08-16,2014-10-01,94024778.0,97698644.60000002,-3673866.600000024
block_only_ols,2,14-15,14-15,4,2014-10-16,2014-12-01,61687546.0,60494611.33333332,1192934.666666679
block_only_ols,2,14-15,14-15,5,2014-12-16,2015-02-01,5679876.0,7707150.133333303,-2027274.133333303
block_only_ols,2,14-15,14-15,6,2015-02-16,2015-04-01,1676877.0,3835715.1333333105,-2158838.1333333105
block_only_ols,2,15-16,15-16,1,2015-04-16,2015-06-01,63333390.0,73702084.93333334,-10368694.933333337
block_only_ols,2,15-16,15-16,2,2015-06-16,2015-08-01,98535011.0,103161647.66666669,-4626636.666666687
block_only_ols,2,15-16,15-16,3,2015-08-16,2015-10-01,96726711.0,97518515.73333335,-791804.7333333492
block_only_ols,2,15-16,15-16,4,2015-10-16,2015-12-01,72475802.0,59775394.266666666,12700407.733333334
block_only_ols,2,15-16,15-16,5,2015-12-16,2016-02-01,23276068.0,6534070.666666657,16741997.333333343
block_only_ols,2,15-16,15-16,6,2016-02-16,2016-04-01,13975649.0,3015796.99999997,10959852.00000003
block_only_ols,2,16-17,16-17,1,2016-04-16,2016-06-01,87700200.0,72077630.93333331,15622569.066666692
block_only_ols,2,16-17,16-17,2,2016-06-16,2016-08-01,99532104.0,103095174.80000001,-3563070.800000012
block_only_ols,2,16-17,16-17,3,2016-08-16,2016-10-01,98696246.0,97387213.4,1309032.599999994
block_only_ols,2,16-17,16-17,4,2016-10-16,2016-12-01,65539306.0,60237827.333333336,5301478.666666664
block_only_ols,2,16-17,16-17,5,2016-12-16,2017-02-01,7545722.0,7582760.399999976,-37038.39999997616
block_only_ols,2,16-17,16-17,6,2017-02-16,2017-04-01,6976061.0,3482436.199999973,3493624.800000027
block_only_ols,2,17-18,17-18,1,2017-04-16,2017-06-01,67787946.0,73405114.53333333,-5617168.533333331
block_only_ols,2,17-18,17-18,2,2017-06-16,2017-08-01,112231058.0,102248577.86666669,9982480.13333331
block_only_ols,2,17-18,17-18,3,2017-08-16,2017-10-01,101539226.0,97197681.40000002,4341544.599999979
block_only_ols,2,17-18,17-18,4,2017-10-16,2017-12-01,59811323.0,60619692.86666668,-808369.8666666821
block_only_ols,2,17-18,17-18,5,2017-12-16,2018-02-01,8307401.0,7531981.799999997,775419.200000003
block_only_ols,2,17-18,17-18,6,2018-02-16,2018-04-01,7465388.0,3449814.399999976,4015573.600000024
block_only_ols,2,18-19,18-19,1,2018-04-16,2018-06-01,83295321.0,72371289.53333333,10924031.466666669
block_only_ols,2,18-19,18-19,2,2018-06-16,2018-08-01,107222577.0,102582476.60000001,4640100.399999991
block_only_ols,2,18-19,18-19,3,2018-08-16,2018-10-01,83535966.0,98397898.73333332,-14861932.73333332
block_only_ols,2,18-19,18-19,4,2018-10-16,2018-12-01,48342907.0,61384253.933333345,-13041346.933333345
block_only_ols,2,18-19,18-19,5,2018-12-16,2019-02-01,7028239.0,7617259.266666651,-589020.2666666508
block_only_ols,2,18-19,18-19,6,2019-02-16,2019-04-01,3913159.0,3686629.666666642,226529.33333335817
block_only_ols,2,19-20,19-20,1,2019-04-16,2019-06-01,75567291.0,72886491.53333333,2680799.4666666687
block_only_ols,2,19-20,19-20,2,2019-06-16,2019-08-01,104990542.0,102731278.93333337,2259263.066666633
block_only_ols,2,19-20,19-20,3,2019-08-16,2019-10-01,96878905.0,97508369.46666668,-629464.4666666836
block_only_ols,2,19-20,19-20,4,2019-10-16,2019-12-01,59960982.0,60609715.60000001,-648733.6000000089
block_only_ols,2,19-20,19-20,5,2019-12-16,2020-02-01,1281100.0,8000401.86666666,-6719301.86666666
block_only_ols,2,19-20,19-20,6,2020-02-16,2020-04-01,4634695.0,3638527.266666651,996167.7333333492
block_only_ols,2,20-21,20-21,1,2020-04-16,2020-06-01,90611341.0,71883554.86666667,18727786.133333325
block_only_ols,2,20-21,20-21,2,2020-06-16,2020-08-01,107913209.0,102536434.4666667,5376774.533333302
block_only_ols,2,20-21,20-21,3,2020-08-16,2020-10-01,102535263.0,97131278.93333335,5403984.066666648
block_only_ols,2,20-21,20-21,4,2020-10-16,2020-12-01,53124968.0,61065449.86666668,-7940481.866666682
block_only_ols,2,20-21,20-21,5,2020-12-16,2021-02-01,627284.0,8043989.599999994,-7416705.599999994
block_only_ols,2,20-21,20-21,6,2021-02-16,2021-04-01,1695450.0,3834476.9333332926,-2139026.9333332926
block_only_ols,2,21-22,21-22,1,2021-04-16,2021-06-01,74523757.0,72956060.46666665,1567696.5333333462
block_only_ols,2,21-22,21-22,2,2021-06-16,2021-08-01,102719675.0,102882670.06666669,-162995.0666666925
block_only_ols,2,21-22,21-22,3,2021-08-16,2021-10-01,94802488.0,97646797.26666667,-2844309.2666666657
block_only_ols,2,21-22,21-22,4,2021-10-16,2021-12-01,26382949.0,62848251.13333334,-36465302.13333334
block_only_ols,2,21-22,21-22,5,2021-12-16,2022-02-01,190682.0,8073096.399999991,-7882414.399999991
block_only_ols,2,21-22,21-22,6,2022-02-16,2022-04-01,68753.0,3942923.399999976,-3874170.399999976
block_only_ols,2,22-23,22-23,1,2022-04-16,2022-06-01,59940628.0,73928269.06666665,-13987641.066666648
block_only_ols,2,22-23,22-23,2,2022-06-16,2022-08-01,102938528.0,102868079.8666667,70448.13333329558
block_only_ols,2,22-23,22-23,3,2022-08-16,2022-10-01,84782260.0,98314812.46666668,-13532552.466666684
block_only_ols,2,22-23,22-23,4,2022-10-16,2022-12-01,61417168.0,60512636.53333334,904531.4666666612
block_only_ols,2,22-23,22-23,5,2022-12-16,2023-02-01,3024763.0,7884157.666666657,-4859394.666666657
block_only_ols,2,22-23,22-23,6,2023-02-16,2023-04-01,2405316.0,3787152.5333332866,-1381836.5333332866
block_only_ols,2,23-24,23-24,1,2023-04-16,2023-06-01,74115266.0,72983293.19999999,1131972.800000012
block_only_ols,2,23-24,23-24,2,2023-06-16,2023-08-01,106678493.0,102618748.86666669,4059744.1333333105
block_only_ols,2,23-24,23-24,3,2023-08-16,2023-10-01,107936827.0,96771174.66666669,11165652.333333313
block_only_ols,2,23-24,23-24,4,2023-10-16,2023-12-01,76626785.0,59498662.066666685,17128122.933333315
block_only_ols,2,23-24,23-24,5,2023-12-16,2024-02-01,17908649.0,6891898.599999994,11016750.400000006
block_only_ols,2,23-24,23-24,6,2024-02-16,2024-04-01,4336553.0,3658403.399999991,678149.6000000089
block_only_ols,2,24-25,24-25,1,2024-04-16,2024-06-01,84965531.0,72259942.2,12705588.799999997
block_only_ols,2,24-25,24-25,2,2024-06-16,2024-08-01,112106187.0,102256902.60000002,9849284.399999976
block_only_ols,2,24-25,24-25,3,2024-08-16,2024-10-01,97964082.0,97436024.33333334,528057.6666666567
block_only_ols,2,24-25,24-25,4,2024-10-16,2024-12-01,55175227.0,60928765.93333335,-5753538.933333352
block_only_ols,2,24-25,24-25,5,2024-12-16,2025-02-01,4344693.0,7796162.333333321,-3451469.333333321
block_only_ols,2,24-25,24-25,6,2025-02-16,2025-04-01,2893723.0,3754592.066666648,-860869.0666666478
block_only_ols,2,25-26,25-26,1,2025-04-16,2025-06-01,70592036.0,73218175.2,-2626139.200000003
block_only_ols,2,25-26,25-26,2,2025-06-16,2025-08-01,102469629.0,102899339.80000001,-429710.8000000119
block_only_ols,2,25-26,25-26,3,2025-08-16,2025-10-01,106288776.0,96881044.73333332,9407731.26666668
block_only_ols,2,25-26,25-26,4,2025-10-16,2025-12-01,57413297.0,60779561.26666668,-3366264.2666666806
block_only_ols,2,25-26,25-26,5,2025-12-16,2026-02-01,4382742.0,7793625.733333327,-3410883.733333327
block_only_ols,2,25-26,25-26,6,2026-02-16,2026-04-01,3786585.0,3695067.9333333075,91517.0666666925
block_only_ols,3,10-11,10-11,1,2010-04-16,2010-07-01,139693217.0,120260943.13333327,19432273.866666734
block_only_ols,3,10-11,10-11,2,2010-07-16,2010-10-01,144778246.0,152396215.13333336,-7617969.133333355
block_only_ols,3,10-11,10-11,3,2010-10-16,2011-01-01,70045796.0,67519072.2666667,2526723.7333333045
block_only_ols,3,10-11,10-11,4,2011-01-16,2011-04-01,1366010.0,4360570.533333331,-2994560.5333333313
block_only_ols,3,11-12,11-12,1,2011-04-16,2011-07-01,111481974.0,122141692.6666666,-10659718.666666597
block_only_ols,3,11-12,11-12,2,2011-07-16,2011-10-01,148721224.0,152133349.93333334,-3412125.9333333373
block_only_ols,3,11-12,11-12,3,2011-10-16,2012-01-01,43271326.0,69304036.9333334,-26032710.933333397
block_only_ols,3,11-12,11-12,4,2012-01-16,2012-04-01,151653.0,4441527.666666687,-4289874.666666687
block_only_ols,3,12-13,12-13,1,2012-04-16,2012-07-01,73734195.0,124658211.26666659,-50924016.26666659
block_only_ols,3,12-13,12-13,2,2012-07-16,2012-10-01,156156552.0,151637661.4,4518890.599999994
block_only_ols,3,12-13,12-13,3,2012-10-16,2013-01-01,99075530.0,65583756.66666672,33491773.333333284
block_only_ols,3,12-13,12-13,4,2013-01-16,2013-04-01,1781434.0,4332875.600000009,-2551441.600000009
block_only_ols,3,13-14,13-14,1,2013-04-16,2013-07-01,112902970.0,122046959.59999993,-9143989.599999934
block_only_ols,3,13-14,13-14,2,2013-07-16,2013-10-01,157461261.0,151550680.79999998,5910580.200000018
block_only_ols,3,13-14,13-14,3,2013-10-16,2014-01-01,95044090.0,65852519.33333336,29191570.66666664
block_only_ols,3,13-14,13-14,4,2014-01-16,2014-04-01,3486921.0,4219176.466666669,-732255.4666666687
block_only_ols,3,14-15,14-15,1,2014-04-16,2014-07-01,125884352.0,121181534.13333327,4702817.866666734
block_only_ols,3,14-15,14-15,2,2014-07-16,2014-10-01,142058376.0,152577539.80000004,-10519163.800000042
block_only_ols,3,14-15,14-15,3,2014-10-16,2015-01-01,66793949.0,67735862.06666672,-941913.0666667223
block_only_ols,3,14-15,14-15,4,2015-01-16,2015-04-01,2250350.0,4301614.533333361,-2051264.5333333611
block_only_ols,3,15-16,15-16,1,2015-04-16,2015-07-01,114893242.0,121914274.79999995,-7021032.799999952
block_only_ols,3,15-16,15-16,2,2015-07-16,2015-10-01,143701870.0,152467973.53333333,-8766103.533333331
block_only_ols,3,15-16,15-16,3,2015-10-16,2016-01-01,92202538.0,66041956.13333337,26160581.86666663
block_only_ols,3,15-16,15-16,4,2016-01-16,2016-04-01,17524981.0,3283305.799999982,14241675.200000018
block_only_ols,3,16-17,16-17,1,2016-04-16,2016-07-01,129051362.0,120970400.13333327,8080961.866666734
block_only_ols,3,16-17,16-17,2,2016-07-16,2016-10-01,156877188.0,151589619.0,5287569.0
block_only_ols,3,16-17,16-17,3,2016-10-16,2017-01-01,72387666.0,67362947.60000005,5024718.399999946
block_only_ols,3,16-17,16-17,4,2017-01-16,2017-04-01,7673423.0,3940076.3333333433,3733346.6666666567
block_only_ols,3,17-18,17-18,1,2017-04-16,2017-07-01,121083003.0,121501624.06666662,-418621.066666618
block_only_ols,3,17-18,17-18,2,2017-07-16,2017-10-01,160475227.0,151349749.73333332,9125477.26666668
block_only_ols,3,17-18,17-18,3,2017-10-16,2018-01-01,68093146.0,67649248.93333338,443897.066666618
block_only_ols,3,17-18,17-18,4,2018-01-16,2018-04-01,7490966.0,3952240.1333333403,3538725.8666666597
block_only_ols,3,18-19,18-19,1,2018-04-16,2018-07-01,136314564.0,120486186.66666661,15828377.333333388
block_only_ols,3,18-19,18-19,2,2018-07-16,2018-10-01,137739300.0,152865478.2,-15126178.199999988
block_only_ols,3,18-19,18-19,3,2018-10-16,2019-01-01,55198076.0,68508920.26666674,-13310844.26666674
block_only_ols,3,18-19,18-19,4,2019-01-16,2019-04-01,4086229.0,4179222.600000024,-92993.60000002384
block_only_ols,3,19-20,19-20,1,2019-04-16,2019-07-01,127999088.0,121040551.73333326,6958536.26666674
block_only_ols,3,19-20,19-20,2,2019-07-16,2019-10-01,149437650.0,152085588.2,-2647938.199999988
block_only_ols,3,19-20,19-20,3,2019-10-16,2020-01-01,61222090.0,68107319.3333334,-6885229.333333403
block_only_ols,3,19-20,19-20,4,2020-01-16,2020-04-01,4654687.0,4141325.400000006,513361.59999999404
block_only_ols,3,20-21,20-21,1,2020-04-16,2020-07-01,140793668.0,120187579.73333329,20606088.26666671
block_only_ols,3,20-21,20-21,2,2020-07-16,2020-10-01,160266145.0,151363688.53333333,8902456.466666669
block_only_ols,3,20-21,20-21,3,2020-10-16,2021-01-01,53741987.0,68605992.86666673,-14864005.866666734
block_only_ols,3,20-21,20-21,4,2021-01-16,2021-04-01,1705715.0,4337923.533333346,-2632208.5333333462
block_only_ols,3,21-22,21-22,1,2021-04-16,2021-07-01,123260326.0,121356469.19999993,1903856.8000000715
block_only_ols,3,21-22,21-22,2,2021-07-16,2021-10-01,148785594.0,152129058.6,-3343464.599999994
block_only_ols,3,21-22,21-22,3,2021-10-16,2022-01-01,26573631.0,70417216.60000005,-43843585.60000005
block_only_ols,3,21-22,21-22,4,2022-01-16,2022-04-01,68753.0,4447054.333333343,-4378301.333333343
block_only_ols,3,22-23,22-23,1,2022-04-16,2022-07-01,107304501.0,122420190.8666666,-15115689.8666666
block_only_ols,3,22-23,22-23,2,2022-07-16,2022-10-01,140356915.0,152690970.5333333,-12334055.533333302
block_only_ols,3,22-23,22-23,3,2022-10-16,2023-01-01,64441931.0,67892663.26666673,-3450732.2666667253
block_only_ols,3,22-23,22-23,4,2023-01-16,2023-04-01,2405316.0,4291283.466666684,-1885967.4666666836
block_only_ols,3,23-24,23-24,1,2023-04-16,2023-07-01,121307261.0,121486673.53333327,-179412.53333327174
block_only_ols,3,23-24,23-24,2,2023-07-16,2023-10-01,167423325.0,150886543.20000002,16536781.799999982
block_only_ols,3,23-24,23-24,3,2023-10-16,2024-01-01,93586780.0,65949673.3333334,27637106.666666597
block_only_ols,3,23-24,23-24,4,2024-01-16,2024-04-01,5285207.0,4099290.733333364,1185916.2666666359
block_only_ols,3,24-25,24-25,1,2024-04-16,2024-07-01,141971094.0,120109084.66666661,21862009.333333388
block_only_ols,3,24-25,24-25,2,2024-07-16,2024-10-01,153064706.0,151843784.46666667,1220921.5333333313
block_only_ols,3,24-25,24-25,3,2024-10-16,2025-01-01,59519920.0,68220797.33333336,-8700877.333333358
block_only_ols,3,24-25,24-25,4,2025-01-16,2025-04-01,2893723.0,4258722.999999985,-1364999.999999985
block_only_ols,3,25-26,25-26,1,2025-04-16,2025-07-01,115932547.0,121844987.79999995,-5912440.799999952
block_only_ols,3,25-26,25-26,2,2025-07-16,2025-10-01,163417894.0,151153571.93333334,12264322.066666663
block_only_ols,3,25-26,25-26,3,2025-10-16,2026-01-01,61633424.0,68079897.06666672,-6446473.066666722
block_only_ols,3,25-26,25-26,4,2026-01-16,2026-04-01,3949200.0,4188357.8666666597,-239157.8666666597
block_only_ols,4,10-11,10-11,1,2010-04-16,2010-08-01,192289854.0,174835635.73333335,17454218.26666665
block_only_ols,4,10-11,10-11,2,2010-08-16,2010-12-01,156621221.0,158132662.79999998,-1511441.7999999821
block_only_ols,4,10-11,10-11,3,2010-12-16,2011-04-01,6972194.0,11568502.533333302,-4596308.533333302
block_only_ols,4,11-12,11-12,1,2011-04-16,2011-08-01,164817362.0,176667135.20000002,-11849773.200000018
block_only_ols,4,11-12,11-12,2,2011-08-16,2011-12-01,137954725.0,159377095.86666667,-21422370.866666675
block_only_ols,4,11-12,11-12,3,2011-12-16,2012-04-01,854090.0,11976376.133333296,-11122286.133333296
block_only_ols,4,12-13,12-13,1,2012-04-16,2012-08-01,128251403.0,179104865.8,-50853462.80000001
block_only_ols,4,12-13,12-13,2,2012-08-16,2012-12-01,186217114.0,156159603.26666668,30057510.73333332
block_only_ols,4,12-13,12-13,3,2012-12-16,2013-04-01,16279194.0,10948035.866666675,5331158.133333325
block_only_ols,4,13-14,13-14,1,2013-04-16,2013-08-01,165778101.0,176603085.93333334,-10824984.933333337
block_only_ols,4,13-14,13-14,2,2013-08-16,2013-12-01,184148315.0,156297523.2,27850791.800000012
block_only_ols,4,13-14,13-14,3,2013-12-16,2014-04-01,18968826.0,10768727.066666663,8200098.933333337
block_only_ols,4,14-15,14-15,1,2014-04-16,2014-08-01,173917950.0,176060429.3333333,-2142479.3333333135
block_only_ols,4,14-15,14-15,2,2014-08-16,2014-12-01,155712324.0,158193255.9333333,-2480931.9333333075
block_only_ols,4,14-15,14-15,3,2014-12-16,2015-04-01,7356753.0,11542865.26666665,-4186112.266666651
block_only_ols,4,15-16,15-16,1,2015-04-16,2015-08-01,161868401.0,176863732.60000002,-14995331.600000024
block_only_ols,4,15-16,15-16,2,2015-08-16,2015-12-01,169202513.0,157293910.0,11908603.0
block_only_ols,4,15-16,15-16,3,2015-12-16,2016-04-01,37251717.0,9549867.666666657,27701849.333333343
block_only_ols,4,16-17,16-17,1,2016-04-16,2016-08-01,187232304.0,175172805.73333332,12059498.26666668
block_only_ols,4,16-17,16-17,2,2016-08-16,2016-12-01,164235552.0,157625040.73333335,6610511.266666651
block_only_ols,4,16-17,16-17,3,2016-12-16,2017-04-01,14521783.0,11065196.599999964,3456586.4000000358
block_only_ols,4,17-18,17-18,1,2017-04-16,2017-08-01,180019004.0,175653692.39999998,4365311.600000024
block_only_ols,4,17-18,17-18,2,2017-08-16,2017-12-01,161350549.0,157817374.26666665,3533174.733333349
block_only_ols,4,17-18,17-18,3,2017-12-16,2018-04-01,15772789.0,10981796.199999988,4790992.800000012
block_only_ols,4,18-19,18-19,1,2018-04-16,2018-08-01,190517898.0,174953766.13333333,15564131.866666675
block_only_ols,4,18-19,18-19,2,2018-08-16,2018-12-01,131878873.0,159782152.66666666,-27903279.666666657
block_only_ols,4,18-19,18-19,3,2018-12-16,2019-04-01,10941398.0,11303888.933333308,-362490.9333333075
block_only_ols,4,19-20,19-20,1,2019-04-16,2019-08-01,180557833.0,175617770.4666667,4940062.533333302
block_only_ols,4,19-20,19-20,2,2019-08-16,2019-12-01,156839887.0,158118085.0666667,-1278198.0666666925
block_only_ols,4,19-20,19-20,3,2019-12-16,2020-04-01,5915795.0,11638929.133333325,-5723134.133333325
block_only_ols,4,20-21,20-21,1,2020-04-16,2020-08-01,198524550.0,174419989.33333334,24104560.666666657
block_only_ols,4,20-21,20-21,2,2020-08-16,2020-12-01,155660231.0,158196728.8,-2536497.800000012
block_only_ols,4,20-21,20-21,3,2020-12-16,2021-04-01,2322734.0,11878466.533333302,-9555732.533333302
block_only_ols,4,21-22,21-22,1,2021-04-16,2021-08-01,177243432.0,175838730.53333336,1404701.4666666389
block_only_ols,4,21-22,21-22,2,2021-08-16,2021-12-01,121185437.0,160495048.4,-39309611.400000006
block_only_ols,4,21-22,21-22,3,2021-12-16,2022-04-01,259435.0,12016019.799999982,-11756584.799999982
block_only_ols,4,22-23,22-23,1,2022-04-16,2022-08-01,162879156.0,176796348.93333334,-13917192.933333337
block_only_ols,4,22-23,22-23,2,2022-08-16,2022-12-01,146199428.0,158827449.0,-12628021.0
block_only_ols,4,22-23,22-23,3,2022-12-16,2023-04-01,5430079.0,11671310.199999988,-6241231.199999988
block_only_ols,4,23-24,23-24,1,2023-04-16,2023-08-01,180793759.0,175602042.06666666,5191716.933333337
block_only_ols,4,23-24,23-24,2,2023-08-16,2023-12-01,184563612.0,156269836.73333332,28293775.26666668
block_only_ols,4,23-24,23-24,3,2023-12-16,2024-04-01,22245202.0,10550302.0,11694900.0
block_only_ols,4,24-25,24-25,1,2024-04-16,2024-08-01,197071718.0,174516844.79999998,22554873.200000018
block_only_ols,4,24-25,24-25,2,2024-08-16,2024-12-01,153139309.0,158364790.26666668,-5225481.266666681
block_only_ols,4,24-25,24-25,3,2024-12-16,2025-04-01,7238416.0,11550754.399999976,-4312338.399999976
block_only_ols,4,25-26,25-26,1,2025-04-16,2025-08-01,173061665.0,176117515.0,-3055850.0
block_only_ols,4,25-26,25-26,2,2025-08-16,2025-12-01,163702073.0,157660606.0,6041467.0
block_only_ols,4,25-26,25-26,3,2025-12-16,2026-04-01,8169327.0,11488693.666666657,-3319366.6666666567
block_only_ols,5,10-11,10-11,1,2010-04-16,2010-09-01,244355501.0,227418894.2,16936606.800000012
block_only_ols,5,10-11,10-11,2,2010-09-16,2011-02-01,110456335.0,113241828.8,-2785493.799999997
block_only_ols,5,11-12,11-12,1,2011-04-16,2011-09-01,213957303.0,229445440.7333333,-15488137.73333329
block_only_ols,5,11-12,11-12,2,2011-09-16,2012-02-01,89517221.0,114637769.73333332,-25120548.73333332
block_only_ols,5,12-13,12-13,1,2012-04-16,2012-09-01,184929103.0,231380654.06666666,-46451551.06666666
block_only_ols,5,12-13,12-13,2,2012-09-16,2013-02-01,144619085.0,110964312.13333334,33654772.86666666
block_only_ols,5,13-14,13-14,1,2013-04-16,2013-09-01,223645611.0,228799553.53333333,-5153942.533333331
block_only_ols,5,13-14,13-14,2,2013-09-16,2014-02-01,142287845.0,111119728.13333334,31168116.86666666
block_only_ols,5,14-15,14-15,1,2014-04-16,2014-09-01,228653715.0,228465679.9333333,188035.0666666925
block_only_ols,5,14-15,14-15,2,2014-09-16,2015-02-01,106656435.0,113495155.46666668,-6838720.466666684
block_only_ols,5,15-16,15-16,1,2015-04-16,2015-09-01,218569400.0,229137967.59999996,-10568567.599999964
block_only_ols,5,15-16,15-16,2,2015-09-16,2016-02-01,135777582.0,111553745.66666666,24223836.333333343
block_only_ols,5,16-17,16-17,1,2016-04-16,2016-09-01,237768230.0,227858045.6,9910184.400000006
block_only_ols,5,16-17,16-17,2,2016-09-16,2017-02-01,121245348.0,112522561.26666668,8722786.73333332
block_only_ols,5,17-18,17-18,1,2017-04-16,2017-09-01,229603936.0,228402331.86666664,1201604.1333333552
block_only_ols,5,17-18,17-18,2,2017-09-16,2018-02-01,120073018.0,112600716.6,7472301.400000006
block_only_ols,5,18-19,18-19,1,2018-04-16,2018-09-01,235213295.0,228028374.6,7184920.400000006
block_only_ols,5,18-19,18-19,2,2018-09-16,2019-02-01,94211715.0,114324803.46666667,-20113088.46666667
block_only_ols,5,19-20,19-20,1,2019-04-16,2019-09-01,233831046.0,228120524.5333333,5710521.466666698
block_only_ols,5,19-20,19-20,2,2019-09-16,2020-02-01,104847774.0,113615732.86666666,-8767958.86666666
block_only_ols,5,20-21,20-21,1,2020-04-16,2020-09-01,251300957.0,226955863.8,24345093.199999988
block_only_ols,5,20-21,20-21,2,2020-09-16,2021-02-01,103511108.0,113704843.93333335,-10193735.933333352
block_only_ols,5,21-22,21-22,1,2021-04-16,2021-09-01,228793589.0,228456354.99999997,337234.0000000298
block_only_ols,5,21-22,21-22,2,2021-09-16,2022-02-01,69825962.0,115950520.33333334,-46124558.33333334
block_only_ols,5,22-23,22-23,1,2022-04-16,2022-09-01,211075796.0,229637541.2,-18561745.199999988
block_only_ols,5,22-23,22-23,2,2022-09-16,2023-02-01,101027551.0,113870414.4,-12842863.400000006
block_only_ols,5,23-24,23-24,1,2023-04-16,2023-09-01,236921368.0,227914503.06666666,9006864.933333337
block_only_ols,5,23-24,23-24,2,2023-09-16,2024-02-01,146344652.0,110849274.33333333,35495377.66666667
block_only_ols,5,24-25,24-25,1,2024-04-16,2024-09-01,247386041.0,227216858.2,20169182.800000012
block_only_ols,5,24-25,24-25,2,2024-09-16,2025-02-01,107169679.0,113460939.19999999,-6291260.199999988
block_only_ols,5,25-26,25-26,1,2025-04-16,2025-09-01,229634023.0,228400326.06666666,1233696.9333333373
block_only_ols,5,25-26,25-26,2,2025-09-16,2026-02-01,111512457.0,113171420.66666666,-1658963.6666666567
