model,model_label,model_family,model_order,horizon,season_count,observation_count,blocks_per_season,weather_predictor_count,loso_rmse,loso_mae,loso_r_squared,rmse_rank,mae_rank,r_squared_rank,rmse_improvement_vs_block_percent,mae_improvement_vs_block_percent,r_squared_difference_vs_block,beats_block_only_rmse,best_rmse,rmse_gap_from_best_percent,is_best_rmse,outer_fold_count,selected_alpha_min,selected_alpha_q25,selected_alpha_median,selected_alpha_q75,selected_alpha_max,minimum_alpha_boundary_fraction,maximum_alpha_boundary_fraction,weather_effective_df_min,weather_effective_df_mean,weather_effective_df_median,weather_effective_df_max,summary_source,diagnostics_source
block_only_ols,Block-Only OLS,block_only_ols,2,1,16,192,12,,5913106.188244097,4066991.911805554,0.9228214556018566,1,1,1,0.0,0.0,0.0,False,5913106.188244097,0.0,True,,,,,,,,,,,,,data\processed\modeling\month_level_baseline_results\block_only_ols_summary.csv,
temperature_month_level_ridge,Temperature Month-Level Ridge,month_level_ridge,6,1,16,192,12,9.0,5946165.964429634,4088249.894760871,0.9219560430861262,2,2,2,-0.5590932266912982,-0.5226954814837451,-0.0008654125157303572,False,5913106.188244097,0.5590932266912982,False,16.0,0.3162277660168379,100000000.0,100000000.0,100000000.0,100000000.0,0.0,0.8125,8.999999688623912e-08,0.3619778292053747,8.999999701549659e-08,5.080536502690493,data\processed\modeling\month_level_baseline_results\temperature_month_level_ridge_summary.csv,data\processed\modeling\month_level_baseline_results\temperature_month_level_ridge_fold_diagnostics.csv
aggregate_ols,Existing Aggregate OLS,aggregate_ols,1,1,16,192,12,2.0,5992355.938857891,4184782.0254620686,0.9207388386977788,3,4,3,-1.3402389216576378,-2.8962465677543356,-0.0020826169040777387,False,5913106.188244097,1.3402389216576378,False,,,,,,,,,,,,,data\processed\modeling\aggregate_baseline\results\aggregate_baseline_model_summary.csv,
rainfall_month_level_ridge,Rainfall Month-Level Ridge,month_level_ridge,4,1,16,192,12,9.0,5994144.876129825,4128369.576887224,0.9206915069263184,4,3,4,-1.3704926870219503,-1.509166145708444,-0.0021299486755381736,False,5913106.188244097,1.3704926870219503,False,16.0,1.7782794100389228,75000044.45698525,100000000.0,100000000.0,100000000.0,0.0,0.75,8.99999980963768e-08,0.3033618623845569,8.99999982144558e-08,2.6706051596485976,data\processed\modeling\month_level_baseline_results\rainfall_month_level_ridge_summary.csv,data\processed\modeling\month_level_baseline_results\rainfall_month_level_ridge_fold_diagnostics.csv
joint_month_level_ridge,Joint Month-Level Ridge,month_level_ridge,7,1,16,192,12,16.0,6312283.481621089,4391534.610915686,0.9120495195428926,5,5,5,-6.75072086766513,-7.979919954304764,-0.010771936058963982,False,5913106.188244097,6.75072086766513,False,16.0,0.0001,100000000.0,100000000.0,100000000.0,100000000.0,0.0625,0.8125,1.5999999400829167e-07,1.202433522197572,1.5999999422271443e-07,13.984484622990896,data\processed\modeling\month_level_baseline_results\joint_month_level_ridge_summary.csv,data\processed\modeling\month_level_baseline_results\joint_month_level_ridge_fold_diagnostics.csv
temperature_month_level_ols,Temperature Month-Level OLS,month_level_ols,5,1,16,192,12,9.0,6441468.26354759,4917998.615750264,0.9084127603727344,6,6,6,-8.935440333439889,-20.92472083542707,-0.014408695229122137,False,5913106.188244097,8.935440333439889,False,,,,,,,,,,,,,data\processed\modeling\month_level_baseline_results\temperature_month_level_ols_summary.csv,
rainfall_month_level_ols,Rainfall Month-Level OLS,month_level_ols,3,1,16,192,12,9.0,6882774.818678592,5241977.043097709,0.895433553556091,7,7,7,-16.39863380708946,-28.89076636423693,-0.027387902045765578,False,5913106.188244097,16.39863380708946,False,,,,,,,,,,,,,data\processed\modeling\month_level_baseline_results\rainfall_month_level_ols_summary.csv,
block_only_ols,Block-Only OLS,block_only_ols,2,2,16,96,6,,9595373.27513642,6561301.427777775,0.943510981916529,1,1,1,0.0,0.0,0.0,False,9595373.27513642,0.0,True,,,,,,,,,,,,,data\processed\modeling\month_level_baseline_results\block_only_ols_summary.csv,
temperature_month_level_ridge,Temperature Month-Level Ridge,month_level_ridge,6,2,16,96,6,9.0,9676747.791565366,6617218.122466502,0.9425487977335144,2,2,2,-0.848059935717182,-0.8522195680875064,-0.000962184183014636,False,9595373.27513642,0.848059935717182,False,16.0,0.3162277660168379,100000000.0,100000000.0,100000000.0,100000000.0,0.0,0.8125,8.99999968862391e-08,0.3619778292053747,8.99999970154966e-08,5.080536502690493,data\processed\modeling\month_level_baseline_results\temperature_month_level_ridge_summary.csv,data\processed\modeling\month_level_baseline_results\temperature_month_level_ridge_fold_diagnostics.csv
aggregate_ols,Existing Aggregate OLS,aggregate_ols,1,2,16,96,6,2.0,9790056.583455555,6737257.745754846,0.9411954838067156,3,3,3,-2.0289289716701173,-2.681728920914182,-0.002315498109813463,False,9595373.27513642,2.0289289716701173,False,,,,,,,,,,,,,data\processed\modeling\aggregate_baseline\results\aggregate_baseline_model_summary.csv,
rainfall_month_level_ridge,Rainfall Month-Level Ridge,month_level_ridge,4,2,16,96,6,9.0,9794436.1909981,6746305.360031913,0.941142859328764,4,4,4,-2.074571881194993,-2.8196225137731066,-0.002368122587765087,False,9595373.27513642,2.074571881194993,False,16.0,1.7782794100389228,75000044.45698525,100000000.0,100000000.0,100000000.0,0.0,0.75,8.999999809637684e-08,0.3033618623845569,8.999999821445583e-08,2.670605159648598,data\processed\modeling\month_level_baseline_results\rainfall_month_level_ridge_summary.csv,data\processed\modeling\month_level_baseline_results\rainfall_month_level_ridge_fold_diagnostics.csv
joint_month_level_ridge,Joint Month-Level Ridge,month_level_ridge,7,2,16,96,6,16.0,10563691.595497351,7401957.655388151,0.931534512535762,5,5,5,-10.091512780123333,-12.812339699124228,-0.011976469380767019,False,9595373.27513642,10.091512780123333,False,16.0,0.0001,100000000.0,100000000.0,100000000.0,100000000.0,0.0625,0.8125,1.5999999400829167e-07,1.202433522197209,1.5999999422271443e-07,13.984484622985086,data\processed\modeling\month_level_baseline_results\joint_month_level_ridge_summary.csv,data\processed\modeling\month_level_baseline_results\joint_month_level_ridge_fold_diagnostics.csv
temperature_month_level_ols,Temperature Month-Level OLS,month_level_ols,5,2,16,96,6,9.0,10871151.856016103,8089369.606747965,0.9274910857452352,6,6,6,-13.295768119677914,-23.289101953173443,-0.016019896171293846,False,9595373.27513642,13.295768119677914,False,,,,,,,,,,,,,data\processed\modeling\month_level_baseline_results\temperature_month_level_ols_summary.csv,
rainfall_month_level_ols,Rainfall Month-Level OLS,month_level_ols,3,2,16,96,6,9.0,11903875.248587891,9493542.6278566,0.913060525428564,7,7,7,-24.058490558499408,-44.68993281828138,-0.030450456487965072,False,9595373.27513642,24.058490558499408,False,,,,,,,,,,,,,data\processed\modeling\month_level_baseline_results\rainfall_month_level_ols_summary.csv,
block_only_ols,Block-Only OLS,block_only_ols,2,3,16,64,4,,14269552.19129788,9713478.683333335,0.9389936721373195,1,1,1,0.0,0.0,0.0,False,14269552.19129788,0.0,True,,,,,,,,,,,,,data\processed\modeling\month_level_baseline_results\block_only_ols_summary.csv,
temperature_month_level_ridge,Temperature Month-Level Ridge,month_level_ridge,6,3,16,64,4,9.0,14392661.452559454,9785619.543478563,0.9379364782338576,2,2,2,-0.8627408878090209,-0.7426882015915609,-0.0010571939034619282,False,14269552.19129788,0.8627408878090209,False,16.0,0.3162277660168379,100000000.0,100000000.0,100000000.0,100000000.0,0.0,0.8125,8.999999688623912e-08,0.36197782920537463,8.99999970154966e-08,5.080536502690492,data\processed\modeling\month_level_baseline_results\temperature_month_level_ridge_summary.csv,data\processed\modeling\month_level_baseline_results\temperature_month_level_ridge_fold_diagnostics.csv
aggregate_ols,Existing Aggregate OLS,aggregate_ols,1,3,16,64,4,2.0,14564053.827173512,10005216.028525146,0.936449532950264,3,3,3,-2.0638463767295474,-3.0034280683848267,-0.0025441391870555385,False,14269552.19129788,2.0638463767295474,False,,,,,,,,,,,,,data\processed\modeling\aggregate_baseline\results\aggregate_baseline_model_summary.csv,
rainfall_month_level_ridge,Rainfall Month-Level Ridge,month_level_ridge,4,3,16,64,4,9.0,14570677.8072751,10023791.151745602,0.9363917121315004,4,4,4,-2.110266754978185,-3.1946584589176075,-0.0026019600058191372,False,14269552.19129788,2.110266754978185,False,16.0,1.7782794100389228,75000044.45698525,100000000.0,100000000.0,100000000.0,0.0,0.75,8.99999980963768e-08,0.303361862384557,8.999999821445583e-08,2.670605159648599,data\processed\modeling\month_level_baseline_results\rainfall_month_level_ridge_summary.csv,data\processed\modeling\month_level_baseline_results\rainfall_month_level_ridge_fold_diagnostics.csv
joint_month_level_ridge,Joint Month-Level Ridge,month_level_ridge,7,3,16,64,4,16.0,15733435.77767444,10968856.37638447,0.925834600685251,5,5,5,-10.258791353447611,-12.924079353827667,-0.013159071452068516,False,14269552.19129788,10.258791353447611,False,16.0,0.0001,100000000.0,100000000.0,100000000.0,100000000.0,0.0625,0.8125,1.5999999400829161e-07,1.2024335221973135,1.5999999422271443e-07,13.98448462298676,data\processed\modeling\month_level_baseline_results\joint_month_level_ridge_summary.csv,data\processed\modeling\month_level_baseline_results\joint_month_level_ridge_fold_diagnostics.csv
temperature_month_level_ols,Temperature Month-Level OLS,month_level_ols,5,3,16,64,4,9.0,16197818.28246426,11846701.873977974,0.9213919105771552,6,6,6,-13.5131506953828,-21.96147497914299,-0.017601761560164353,False,14269552.19129788,13.5131506953828,False,,,,,,,,,,,,,data\processed\modeling\month_level_baseline_results\temperature_month_level_ols_summary.csv,
rainfall_month_level_ols,Rainfall Month-Level OLS,month_level_ols,3,3,16,64,4,9.0,17756407.278524652,13365902.764464222,0.9055364219299326,7,7,7,-24.435630778611195,-37.601607006126656,-0.03345725020738699,False,14269552.19129788,24.435630778611195,False,,,,,,,,,,,,,data\processed\modeling\month_level_baseline_results\rainfall_month_level_ols_summary.csv,
block_only_ols,Block-Only OLS,block_only_ols,2,4,16,48,3,,16046071.222299227,11796270.591666665,0.9545650808866962,1,1,1,0.0,0.0,0.0,False,16046071.222299227,0.0,True,,,,,,,,,,,,,data\processed\modeling\month_level_baseline_results\block_only_ols_summary.csv,
temperature_month_level_ridge,Temperature Month-Level Ridge,month_level_ridge,6,4,16,48,3,9.0,16240364.52178803,11826139.99098557,0.9534581251495629,2,2,2,-1.2108465480247523,-0.2532105302840919,-0.001106955737133375,False,16046071.222299227,1.2108465480247523,False,16.0,0.3162277660168379,100000000.0,100000000.0,100000000.0,100000000.0,0.0,0.8125,8.999999688623912e-08,0.3619778292053747,8.999999701549659e-08,5.080536502690493,data\processed\modeling\month_level_baseline_results\temperature_month_level_ridge_summary.csv,data\processed\modeling\month_level_baseline_results\temperature_month_level_ridge_fold_diagnostics.csv
aggregate_ols,Existing Aggregate OLS,aggregate_ols,1,4,16,48,3,2.0,16509769.233497364,12064907.604348028,0.951901189750023,3,3,3,-2.8897915556658864,-2.277304598888555,-0.002663891136673202,False,16046071.222299227,2.8897915556658864,False,,,,,,,,,,,,,data\processed\modeling\aggregate_baseline\results\aggregate_baseline_model_summary.csv,
rainfall_month_level_ridge,Rainfall Month-Level Ridge,month_level_ridge,4,4,16,48,3,9.0,16520156.467552714,12122147.080537587,0.951840647320818,4,4,4,-2.95452537063808,-2.762538264433626,-0.0027244335658782592,False,16046071.222299227,2.95452537063808,False,16.0,1.7782794100389228,75000044.45698525,100000000.0,100000000.0,100000000.0,0.0,0.75,8.99999980963768e-08,0.30336186238455687,8.99999982144558e-08,2.6706051596485985,data\processed\modeling\month_level_baseline_results\rainfall_month_level_ridge_summary.csv,data\processed\modeling\month_level_baseline_results\rainfall_month_level_ridge_fold_diagnostics.csv
joint_month_level_ridge,Joint Month-Level Ridge,month_level_ridge,7,4,16,48,3,16.0,18318241.42797368,13499585.444555238,0.940786615468436,5,5,5,-14.160289918923066,-14.439435240590864,-0.013778465418260222,False,16046071.222299227,14.160289918923066,False,16.0,0.0001,100000000.0,100000000.0,100000000.0,100000000.0,0.0625,0.8125,1.5999999400829161e-07,1.2024335221976987,1.5999999422271443e-07,13.984484622992923,data\processed\modeling\month_level_baseline_results\joint_month_level_ridge_summary.csv,data\processed\modeling\month_level_baseline_results\joint_month_level_ridge_fold_diagnostics.csv
temperature_month_level_ols,Temperature Month-Level OLS,month_level_ols,5,4,16,48,3,9.0,19024179.85671239,14464451.049321836,0.936134809127772,6,6,6,-18.559737104210807,-22.61884751558747,-0.0184302717589242,False,16046071.222299227,18.559737104210807,False,,,,,,,,,,,,,data\processed\modeling\month_level_baseline_results\temperature_month_level_ols_summary.csv,
rainfall_month_level_ols,Rainfall Month-Level OLS,month_level_ols,3,4,16,48,3,9.0,21354171.307968523,17285504.777708054,0.919533006879742,7,7,7,-33.08037221156434,-46.53364080948764,-0.035032074006954184,False,16046071.222299227,33.08037221156434,False,,,,,,,,,,,,,data\processed\modeling\month_level_baseline_results\rainfall_month_level_ols_summary.csv,
block_only_ols,Block-Only OLS,block_only_ols,2,5,16,32,2,,19462954.572878383,14810071.000000002,0.8965796246463638,1,1,1,0.0,0.0,0.0,False,19462954.572878383,0.0,True,,,,,,,,,,,,,data\processed\modeling\month_level_baseline_results\block_only_ols_summary.csv,
temperature_month_level_ridge,Temperature Month-Level Ridge,month_level_ridge,6,5,16,32,2,9.0,19753791.35192518,14957783.221938455,0.8934656902946748,2,2,2,-1.4943094994018902,-0.9973768656372654,-0.0031139343516889406,False,19462954.572878383,1.4943094994018902,False,16.0,0.1,100000000.0,100000000.0,100000000.0,100000000.0,0.0,0.8125,8.999999688623912e-08,0.47157133719233413,8.999999701549663e-08,6.834032630481844,data\processed\modeling\month_level_baseline_results\temperature_month_level_ridge_summary.csv,data\processed\modeling\month_level_baseline_results\temperature_month_level_ridge_fold_diagnostics.csv
aggregate_ols,Existing Aggregate OLS,aggregate_ols,1,5,16,32,2,2.0,20230519.169945225,15431921.472202905,0.8882615538107042,3,3,3,-3.9437208476889882,-4.198835185887377,-0.008318070835659608,False,19462954.572878383,3.9437208476889882,False,,,,,,,,,,,,,data\processed\modeling\aggregate_baseline\results\aggregate_baseline_model_summary.csv,
rainfall_month_level_ridge,Rainfall Month-Level Ridge,month_level_ridge,4,5,16,32,2,9.0,20485990.25730666,15667641.10382801,0.8854216680666822,4,4,4,-5.256322623564452,-5.790452347108986,-0.01115795657968155,False,19462954.572878383,5.256322623564452,False,16.0,1.0,75000044.45698525,100000000.0,100000000.0,100000000.0,0.0,0.75,8.99999980963768e-08,0.3559488106826314,8.999999821445583e-08,3.6252343640179183,data\processed\modeling\month_level_baseline_results\rainfall_month_level_ridge_summary.csv,data\processed\modeling\month_level_baseline_results\rainfall_month_level_ridge_fold_diagnostics.csv
joint_month_level_ridge,Joint Month-Level Ridge,month_level_ridge,7,5,16,32,2,16.0,22876933.625437696,17166325.550240766,0.8571158038237587,5,5,5,-17.540908497606473,-15.909812655461032,-0.03946382082260502,False,19462954.572878383,17.540908497606473,False,16.0,0.0001,100000000.0,100000000.0,100000000.0,100000000.0,0.0625,0.8125,1.599999940082916e-07,1.1734128011361362,1.5999999422271443e-07,13.98448462298749,data\processed\modeling\month_level_baseline_results\joint_month_level_ridge_summary.csv,data\processed\modeling\month_level_baseline_results\joint_month_level_ridge_fold_diagnostics.csv
temperature_month_level_ols,Temperature Month-Level OLS,month_level_ols,5,5,16,32,2,9.0,23232186.30908756,18454054.03403999,0.8526436907876286,6,6,6,-19.36618472850776,-24.60476410977359,-0.04393593385873518,False,19462954.572878383,19.36618472850776,False,,,,,,,,,,,,,data\processed\modeling\month_level_baseline_results\temperature_month_level_ols_summary.csv,
rainfall_month_level_ols,Rainfall Month-Level OLS,month_level_ols,3,5,16,32,2,9.0,27841723.95133029,22350480.334081825,0.7883682525194537,7,7,7,-43.049832681250344,-50.91406607086368,-0.10821137212691001,False,19462954.572878383,43.049832681250344,False,,,,,,,,,,,,,data\processed\modeling\month_level_baseline_results\rainfall_month_level_ols_summary.csv,
