horizon,held_out_season,training_seasons,training_observations,test_observations,weather_predictor_count,weather_max_rank_after_centering,weather_rank,weather_full_column_rank,weather_condition_number,augmented_design_columns,augmented_design_rank,augmented_design_full_column_rank,augmented_design_condition_number,fold_rmse,fold_mae,fold_r_squared,weather_singular_value_1,weather_singular_value_2,weather_singular_value_3,weather_singular_value_4,weather_singular_value_5,weather_singular_value_6,weather_singular_value_7,weather_singular_value_8,weather_singular_value_9
1,10-11,15,180,12,9,9,9,True,5.091879106206503,21,21,True,22.866861542130955,4718936.3291435875,4112494.1250868835,0.9501067694042239,7.111911507422636,5.314359585037067,4.071334345082353,3.660703476473934,3.3486097878227485,2.4279046788934138,2.0925714587416318,1.6625891609278565,1.396716488958646
1,11-12,15,180,12,9,9,9,True,5.53180647967052,21,21,True,22.684838127765445,8251463.811023349,6814471.712406516,0.8564424787503617,7.05529969767071,5.2838476104994285,4.030912873213113,3.561110266871334,3.2644781492728066,2.736180303983718,2.4899844148195176,1.5504039299291221,1.275406094482707
1,12-13,15,180,12,9,9,9,True,5.9737915184989925,21,21,True,23.550663514545313,10497641.839942047,7754329.779024366,0.7465790605562042,7.324583417271384,4.839528433906044,4.157368967925349,3.6940316348556204,3.311044785675893,2.4752878854582607,2.3791240911525784,1.6571623990979163,1.226119692089924
1,13-14,15,180,12,9,9,9,True,6.122521545239166,21,21,True,22.937209066126368,6127584.462476931,4151275.3214363116,0.9084746103196333,7.1337905643496144,5.2854194491029665,4.0220598167286745,3.7369630616411738,3.2137808343494543,2.5818804581365127,2.326491350482953,1.5056007553570763,1.1651719821054456
1,14-15,15,180,12,9,9,9,True,7.6262467735668436,21,21,True,23.088755358235368,4606701.9693917455,3906711.032677065,0.9528220907313327,7.180923565823008,5.241612405710039,4.105862240095818,3.769280412619209,3.159876205966767,2.570826771218859,2.327277949352455,1.4133093006396902,0.9416065043571158
1,15-16,15,180,12,9,9,9,True,5.7740629176634215,21,21,True,23.256840454779706,6820736.831080484,5959205.356437591,0.8576169009328175,7.233200365161538,4.987091213112179,4.195123405209574,3.8356019470047547,3.1937144697614785,2.6128931259002175,2.076833787566942,1.609129820753641,1.2527054984168033
1,16-17,15,180,12,9,9,9,True,6.903004546695441,21,21,True,22.763792839800374,6324998.348846773,4093908.016666658,0.903554173822477,7.079855709611928,4.998542588172408,4.20114155316709,3.7546462673681447,3.2158747240465764,2.8180725064366343,2.4620542374942818,1.657186462243423,1.0256194475492773
1,17-18,15,180,12,9,9,9,True,7.014894874388114,21,21,True,23.607280954915996,4937015.671321574,4098116.369120631,0.9447647525912026,7.3421922275119735,4.8198450304880165,4.087139129687683,3.728475937938227,3.3904383420008766,2.6175818663589006,2.2535115156026446,1.6536187804481637,1.0466574851062767
1,18-19,15,180,12,9,9,9,True,8.286676239529575,21,21,True,23.272503712586463,6952014.208029162,5587616.204060516,0.8783394479845142,7.238071855865868,5.279427827302866,4.141560344726012,3.7391154030923515,3.115245830081555,2.5552332068822423,2.0316570772532208,1.5747752631401066,0.8734589896656522
1,19-20,15,180,12,9,9,9,True,6.864976361903636,21,21,True,23.52051058486082,6839501.721238525,5887767.458661147,0.9024448029438041,7.315205437385046,5.355843691033883,4.22408919560093,3.6916121198248,2.7799373773128377,2.38186722113886,2.037578039819425,1.6258051781436555,1.0655834851784636
1,20-21,15,180,12,9,9,9,True,6.620704635558892,21,21,True,23.738219086584294,5562126.175606823,4006692.205555553,0.9420376490697241,7.38291580488862,4.980483012508026,4.156566857545805,3.882116633475723,3.303110070132628,2.4772537585823566,1.6793903455944938,1.4927446888839635,1.1151253848776153
1,21-22,15,180,12,9,9,9,True,5.620128652836296,21,21,True,22.49730086379168,8178936.487386891,5102959.771110958,0.8653467949641989,6.996973004116031,5.4077158568154395,4.140161859109375,3.727095294873871,3.1293659559396296,2.4829569822542634,2.3498534848516046,1.6543862888100163,1.244984489916416
1,22-23,15,180,12,9,9,9,True,5.715057734988963,21,21,True,23.184842351489557,3853108.6014272,3290164.0546558336,0.964282565024055,7.210807955151166,5.222204214557111,4.248756573329252,3.719202451808631,2.7097919454135155,2.633662732722362,2.33740639208726,1.5855195856969324,1.2617209290826337
1,23-24,15,180,12,9,9,9,True,6.168334939923721,21,21,True,23.003688701476776,7982044.2997135585,6361289.021002124,0.865485915856804,7.154466654191965,5.2307143176907,4.100100103983917,3.7468059734249173,3.183930703287626,2.654256305890935,2.130041539829739,1.5934215116497081,1.1598700012033456
1,24-25,15,180,12,9,9,9,True,5.5053138726372675,21,21,True,22.244547047084986,9592980.789148549,8713337.704213873,0.8137305888623991,6.918363056954307,5.533773868703839,4.279744788025516,3.5274939248848014,3.2696728166921067,2.4600073287763538,2.215396973563942,1.5888897985078319,1.2566700495207428
1,25-26,15,180,12,9,9,9,True,6.125547383162134,21,21,True,22.94946320392388,4920209.579032692,4031294.557447327,0.9512226392521137,7.137601771386278,5.317142250598736,4.080345150049815,3.5259882003490257,3.1574483698347744,2.7178684894850385,2.4034668515884157,1.4866584244691987,1.1652186041374968
2,10-11,15,90,6,9,9,9,True,5.091879106206503,15,15,True,11.775832518402293,7955655.445557377,7227822.000347514,0.9628633061388251,7.111911507422636,5.314359585037067,4.071334345082353,3.660703476473934,3.3486097878227485,2.4279046788934138,2.0925714587416318,1.6625891609278565,1.396716488958646
2,11-12,15,90,6,9,9,9,True,5.53180647967052,15,15,True,11.682095245447407,14977527.473938279,13628943.424812978,0.8638973559974665,7.05529969767071,5.2838476104994285,4.030912873213113,3.561110266871334,3.2644781492728066,2.736180303983718,2.4899844148195176,1.5504039299291221,1.275406094482707
2,12-13,15,90,6,9,9,9,True,5.9737915184989925,15,15,True,12.127972556862254,19286813.288225655,15263027.188888894,0.7460459012211609,7.324583417271384,4.839528433906044,4.157368967925349,3.6940316348556204,3.311044785675893,2.4752878854582607,2.3791240911525784,1.6571623990979163,1.226119692089924
2,13-14,15,90,6,9,9,9,True,6.122521545239166,15,15,True,11.812059643805053,10706185.949501825,8302550.642872657,0.9215801559456538,7.1337905643496144,5.2854194491029665,4.0220598167286745,3.7369630616411738,3.2137808343494543,2.5818804581365127,2.326491350482953,1.5056007553570763,1.1651719821054456
2,14-15,15,90,6,9,9,9,True,7.6262467735668436,15,15,True,11.890102000049351,5102923.652701201,4885042.430708374,0.9832464039683875,7.180923565823008,5.241612405710039,4.105862240095818,3.769280412619209,3.159876205966767,2.570826771218859,2.327277949352455,1.4133093006396902,0.9416065043571158
2,15-16,15,90,6,9,9,9,True,5.7740629176634215,15,15,True,11.976661405768356,10690546.47423391,9364898.900000006,0.8937829290314425,7.233200365161538,4.987091213112179,4.195123405209574,3.8356019470047547,3.1937144697614785,2.6128931259002175,2.076833787566942,1.609129820753641,1.2527054984168033
2,16-17,15,90,6,9,9,9,True,6.903004546695441,15,15,True,11.722754846405293,6043685.485380904,4451458.188888884,0.9767230404565068,7.079855709611928,4.998542588172408,4.20114155316709,3.7546462673681447,3.2158747240465764,2.8180725064366343,2.4620542374942818,1.657186462243423,1.0256194475492773
2,17-18,15,90,6,9,9,9,True,7.014894874388114,15,15,True,12.15712905016579,8321449.242177498,7089772.938241273,0.9582220082158058,7.3421922275119735,4.8198450304880165,4.087139129687683,3.728475937938227,3.3904383420008766,2.6175818663589006,2.2535115156026446,1.6536187804481637,1.0466574851062767
2,18-19,15,90,6,9,9,9,True,8.286676239529575,15,15,True,11.984727571747692,12176958.851370404,10557652.320228843,0.9042927121856439,7.238071855865868,5.279427827302866,4.141560344726012,3.7391154030923515,3.115245830081555,2.5552332068822423,2.0316570772532208,1.5747752631401066,0.8734589896656522
2,19-20,15,90,6,9,9,9,True,6.864976361903636,15,15,True,12.112444590803172,12046548.459204417,11634537.04523095,0.913733820504951,7.315205437385046,5.355843691033883,4.22408919560093,3.6916121198248,2.7799373773128377,2.38186722113886,2.037578039819425,1.6258051781436555,1.0655834851784636
2,20-21,15,90,6,9,9,9,True,6.620704635558892,15,15,True,12.224558745577093,9245064.620666077,7834126.522222217,0.9573061997815402,7.38291580488862,4.980483012508026,4.156566857545805,3.882116633475723,3.303110070132628,2.4772537585823566,1.6793903455944938,1.4927446888839635,1.1151253848776153
2,21-22,15,90,6,9,9,9,True,5.620128652836296,15,15,True,11.585518484904865,15886886.620223988,9415648.267110882,0.8613175801738558,6.996973004116031,5.4077158568154395,4.140161859109375,3.727095294873871,3.1293659559396296,2.4829569822542634,2.3498534848516046,1.6543862888100163,1.244984489916416
2,22-23,15,90,6,9,9,9,True,5.715057734988963,15,15,True,11.939584275422986,6304396.382086588,6011595.731533859,0.9725208439356496,7.210807955151166,5.222204214557111,4.248756573329252,3.719202451808631,2.7097919454135155,2.633662732722362,2.33740639208726,1.5855195856969324,1.2617209290826337
2,23-24,15,90,6,9,9,9,True,6.168334939923721,15,15,True,11.846294908243431,12787754.271172766,11282252.390405133,0.8988038913102615,7.154466654191965,5.2307143176907,4.100100103983917,3.7468059734249173,3.183930703287626,2.654256305890935,2.130041539829739,1.5934215116497081,1.1598700012033456
2,24-25,15,90,6,9,9,9,True,5.5053138726372675,15,15,True,11.45535691426513,18701023.42197222,17426675.4084276,0.8119814282953938,6.918363056954307,5.533773868703839,4.279744788025516,3.5274939248848014,3.2696728166921067,2.4600073287763538,2.215396973563942,1.5888897985078319,1.2566700495207428
2,25-26,15,90,6,9,9,9,True,6.125547383162134,15,15,True,11.818370202606271,7915232.734349856,7520678.645785521,0.9634354357331497,7.137601771386278,5.317142250598736,4.080345150049815,3.5259882003490257,3.1574483698347744,2.7178684894850385,2.4034668515884157,1.4866584244691987,1.1652186041374968
3,10-11,15,60,4,9,9,9,True,5.091879106206503,13,13,True,8.038903987340083,12062900.865502847,11491977.837890908,0.9575761844454715,7.111911507422636,5.314359585037067,4.071334345082353,3.660703476473934,3.3486097878227485,2.4279046788934138,2.0925714587416318,1.6625891609278565,1.396716488958646
3,11-12,15,60,4,9,9,9,True,5.53180647967052,13,13,True,7.974913187866513,22362881.077394158,20443415.137219336,0.8503981371412559,7.05529969767071,5.2838476104994285,4.030912873213113,3.561110266871334,3.2644781492728066,2.736180303983718,2.4899844148195176,1.5504039299291221,1.275406094482707
3,12-13,15,60,4,9,9,9,True,5.9737915184989925,13,13,True,8.279296329440234,30785235.96727744,22871530.449999984,0.6915998655509659,7.324583417271384,4.839528433906044,4.157368967925349,3.6940316348556204,3.311044785675893,2.4752878854582607,2.3791240911525784,1.6571623990979163,1.226119692089924
3,13-14,15,60,4,9,9,9,True,6.122521545239166,13,13,True,8.063634840330304,15703021.316679567,11244598.983333342,0.9215056695838404,7.1337905643496144,5.2854194491029665,4.0220598167286745,3.7369630616411738,3.2137808343494543,2.5818804581365127,2.326491350482953,1.5056007553570763,1.1651719821054456
3,14-15,15,60,4,9,9,9,True,7.6262467735668436,13,13,True,8.116911329089245,9127362.969067724,7327563.646062449,0.9724687528012625,7.180923565823008,5.241612405710039,4.105862240095818,3.769280412619209,3.159876205966767,2.570826771218859,2.327277949352455,1.4133093006396902,0.9416065043571158
3,15-16,15,60,4,9,9,9,True,5.7740629176634215,13,13,True,8.176002077084254,15851240.243682938,14047348.349999959,0.8850550538205972,7.233200365161538,4.987091213112179,4.195123405209574,3.8356019470047547,3.1937144697614785,2.6128931259002175,2.076833787566942,1.609129820753641,1.2527054984168033
3,16-17,15,60,4,9,9,9,True,6.903004546695441,13,13,True,8.002669919949211,1802911.657930107,1328723.6734108664,0.99900569695635,7.079855709611928,4.998542588172408,4.20114155316709,3.7546462673681447,3.2158747240465764,2.8180725064366343,2.4620542374942818,1.657186462243423,1.0256194475492773
3,17-18,15,60,4,9,9,9,True,7.014894874388114,13,13,True,8.299200336219238,10819441.498526474,10152927.81937623,0.9645768774224125,7.3421922275119735,4.8198450304880165,4.087139129687683,3.728475937938227,3.3904383420008766,2.6175818663589006,2.2535115156026446,1.6536187804481637,1.0466574851062767
3,18-19,15,60,4,9,9,9,True,8.286676239529575,13,13,True,8.286676239529577,17267783.699844774,12005335.307696514,0.9071008820670015,7.238071855865868,5.279427827302866,4.141560344726012,3.7391154030923515,3.115245830081555,2.5552332068822423,2.0316570772532208,1.5747752631401066,0.8734589896656522
3,19-20,15,60,4,9,9,9,True,6.864976361903636,13,13,True,8.268695989458111,18167984.126909353,17451805.567846823,0.8985876177556382,7.315205437385046,5.355843691033883,4.22408919560093,3.6916121198248,2.7799373773128377,2.38186722113886,2.037578039819425,1.6258051781436555,1.0655834851784636
3,20-21,15,60,4,9,9,9,True,6.620704635558892,13,13,True,8.34523197317228,13264212.918580964,11751189.78333332,0.9576682269257839,7.38291580488862,4.980483012508026,4.156566857545805,3.882116633475723,3.303110070132628,2.4772537585823566,1.6793903455944938,1.4927446888839635,1.1151253848776153
3,21-22,15,60,4,9,9,9,True,5.620128652836296,13,13,True,7.908983980381899,22921714.99801279,14060489.921333022,0.8664174815366967,6.996973004116031,5.4077158568154395,4.140161859109375,3.727095294873871,3.1293659559396296,2.4829569822542634,2.3498534848516046,1.6543862888100163,1.244984489916416
3,22-23,15,60,4,9,9,9,True,5.715057734988963,13,13,True,8.150690958697776,6043396.077773852,5528261.416666646,0.9862747716843064,7.210807955151166,5.222204214557111,4.248756573329252,3.719202451808631,2.7097919454135155,2.633662732722362,2.33740639208726,1.5855195856969324,1.2617209290826337
3,23-24,15,60,4,9,9,9,True,6.168334939923721,13,13,True,8.0870059271194,20457268.96866338,16923378.5856077,0.8802018651512601,7.154466654191965,5.2307143176907,4.100100103983917,3.7468059734249173,3.183930703287626,2.654256305890935,2.130041539829739,1.5934215116497081,1.1598700012033456
3,24-25,15,60,4,9,9,9,True,5.5053138726372675,13,13,True,7.820127726050919,28494941.719079543,26140013.112641845,0.7862283227438782,6.918363056954307,5.533773868703839,4.279744788025516,3.5274939248848014,3.2696728166921067,2.4600073287763538,2.215396973563942,1.5888897985078319,1.2566700495207428
3,25-26,15,60,4,9,9,9,True,6.125547383162134,13,13,True,8.067942813989939,12379434.458276518,11085884.639008585,0.956877439733183,7.137601771386278,5.317142250598736,4.080345150049815,3.5259882003490257,3.1574483698347744,2.7178684894850385,2.4034668515884157,1.4866584244691987,1.1652186041374968
4,10-11,15,45,3,9,9,9,True,5.091879106206503,12,12,True,6.144338247697646,12946059.804133857,11953952.10034751,0.9739973880574595,7.111911507422636,5.314359585037067,4.071334345082353,3.660703476473934,3.3486097878227485,2.4279046788934138,2.0925714587416318,1.6625891609278565,1.396716488958646
4,11-12,15,45,3,9,9,9,True,5.53180647967052,12,12,True,6.095428456347309,27659009.31904079,27257886.849626113,0.8516191887664459,7.05529969767071,5.2838476104994285,4.030912873213113,3.561110266871334,3.2644781492728066,2.736180303983718,2.4899844148195176,1.5504039299291221,1.275406094482707
4,12-13,15,45,3,9,9,9,True,5.9737915184989925,12,12,True,6.32807621301552,34560741.25986338,28147446.128347088,0.7599196789033043,7.324583417271384,4.839528433906044,4.157368967925349,3.6940316348556204,3.311044785675893,2.4752878854582607,2.3791240911525784,1.6571623990979163,1.226119692089924
4,13-14,15,45,3,9,9,9,True,6.122521545239166,12,12,True,6.163240666008073,18076066.529285457,15755364.574634215,0.94019896136875,7.1337905643496144,5.2854194491029665,4.0220598167286745,3.7369630616411738,3.2137808343494543,2.5818804581365127,2.326491350482953,1.5056007553570763,1.1651719821054456
4,14-15,15,45,3,9,9,9,True,7.6262467735668436,12,12,True,7.626246773566841,9810932.957626458,9770084.861416569,0.9827030764787268,7.180923565823008,5.241612405710039,4.105862240095818,3.769280412619209,3.159876205966767,2.570826771218859,2.327277949352455,1.4133093006396902,0.9416065043571158
4,15-16,15,45,3,9,9,9,True,5.7740629176634215,12,12,True,6.249125795580788,19347774.824458156,18126000.847972542,0.8978900620151977,7.233200365161538,4.987091213112179,4.195123405209574,3.8356019470047547,3.1937144697614785,2.6128931259002175,2.076833787566942,1.609129820753641,1.2527054984168033
4,16-17,15,45,3,9,9,9,True,6.903004546695441,12,12,True,6.90300454669544,3733614.2290432425,2994472.620809684,0.997622623605192,7.079855709611928,4.998542588172408,4.20114155316709,3.7546462673681447,3.2158747240465764,2.8180725064366343,2.4620542374942818,1.657186462243423,1.0256194475492773
4,17-18,15,45,3,9,9,9,True,7.014894874388114,12,12,True,7.014894874388111,13547311.563656993,13537237.092501631,0.965955737028113,7.3421922275119735,4.8198450304880165,4.087139129687683,3.728475937938227,3.3904383420008766,2.6175818663589006,2.2535115156026446,1.6536187804481637,1.0466574851062767
4,18-19,15,45,3,9,9,9,True,8.286676239529575,12,12,True,8.286676239529582,24054607.867376607,21115304.64045769,0.896493793856245,7.238071855865868,5.279427827302866,4.141560344726012,3.7391154030923515,3.115245830081555,2.5552332068822423,2.0316570772532208,1.5747752631401066,0.8734589896656522
4,19-20,15,45,3,9,9,9,True,6.864976361903636,12,12,True,6.864976361903639,23676468.078206763,23269074.09046231,0.9062939674692814,7.315205437385046,5.355843691033883,4.22408919560093,3.6916121198248,2.7799373773128377,2.38186722113886,2.037578039819425,1.6258051781436555,1.0655834851784636
4,20-21,15,45,3,9,9,9,True,6.620704635558892,12,12,True,6.620704635558894,14622772.926565383,12767860.437331358,0.9698577383474544,7.38291580488862,4.980483012508026,4.156566857545805,3.882116633475723,3.303110070132628,2.4772537585823566,1.6793903455944938,1.4927446888839635,1.1151253848776153
4,21-22,15,45,3,9,9,9,True,5.620128652836296,12,12,True,6.045037090580771,25028553.84747523,18402332.4791102,0.8851501480175413,6.996973004116031,5.4077158568154395,4.140161859109375,3.727095294873871,3.1293659559396296,2.4829569822542634,2.3498534848516046,1.6543862888100163,1.244984489916416
4,22-23,15,45,3,9,9,9,True,5.715057734988963,12,12,True,6.229779865707891,4426898.458500274,2954524.396400988,0.996070422397576,7.210807955151166,5.222204214557111,4.248756573329252,3.719202451808631,2.7097919454135155,2.633662732722362,2.33740639208726,1.5855195856969324,1.2617209290826337
4,23-24,15,45,3,9,9,9,True,6.168334939923721,12,12,True,6.181103780516541,24571734.06213494,22564504.780810237,0.8944849791061537,7.154466654191965,5.2307143176907,4.100100103983917,3.7468059734249173,3.183930703287626,2.654256305890935,2.130041539829739,1.5934215116497081,1.1598700012033456
4,24-25,15,45,3,9,9,9,True,5.5053138726372675,12,12,True,5.977122001298354,37159167.48232158,34853350.81685557,0.7902711468264112,6.918363056954307,5.533773868703839,4.279744788025516,3.5274939248848014,3.2696728166921067,2.4600073287763538,2.215396973563942,1.5888897985078319,1.2566700495207428
4,25-26,15,45,3,9,9,9,True,6.125547383162134,12,12,True,6.166533359560402,13802715.190633925,13098679.726245135,0.9666851149233561,7.137601771386278,5.317142250598736,4.080345150049815,3.5259882003490257,3.1574483698347744,2.7178684894850385,2.4034668515884157,1.4866584244691987,1.1652186041374968
5,10-11,15,30,2,9,9,9,True,5.091879106206503,11,11,True,5.091879106206501,15344022.86763937,11755795.36839217,0.9474729849965116,7.111911507422636,5.314359585037067,4.071334345082353,3.660703476473934,3.3486097878227485,2.4279046788934138,2.0925714587416318,1.6625891609278565,1.396716488958646
5,11-12,15,30,2,9,9,9,True,5.53180647967052,11,11,True,5.531806479670522,37180815.34332451,36867562.89987399,0.6429103747157583,7.05529969767071,5.2838476104994285,4.030912873213113,3.561110266871334,3.2644781492728066,2.736180303983718,2.4899844148195176,1.5504039299291221,1.275406094482707
5,12-13,15,30,2,9,9,9,True,5.9737915184989925,11,11,True,5.973791518498997,41203748.593781725,40053161.96666669,-3.1793376990868696,7.324583417271384,4.839528433906044,4.157368967925349,3.6940316348556204,3.311044785675893,2.4752878854582607,2.3791240911525784,1.6571623990979163,1.226119692089924
5,13-14,15,30,2,9,9,9,True,6.122521545239166,11,11,True,6.122521545239163,23254041.623587877,18161029.700000003,0.6732174535272,7.1337905643496144,5.2854194491029665,4.0220598167286745,3.7369630616411738,3.2137808343494543,2.5818804581365127,2.326491350482953,1.5056007553570763,1.1651719821054456
5,14-15,15,30,2,9,9,9,True,7.6262467735668436,11,11,True,7.626246773566841,8756826.360160438,8021108.687126301,0.979391177834008,7.180923565823008,5.241612405710039,4.105862240095818,3.769280412619209,3.159876205966767,2.570826771218859,2.327277949352455,1.4133093006396902,0.9416065043571158
5,15-16,15,30,2,9,9,9,True,5.7740629176634215,11,11,True,5.774062917663415,18803449.73899498,17396201.966666654,0.7936710253228184,7.233200365161538,4.987091213112179,4.195123405209574,3.8356019470047547,3.1937144697614785,2.6128931259002175,2.076833787566942,1.609129820753641,1.2527054984168033
5,16-17,15,30,2,9,9,9,True,6.903004546695441,11,11,True,6.903004546695436,1733222.9800266838,1628368.3839325756,0.9991149935557165,7.079855709611928,4.998542588172408,4.20114155316709,3.7546462673681447,3.2158747240465764,2.8180725064366343,2.4620542374942818,1.657186462243423,1.0256194475492773
5,17-18,15,30,2,9,9,9,True,7.014894874388114,11,11,True,7.014894874388115,17901540.94506029,17624833.535529487,0.8931517610743205,7.3421922275119735,4.8198450304880165,4.087139129687683,3.728475937938227,3.3904383420008766,2.6175818663589006,2.2535115156026446,1.6536187804481637,1.0466574851062767
5,18-19,15,30,2,9,9,9,True,8.286676239529575,11,11,True,8.286676239529577,29674780.618478686,26349521.489653006,0.8228312721050919,7.238071855865868,5.279427827302866,4.141560344726012,3.7391154030923515,3.115245830081555,2.5552332068822423,2.0316570772532208,1.5747752631401066,0.8734589896656522
5,19-20,15,30,2,9,9,9,True,6.864976361903636,11,11,True,6.86497636190364,35125038.22778631,34370942.848760635,0.7033619736482055,7.315205437385046,5.355843691033883,4.22408919560093,3.6916121198248,2.7799373773128377,2.38186722113886,2.037578039819425,1.6258051781436555,1.0655834851784636
5,20-21,15,30,2,9,9,9,True,6.620704635558892,11,11,True,6.620704635558892,18325197.566677738,17269414.566666648,0.9385009918494583,7.38291580488862,4.980483012508026,4.156566857545805,3.882116633475723,3.303110070132628,2.4772537585823566,1.6793903455944938,1.4927446888839635,1.1151253848776153
5,21-22,15,30,2,9,9,9,True,5.620128652836296,11,11,True,5.620128652836293,35421273.10523456,26739335.28884303,0.8014037966573039,6.996973004116031,5.4077158568154395,4.140161859109375,3.727095294873871,3.1293659559396296,2.4829569822542634,2.3498534848516046,1.6543862888100163,1.244984489916416
5,22-23,15,30,2,9,9,9,True,5.715057734988963,11,11,True,5.715057734988963,3574165.664563577,2859440.899999991,0.9957806737633539,7.210807955151166,5.222204214557111,4.248756573329252,3.719202451808631,2.7097919454135155,2.633662732722362,2.33740639208726,1.5855195856969324,1.2617209290826337
5,23-24,15,30,2,9,9,9,True,6.168334939923721,11,11,True,6.168334939923718,32724037.222190473,29924108.76556422,0.4778916894330333,7.154466654191965,5.2307143176907,4.100100103983917,3.7468059734249173,3.183930703287626,2.654256305890935,2.130041539829739,1.5934215116497081,1.1598700012033456
5,24-25,15,30,2,9,9,9,True,5.5053138726372675,11,11,True,5.505313872637269,51432405.03835337,49701645.11452487,0.4618092026729289,6.918363056954307,5.533773868703839,4.279744788025516,3.5274939248848014,3.2696728166921067,2.4600073287763538,2.215396973563942,1.5888897985078319,1.2566700495207428
5,25-26,15,30,2,9,9,9,True,6.125547383162134,11,11,True,6.125547383162134,18940516.729805976,18885213.863108933,0.8971545114458911,7.137601771386278,5.317142250598736,4.080345150049815,3.5259882003490257,3.1574483698347744,2.7178684894850385,2.4034668515884157,1.4866584244691987,1.1652186041374968
