horizon,term,term_type,coefficient_standardized_mean,coefficient_standardized_std,coefficient_standardized_min,coefficient_standardized_max,coefficient_raw_mean,coefficient_raw_std
1,block_fe_10,block_fixed_effect,-24839181.812500015,672849.4748658964,-26090649.666666716,-23620900.533333376,-24839181.812500015,672849.4748658964
1,block_fe_11,block_fixed_effect,-25073201.75000002,666259.8555634022,-26309643.33333338,-23861029.266666725,-25073201.75000002,666259.8555634022
1,block_fe_12,block_fixed_effect,-21849619.62500001,659759.9043482522,-22934791.00000003,-20813615.86666671,-21849619.62500001,659759.9043482522
1,block_fe_2,block_fixed_effect,22430432.374999993,653394.8809505816,21527203.86666669,23920549.599999923,22430432.374999993,653394.8809505816
1,block_fe_3,block_fixed_effect,23109614.187499993,637325.3286678653,22309530.40000002,24814228.533333275,23109614.187499993,637325.3286678653
1,block_fe_4,block_fixed_effect,29139259.562499993,672147.5394905361,27890667.999999963,30123864.933333278,29139259.562499993,672147.5394905361
1,block_fe_5,block_fixed_effect,27239103.18749999,788994.9629785126,25719801.7333333,28606699.19999993,27239103.18749999,788994.9629785126
1,block_fe_6,block_fixed_effect,19606315.624999993,722237.2643952903,18359232.066666637,20790008.13333337,19606315.624999993,722237.2643952903
1,block_fe_7,block_fixed_effect,11853515.374999994,873424.0038569606,9952659.599999962,13246652.733333353,11853515.374999994,873424.0038569606
1,block_fe_8,block_fixed_effect,-1907954.7500000077,968081.3142236535,-4096036.266666734,-519168.46666666534,-1907954.7500000077,968081.3142236535
1,block_fe_9,block_fixed_effect,-18203981.812500015,856411.0960358983,-19940826.26666672,-16927399.533333354,-18203981.812500015,856411.0960358983
1,intercept,intercept,25311804.562500007,665662.6648692301,24078540.666666716,26555986.53333337,12113388.260742597,20673904.337468658
1,growing_season_average_temperature,weather,417584.59777205717,590024.7648529246,-1350641.842385392,1130987.987184902,448349.7907663592,805306.2317608187
1,rainfall_apr,weather,944487.4970598253,343033.45353785215,377887.682874721,1480560.5067780835,35101.29917940458,12581.01189935669
1,rainfall_dec,weather,-122053.61784656,406913.0897738506,-837296.9450985036,511596.68243518093,-2405.472221780265,8218.044452404776
1,rainfall_feb,weather,318975.9262908109,359365.4308245677,-261002.22718301928,1233795.021815787,6715.190291446337,7550.386612197471
1,rainfall_jan,weather,-51855.37048744794,491657.4306983693,-1060675.906146286,817652.4082796777,-852.1710538620594,7526.559367361
1,rainfall_mar,weather,-535684.7801629744,302802.6404278991,-1099879.2825069702,281249.3939008879,-14513.482292642175,8515.568534471906
1,rainfall_nov,weather,582317.6294598363,346676.61025294196,-51646.790655474586,1384507.593436348,12497.653598342353,7385.807926401499
1,rainfall_oct,weather,-532240.9417613209,383592.9212830834,-1223042.734824503,418655.17291767395,-13011.78046210904,9329.275600283794
1,rainfall_sep,weather,817422.6885789377,396898.1360566563,217817.56581569524,1821787.8442255724,19587.51010433534,9426.39585364361
2,block_fe_2,block_fixed_effect,29818441.375000004,684427.8944845331,28702383.933333337,31017543.866666637,29818441.375000004,684427.8944845331
2,block_fe_3,block_fixed_effect,24414986.437500004,985263.0141838914,21989765.933333304,26026609.199999962,24414986.437500004,985263.0141838914
2,block_fe_4,block_fixed_effect,-12484871.75000001,1479510.219605176,-16232644.533333372,-10107809.333333354,-12484871.75000001,1479510.219605176
2,block_fe_5,block_fixed_effect,-65473596.00000001,1096935.8089639682,-68120743.80000003,-63839565.266666666,-65473596.00000001,1096935.8089639682
2,block_fe_6,block_fixed_effect,-69353253.75,884325.0733763156,-71333702.20000005,-68049077.93333334,-69353253.75,884325.0733763156
2,intercept,intercept,73054041.5,846828.8446458128,71883554.86666666,75201240.93333335,46657208.8964854,41450224.62927155
2,growing_season_average_temperature,weather,835169.1955441067,1180049.5297058497,-2701283.684770745,2261975.9743698207,896699.581532711,1610612.4635216326
2,rainfall_apr,weather,1888974.9941196437,686066.9070757034,755775.365749438,2961121.013556191,70202.5983588089,25162.023798713333
2,rainfall_dec,weather,-244107.23569312092,813826.1795477021,-1674593.8901970242,1023193.3648703615,-4810.944443560547,16436.088904809567
2,rainfall_feb,weather,637951.8525816287,718730.8616491265,-522004.45436603273,2467590.0436315252,13430.380582892829,15100.773224394763
2,rainfall_jan,weather,-103710.74097489608,983314.8613967417,-2121351.812292591,1635304.8165593827,-1704.3421077241212,15053.118734722046
2,rainfall_mar,weather,-1071369.5603259592,605605.2808557943,-2199758.5650139614,562498.787801733,-29026.96458528467,17031.137068943706
2,rainfall_nov,weather,1164635.2589196654,693353.2205058803,-103293.58131095662,2769015.1868727007,24995.307196684553,14771.61585280293
2,rainfall_oct,weather,-1064481.8835226393,767185.8425661712,-2446085.469649025,837310.3458353628,-26023.56092421801,18658.551200567686
2,rainfall_sep,weather,1634845.3771578767,793796.2721133154,435635.1316313875,3643575.6884511467,39175.02020867071,18852.79170728728
3,block_fe_2,block_fixed_effect,30444631.81250001,1318640.6145853887,26979450.13333335,32379291.53333332,30444631.81250001,1318640.6145853887
3,block_fe_3,block_fixed_effect,-53798467.749999985,2072679.405536086,-59074454.59999997,-50939252.600000076,-53798467.749999985,2072679.405536086
3,block_fe_4,block_fixed_effect,-117302049.75,1153523.5710483044,-120325335.66666667,-115849656.20000002,-117302049.75,1153523.5710483044
3,intercept,intercept,121475460.24999999,1114956.839087089,120109084.66666669,124658211.26666665,81880211.34472813,62143976.350481085
3,growing_season_average_temperature,weather,1252753.793316162,1770074.2945587845,-4051925.527156229,3392963.961554733,1345049.3722990646,2415918.6952824728
3,rainfall_apr,weather,2833462.4911794607,1029100.3606135627,1133663.048624165,4441681.520334276,105303.89753821316,37743.03569807034
3,rainfall_dec,weather,-366160.8535396777,1220739.269321556,-2511890.8352955207,1534790.0473055511,-7216.416665340757,24654.13335721441
3,rainfall_feb,weather,956927.7788724226,1078096.292473709,-783006.6815490746,3701385.065447358,20145.570874338813,22651.15983659255
3,rainfall_jan,weather,-155566.11146234613,1474972.2920951275,-3182027.718438863,2452957.2248390336,-2556.5131615862106,22579.678102083322
3,rainfall_mar,weather,-1607054.3404889174,908407.9212836678,-3299637.8475209423,843748.1817024855,-43540.446877926435,25546.705603414714
3,rainfall_nov,weather,1746952.8883795054,1040029.8307588252,-154940.37196642964,4153522.7803090536,37492.96079502697,22157.423779204484
3,rainfall_oct,weather,-1596722.8252839583,1150778.7638492575,-3669128.204473513,1255965.5187530245,-39035.34138632701,27987.826800851566
3,rainfall_sep,weather,2452268.065736814,1190694.408169971,653452.6974470863,5465363.532676722,58762.530313006035,28279.187560930888
4,block_fe_2,block_fixed_effect,-17888326.687500015,1972031.8296875213,-22945262.533333387,-15171613.4666667,-17888326.687500015,1972031.8296875213
4,block_fe_3,block_fixed_effect,-164645291.125,1479333.461044323,-168156829.9333334,-162541522.8,-164645291.125,1479333.461044323
4,intercept,intercept,175926524.375,1155896.5255800101,174419989.33333334,179104865.80000004,123132859.16797116,82983767.86656304
4,growing_season_average_temperature,weather,1670338.3910882035,2360099.0594116966,-5402567.369541585,4523951.948739622,1793399.163065407,3221224.927043274
4,rainfall_apr,weather,3777949.9882392786,1372133.814151405,1511550.731498895,5922242.027112335,140405.19671761748,50324.04759742666
4,rainfall_dec,weather,-488214.4713862379,1627652.3590954023,-3349187.7803940205,2046386.7297407393,-9621.888887121015,32872.177809619105
4,rainfall_feb,weather,1275903.7051632283,1437461.7232982593,-1044008.9087320906,4935180.087263121,26860.76116578505,30201.546448789646
4,rainfall_jan,weather,-207421.4819498124,1966629.722793477,-4242703.624585144,3270609.6331187054,-3408.6842154485566,30106.237469443993
4,rainfall_mar,weather,-2142739.1206518826,1211210.5617115921,-4399517.130027885,1124997.5756035796,-58053.92917056828,34062.2741378875
4,rainfall_nov,weather,2329270.5178393414,1386706.4410117667,-206587.16262190393,5538030.373745392,49990.61439336932,29543.231705605973
4,rainfall_oct,weather,-2128963.7670452786,1534371.6851323403,-4892170.939298021,1674620.6916706953,-52047.121848436036,37317.10240113534
4,rainfall_sep,weather,3269690.754315753,1587592.544226625,871270.2632627886,7287151.376902305,78350.0404173414,37705.58341457444
5,block_fe_2,block_fixed_effect,-115409696.6875,1994000.3721892708,-120416341.93333338,-112505834.66666669,-115409696.6875,1994000.3721892708
5,intercept,intercept,228477432.125,1074495.6103671223,226955863.8,231380654.0666667,143563395.4547994,116831752.44697174
5,growing_season_average_temperature,weather,2646151.6779978946,3356059.002533826,-7541394.887727009,7262408.127889406,2863602.422498573,4572983.2200464215
5,rainfall_apr,weather,5333950.679531906,1995639.0273712373,2012079.8983171568,8855238.189137598,198256.55121183008,73412.23566220282
5,rainfall_dec,weather,255094.50005836174,2238297.8090332844,-3651616.3282505358,3553272.7333880025,5693.706855224862,45282.802080043104
5,rainfall_feb,weather,2483793.0086359577,1954535.6710196275,-598071.9567614659,7881042.5080127055,52134.261848559116,41132.79481964631
5,rainfall_jan,weather,-306948.25803117297,2802781.9076752593,-6287631.742362839,4319466.9530828055,-5016.556264752944,42855.47209184326
5,rainfall_mar,weather,-3797391.1986227655,1786485.8659915281,-7555757.081270078,756894.734375098,-103208.20364503565,49244.12482296861
5,rainfall_nov,weather,2348486.6191429105,1929806.5225605383,-1276405.381051353,6591571.852045592,50259.45214582923,41393.62745583718
5,rainfall_oct,weather,-2161899.942355039,2163246.5379643682,-5816563.25410379,3408974.315345524,-52696.291753156285,52962.446819342746
5,rainfall_sep,weather,4726112.573870011,2313813.093939878,1318437.2312718295,11349280.184482783,113276.5855041273,55130.82492845562
