horizon,held_out_season,season,harvest_block_order,block_start_date,block_end_date,actual_block_crush_tonnes,predicted_block_crush_tonnes,residual_tonnes,test_row_order
1,10-11,10-11,1,2010-04-16,2010-05-01,35863885.0,29070864.642524738,6793020.357475262,1
1,10-11,10-11,2,2010-05-16,2010-06-01,51305918.0,51967190.309191406,-661272.3091914058,2
1,10-11,10-11,3,2010-06-16,2010-07-01,52523414.0,52610484.50919141,-87070.50919140875,3
1,10-11,10-11,4,2010-07-16,2010-08-01,52596637.0,59037224.70919139,-6440587.709191389,4
1,10-11,10-11,5,2010-08-16,2010-09-01,52065647.0,57045790.57585804,-4980143.575858042,5
1,10-11,10-11,6,2010-09-16,2010-10-01,40115962.0,49700796.17585807,-9584834.175858073,6
1,10-11,10-11,7,2010-10-16,2010-11-01,36567655.0,41667696.37585804,-5100041.375858039,7
1,10-11,10-11,8,2010-11-16,2010-12-01,27871957.0,27568508.109191395,303448.89080860466,8
1,10-11,10-11,9,2010-12-16,2011-01-01,5606184.0,11670464.10919141,-6064280.10919141,9
1,10-11,10-11,10,2011-01-16,2011-02-01,294577.0,4947024.575858053,-4652447.575858053,10
1,10-11,10-11,11,2011-02-16,2011-03-01,105892.0,4709982.309191387,-4604090.309191387,11
1,10-11,10-11,12,2011-03-16,2011-04-01,965541.0,8091159.975858074,-7125618.975858074,12
1,11-12,11-12,1,2011-04-16,2011-05-01,13464081.0,24036616.955863625,-10572535.955863625,1
1,11-12,11-12,2,2011-05-16,2011-06-01,49442941.0,45563820.82253032,3879120.177469678,2
1,11-12,11-12,3,2011-06-16,2011-07-01,48574952.0,46346147.355863646,2228804.6441363543,3
1,11-12,11-12,4,2011-07-16,2011-08-01,53335388.0,52460406.68919698,874981.3108030185,4
1,11-12,11-12,5,2011-08-16,2011-09-01,49139941.0,50713269.68919699,-1573328.689196989,5
1,11-12,11-12,6,2011-09-16,2011-10-01,46245895.0,42764566.022530295,3481328.977469705,6
1,11-12,11-12,7,2011-10-16,2011-11-01,27754502.0,35727671.955863625,-7973169.955863625,7
1,11-12,11-12,8,2011-11-16,2011-12-01,14814387.0,21911444.8225303,-7097057.822530299,8
1,11-12,11-12,9,2011-12-16,2012-01-01,702437.0,5469812.622530304,-4767375.622530304,9
1,11-12,11-12,10,2012-01-16,2012-02-01,0.0,-1560904.9108030275,1560904.9108030275,10
1,11-12,11-12,11,2012-02-16,2012-03-01,23943.0,-1812122.377469696,1836065.377469696,11
1,11-12,11-12,12,2012-03-16,2012-04-01,127710.0,1619447.4225303158,-1491737.4225303158,12
1,12-13,12-13,1,2012-04-16,2012-05-01,6649075.0,26415830.164088007,-19766755.164088007,1
1,12-13,12-13,2,2012-05-16,2012-06-01,34196975.0,48505098.030754685,-14308123.030754685,2
1,12-13,12-13,3,2012-06-16,2012-07-01,32888145.0,49316813.96408801,-16428668.964088008,3
1,12-13,12-13,4,2012-07-16,2012-08-01,54517208.0,54306498.16408801,210709.8359119892,4
1,12-13,12-13,5,2012-08-16,2012-09-01,56677700.0,52135631.897421345,4542068.102578655,5
1,12-13,12-13,6,2012-09-16,2012-10-01,44961644.0,44775062.23075469,186581.76924531162,6
1,12-13,12-13,7,2012-10-16,2012-11-01,47015427.0,36368489.76408803,10646937.235911973,7
1,12-13,12-13,8,2012-11-16,2012-12-01,37562343.0,22319793.89742133,15242549.10257867,8
1,12-13,12-13,9,2012-12-16,2013-01-01,14497760.0,6475003.897421356,8022756.102578644,9
1,12-13,12-13,10,2013-01-16,2013-02-01,581911.0,325180.4974213354,256730.50257866457,10
1,12-13,12-13,11,2013-02-16,2013-03-01,122497.0,106186.8307546787,16310.169245321304,11
1,12-13,12-13,12,2013-03-16,2013-04-01,1077026.0,3481039.164087992,-2404013.164087992,12
1,13-14,13-14,1,2013-04-16,2013-05-01,25653101.0,22070462.221966807,3582638.778033193,1
1,13-14,13-14,2,2013-05-16,2013-06-01,47856881.0,44516004.75530018,3340876.244699821,2
1,13-14,13-14,3,2013-06-16,2013-07-01,39392988.0,45804724.88863349,-6411736.88863349,3
1,13-14,13-14,4,2013-07-16,2013-08-01,52875131.0,51337537.08863352,1537593.9113664776,4
1,13-14,13-14,5,2013-08-16,2013-09-01,57867510.0,48977878.35530016,8889631.644699842,5
1,13-14,13-14,6,2013-09-16,2013-10-01,46718620.0,41579497.62196681,5139122.378033191,6
1,13-14,13-14,7,2013-10-16,2013-11-01,43116896.0,33549958.955300163,9566937.044699837,7
1,13-14,13-14,8,2013-11-16,2013-12-01,36445289.0,19315831.28863349,17129457.71136651,8
1,13-14,13-14,9,2013-12-16,2014-01-01,15481905.0,3330961.3553001843,12150943.644699816,9
1,13-14,13-14,10,2014-01-16,2014-02-01,525135.0,-2749467.3113665245,3274602.3113665245,10
1,13-14,13-14,11,2014-02-16,2014-03-01,19324.0,-2965367.844699841,2984691.844699841,11
1,13-14,13-14,12,2014-03-16,2014-04-01,2942462.0,278243.88863349333,2664218.1113665067,12
1,14-15,14-15,1,2014-04-16,2014-05-01,23489459.0,23998555.654542796,-509096.6545427963,1
1,14-15,14-15,2,2014-05-16,2014-06-01,48509641.0,46256338.05454279,2253302.9454572126,2
1,14-15,14-15,3,2014-06-16,2014-07-01,53885252.0,46622424.587876156,7262827.412123844,3
1,14-15,14-15,4,2014-07-16,2014-08-01,48033598.0,53444156.58787612,-5410558.587876119,4
1,14-15,14-15,5,2014-08-16,2014-09-01,54735765.0,50970511.9878761,3765253.0121238977,5
1,14-15,14-15,6,2014-09-16,2014-10-01,39289013.0,43858655.38787613,-4569642.387876131,6
1,14-15,14-15,7,2014-10-16,2014-11-01,42557556.0,35371098.92120948,7186457.078790523,7
1,14-15,14-15,8,2014-11-16,2014-12-01,19129990.0,22254035.187876135,-3124045.187876135,8
1,14-15,14-15,9,2014-12-16,2015-01-01,5106403.0,5806512.121209443,-700109.1212094426,9
1,14-15,14-15,10,2015-01-16,2015-02-01,573473.0,-968839.2121238634,1542312.2121238634,10
1,14-15,14-15,11,2015-02-16,2015-03-01,167766.0,-1191413.3454572111,1359179.3454572111,11
1,14-15,14-15,12,2015-03-16,2015-04-01,1509111.0,2157651.254542798,-648540.2545427978,12
1,15-16,15-16,1,2015-04-16,2015-05-01,22419779.0,24510415.88745404,-2090636.8874540403,1
1,15-16,15-16,2,2015-05-16,2015-06-01,40913611.0,47203288.287454024,-6289677.287454024,2
1,15-16,15-16,3,2015-06-16,2015-07-01,51559852.0,47217999.48745402,4341852.5125459805,3
1,15-16,15-16,4,2015-07-16,2015-08-01,46975159.0,53955267.42078734,-6980108.420787342,4
1,15-16,15-16,5,2015-08-16,2015-09-01,56700999.0,51280044.62078737,5420954.379212633,5
1,15-16,15-16,6,2015-09-16,2015-10-01,40025712.0,44250090.35412068,-4224378.354120679,6
1,15-16,15-16,7,2015-10-16,2015-11-01,46093055.0,35575947.220787376,10517107.779212624,7
1,15-16,15-16,8,2015-11-16,2015-12-01,26382747.0,22211066.28745405,4171680.71254595,8
1,15-16,15-16,9,2015-12-16,2016-01-01,19726736.0,5272371.487454046,14454364.512545954,9
1,15-16,15-16,10,2016-01-16,2016-02-01,3549332.0,-726681.5792126134,4276013.579212613,10
1,15-16,15-16,11,2016-02-16,2016-03-01,2125136.0,-881356.4458792917,3006492.4458792917,11
1,15-16,15-16,12,2016-03-16,2016-04-01,11850513.0,1908772.687454056,9941740.312545944,12
1,16-17,16-17,1,2016-04-16,2016-05-01,43810763.0,28486558.588413678,15324204.411586322,1
1,16-17,16-17,2,2016-05-16,2016-06-01,43889437.0,52407108.18841365,-8517671.18841365,2
1,16-17,16-17,3,2016-06-16,2016-07-01,41351162.0,53300787.12174699,-11949625.121746987,3
1,16-17,16-17,4,2016-07-16,2016-08-01,58180942.0,58610423.521746986,-429481.5217469856,4
1,16-17,16-17,5,2016-08-16,2016-09-01,50535926.0,57093257.78841369,-6557331.788413689,5
1,16-17,16-17,6,2016-09-16,2016-10-01,48160320.0,49109991.455080345,-949671.4550803453,6
1,16-17,16-17,7,2016-10-16,2016-11-01,39456393.0,41420599.65508034,-1964206.6550803408,7
1,16-17,16-17,8,2016-11-16,2016-12-01,26082913.0,27633263.521746993,-1550350.521746993,8
1,16-17,16-17,9,2016-12-16,2017-01-01,6848360.0,11533138.188413661,-4684778.188413661,9
1,16-17,16-17,10,2017-01-16,2017-02-01,697362.0,4865658.055080317,-4168296.055080317,10
1,16-17,16-17,11,2017-02-16,2017-03-01,554974.0,4625529.321747009,-4070555.3217470087,11
1,16-17,16-17,12,2017-03-16,2017-04-01,6421087.0,7672942.721746979,-1251855.7217469793,12
1,17-18,17-18,1,2017-04-16,2017-05-01,25457747.0,27005164.31122921,-1547417.3112292103,1
1,17-18,17-18,2,2017-05-16,2017-06-01,42330199.0,49806128.71122919,-7475929.71122919,2
1,17-18,17-18,3,2017-06-16,2017-07-01,53295057.0,49799598.777895875,3495458.2221041247,3
1,17-18,17-18,4,2017-07-16,2017-08-01,58936001.0,55855157.57789588,3080843.4221041203,4
1,17-18,17-18,5,2017-08-16,2017-09-01,49584932.0,54451728.711229175,-4866796.711229175,5
1,17-18,17-18,6,2017-09-16,2017-10-01,51954294.0,46152131.177895874,5802162.822104126,6
1,17-18,17-18,7,2017-10-16,2017-11-01,37068378.0,38874871.97789587,-1806493.9778958708,7
1,17-18,17-18,8,2017-11-16,2017-12-01,22742945.0,25150999.37789587,-2408054.3778958693,8
1,17-18,17-18,9,2017-12-16,2018-01-01,8281823.0,8732645.3112292,-450822.3112291992,9
1,17-18,17-18,10,2018-01-16,2018-02-01,25578.0,2205514.9778958857,-2179936.9778958857,10
1,17-18,17-18,11,2018-02-16,2018-03-01,188067.0,1945061.1112291962,-1756994.1112291962,11
1,17-18,17-18,12,2018-03-16,2018-04-01,7277321.0,4910931.777895879,2366389.222104121,12
1,18-19,18-19,1,2018-04-16,2018-05-01,36989641.0,25991039.850107476,10998601.149892524,1
1,18-19,18-19,2,2018-05-16,2018-06-01,46305680.0,49295765.11677414,-2990085.116774142,2
1,18-19,18-19,3,2018-06-16,2018-07-01,53019243.0,49572654.85010749,3446588.149892509,3
1,18-19,18-19,4,2018-07-16,2018-08-01,54203334.0,55925337.183440804,-1722003.1834408045,4
1,18-19,18-19,5,2018-08-16,2018-09-01,44695397.0,54532366.18344079,-9836969.18344079,5
1,18-19,18-19,6,2018-09-16,2018-10-01,38840569.0,46781047.98344082,-7940478.983440816,6
1,18-19,18-19,7,2018-10-16,2018-11-01,27946096.0,39237692.58344081,-11291596.58344081,7
1,18-19,18-19,8,2018-11-16,2018-12-01,20396811.0,25062076.78344081,-4665265.78344081,8
1,18-19,18-19,9,2018-12-16,2019-01-01,6855169.0,8582424.050107438,-1727255.0501074381,9
1,18-19,18-19,10,2019-01-16,2019-02-01,173070.0,1950350.6501074769,-1777280.6501074769,10
1,18-19,18-19,11,2019-02-16,2019-03-01,64729.0,1707952.116774138,-1643223.116774138,11
1,18-19,18-19,12,2019-03-16,2019-04-01,3848430.0,4894192.983440805,-1045762.9834408052,12
1,19-20,19-20,1,2019-04-16,2019-05-01,25179709.0,27481607.726651456,-2301898.726651456,1
1,19-20,19-20,2,2019-05-16,2019-06-01,50387582.0,49726877.39331815,660704.6066818535,2
1,19-20,19-20,3,2019-06-16,2019-07-01,52431797.0,50315056.99331811,2116740.0066818893,3
1,19-20,19-20,4,2019-07-16,2019-08-01,52558745.0,56738215.52665149,-4179470.5266514868,4
1,19-20,19-20,5,2019-08-16,2019-09-01,53273213.0,54663750.859984785,-1390537.8599847853,5
1,19-20,19-20,6,2019-09-16,2019-10-01,43605692.0,47166612.19331813,-3560920.1933181286,6
1,19-20,19-20,7,2019-10-16,2019-11-01,42854529.0,38947036.12665145,3907492.873348549,7
1,19-20,19-20,8,2019-11-16,2019-12-01,17106453.0,25984673.0599848,-8878220.0599848,8
1,19-20,19-20,9,2019-12-16,2020-01-01,1261108.0,9658600.526651442,-8397492.526651442,9
1,19-20,19-20,10,2020-01-16,2020-02-01,19992.0,2663794.9266514517,-2643802.9266514517,10
1,19-20,19-20,11,2020-02-16,2020-03-01,0.0,2415506.459984783,-2415506.459984783,11
1,19-20,19-20,12,2020-03-16,2020-04-01,4634695.0,5545014.393318113,-910319.3933181129,12
1,20-21,20-21,1,2020-04-16,2020-05-01,37969735.0,26709708.363679487,11260026.636320513,1
1,20-21,20-21,2,2020-05-16,2020-06-01,52641606.0,49657378.16367948,2984227.8363205194,2
1,20-21,20-21,3,2020-06-16,2020-07-01,50182327.0,50545790.6970128,-363463.697012797,3
1,20-21,20-21,4,2020-07-16,2020-08-01,57730882.0,56474175.43034615,1256706.5696538463,4
1,20-21,20-21,5,2020-08-16,2020-09-01,52776407.0,54777640.29701279,-2001233.297012791,5
1,20-21,20-21,6,2020-09-16,2020-10-01,49758856.0,46837170.2970128,2921685.7029872015,6
1,20-21,20-21,7,2020-10-16,2020-11-01,37894982.0,39358441.63034615,-1463459.6303461492,7
1,20-21,20-21,8,2020-11-16,2020-12-01,15229986.0,26190539.89701278,-10960553.897012781,8
1,20-21,20-21,9,2020-12-16,2021-01-01,617019.0,9782308.830346113,-9165289.830346113,9
1,20-21,20-21,10,2021-01-16,2021-02-01,10265.0,2745212.430346146,-2734947.430346146,10
1,20-21,20-21,11,2021-02-16,2021-03-01,16595.0,2495169.163679477,-2478574.163679477,11
1,20-21,20-21,12,2021-03-16,2021-04-01,1678855.0,5822839.430346116,-4143984.4303461164,12
1,21-22,21-22,1,2021-04-16,2021-05-01,23522409.0,25439211.132068735,-1916802.1320687346,1
1,21-22,21-22,2,2021-05-16,2021-06-01,51001348.0,47533076.39873542,3468271.601264581,2
1,21-22,21-22,3,2021-06-16,2021-07-01,48736569.0,48408522.26540209,328046.73459790647,3
1,21-22,21-22,4,2021-07-16,2021-08-01,53983106.0,54490374.865402065,-507268.8654020652,4
1,21-22,21-22,5,2021-08-16,2021-09-01,51550157.0,52625737.99873543,-1075580.9987354279,5
1,21-22,21-22,6,2021-09-16,2021-10-01,43252331.0,45037286.332068756,-1784955.3320687562,6
1,21-22,21-22,7,2021-10-16,2021-11-01,19354723.0,38360806.59873542,-19006083.598735422,7
1,21-22,21-22,8,2021-11-16,2021-12-01,7028226.0,24503671.598735414,-17475445.598735414,8
1,21-22,21-22,9,2021-12-16,2022-01-01,190682.0,7577078.998735402,-7386396.998735402,9
1,21-22,21-22,10,2022-01-16,2022-02-01,0.0,512244.4654020965,-512244.4654020965,10
1,21-22,21-22,11,2022-02-16,2022-03-01,0.0,262623.19873543084,-262623.19873543084,11
1,21-22,21-22,12,2022-03-16,2022-04-01,68753.0,3696527.2654021047,-3627774.2654021047,12
1,22-23,22-23,1,2022-04-16,2022-05-01,14681891.0,19780049.218030956,-5098158.218030956,1
1,22-23,22-23,2,2022-05-16,2022-06-01,45258737.0,41667387.3513643,3591349.6486357003,2
1,22-23,22-23,3,2022-06-16,2022-07-01,47363873.0,42251505.55136427,5112367.448635727,3
1,22-23,22-23,4,2022-07-16,2022-08-01,55574655.0,48135741.81803097,7438913.181969032,4
1,22-23,22-23,5,2022-08-16,2022-09-01,48196640.0,46600776.018030964,1595863.9819690362,5
1,22-23,22-23,6,2022-09-16,2022-10-01,36585620.0,39233203.95136428,-2647583.951364279,6
1,22-23,22-23,7,2022-10-16,2022-11-01,36743555.0,30953021.351364292,5790533.648635708,7
1,22-23,22-23,8,2022-11-16,2022-12-01,24673613.0,17078782.68469762,7594830.315302379,8
1,22-23,22-23,9,2022-12-16,2023-01-01,3024763.0,1139610.4846976288,1885152.5153023712,9
1,22-23,22-23,10,2023-01-16,2023-02-01,0.0,-5736285.315302361,5736285.315302361,10
1,22-23,22-23,11,2023-02-16,2023-03-01,17480.0,-5987071.915302388,6004551.915302388,11
1,22-23,22-23,12,2023-03-16,2023-04-01,2387836.0,-2706608.0486357138,5094444.048635714,12
1,23-24,23-24,1,2023-04-16,2023-05-01,19502051.0,26902406.86196226,-7400355.861962259,1
1,23-24,23-24,2,2023-05-16,2023-06-01,54613215.0,48487457.12862895,6125757.871371053,2
1,23-24,23-24,3,2023-06-16,2023-07-01,47191995.0,49706665.72862893,-2514670.7286289334,3
1,23-24,23-24,4,2023-07-16,2023-08-01,59486498.0,55318653.92862891,4167844.0713710934,4
1,23-24,23-24,5,2023-08-16,2023-09-01,56127609.0,53515746.395295605,2611862.604704395,5
1,23-24,23-24,6,2023-09-16,2023-10-01,51809218.0,45661999.06196227,6147218.938037731,6
1,23-24,23-24,7,2023-10-16,2023-11-01,38439426.0,38283664.92862892,155761.0713710785,7
1,23-24,23-24,8,2023-11-16,2023-12-01,38187359.0,23621567.928628948,14565791.071371052,8
1,23-24,23-24,9,2023-12-16,2024-01-01,16959995.0,7654296.661962248,9305698.338037752,9
1,23-24,23-24,10,2024-01-16,2024-02-01,948654.0,1644172.7286289223,-695518.7286289223,10
1,23-24,23-24,11,2024-02-16,2024-03-01,363793.0,1433542.195295591,-1069749.195295591,11
1,23-24,23-24,12,2024-03-16,2024-04-01,3972760.0,4631431.995295577,-658671.9952955768,12
1,24-25,24-25,1,2024-04-16,2024-05-01,32053800.0,18529668.977740474,13524131.022259526,1
1,24-25,24-25,2,2024-05-16,2024-06-01,52911731.0,41064934.77774053,11846796.22225947,2
1,24-25,24-25,3,2024-06-16,2024-07-01,57005563.0,41516473.24440721,15489089.755592793,3
1,24-25,24-25,4,2024-07-16,2024-08-01,55100624.0,48075090.91107389,7025533.088926107,4
1,24-25,24-25,5,2024-08-16,2024-09-01,50314323.0,46367344.177740484,3946978.8222595155,5
1,24-25,24-25,6,2024-09-16,2024-10-01,47649759.0,38403341.71107383,9246417.28892617,6
1,24-25,24-25,7,2024-10-16,2024-11-01,35063996.0,30972738.97774053,4091257.02225947,7
1,24-25,24-25,8,2024-11-16,2024-12-01,20111231.0,17290688.511073835,2820542.488926165,8
1,24-25,24-25,9,2024-12-16,2025-01-01,4344693.0,959362.1777404994,3385330.8222595006,9
1,24-25,24-25,10,2025-01-16,2025-02-01,0.0,-5828538.288926151,5828538.288926151,10
1,24-25,24-25,11,2025-02-16,2025-03-01,0.0,-6078159.555592831,6078159.555592831,11
1,24-25,24-25,12,2025-03-16,2025-04-01,2893723.0,-2832586.822259512,5726309.822259512,12
1,25-26,25-26,1,2025-04-16,2025-05-01,18281747.0,22490418.36903418,-4208671.369034179,1
1,25-26,25-26,2,2025-05-16,2025-06-01,52310289.0,44147643.435700834,8162645.564299166,2
1,25-26,25-26,3,2025-06-16,2025-07-01,45340511.0,45336755.90236749,3755.09763251245,3
1,25-26,25-26,4,2025-07-16,2025-08-01,57129118.0,50982470.50236749,6146647.497632511,4
1,25-26,25-26,5,2025-08-16,2025-09-01,56572358.0,48992754.36903417,7579603.630965829,5
1,25-26,25-26,6,2025-09-16,2025-10-01,49716418.0,41308176.96903415,8408241.03096585,6
1,25-26,25-26,7,2025-10-16,2025-11-01,36717950.0,33905087.9023675,2812862.0976324975,7
1,25-26,25-26,8,2025-11-16,2025-12-01,20695347.0,20294359.969034165,400987.03096583486,8
1,25-26,25-26,9,2025-12-16,2026-01-01,4220127.0,4010279.102367528,209847.89763247222,9
1,25-26,25-26,10,2026-01-16,2026-02-01,162615.0,-2796766.764299158,2959381.764299158,10
1,25-26,25-26,11,2026-02-16,2026-03-01,47449.0,-3038710.297632508,3086159.297632508,11
1,25-26,25-26,12,2026-03-16,2026-04-01,3739136.0,153664.83570082486,3585471.164299175,12
2,10-11,10-11,1,2010-04-16,2010-06-01,87169803.0,81038054.95171538,6131748.04828462,1
2,10-11,10-11,2,2010-06-16,2010-08-01,105120051.0,111647709.21838202,-6527658.218382016,2
2,10-11,10-11,3,2010-08-16,2010-10-01,92181609.0,106746586.75171533,-14564977.751715332,3
2,10-11,10-11,4,2010-10-16,2010-12-01,64439612.0,69236204.48504871,-4796592.485048711,4
2,10-11,10-11,5,2010-12-16,2011-02-01,5900761.0,16617488.685048617,-10716727.685048617,5
2,10-11,10-11,6,2011-02-16,2011-04-01,1071433.0,12801142.285048693,-11729709.285048693,6
2,11-12,11-12,1,2011-04-16,2011-06-01,62907022.0,69600437.77839391,-6693415.778393909,1
2,11-12,11-12,2,2011-06-16,2011-08-01,101910340.0,98806554.04506068,3103785.9549393207,2
2,11-12,11-12,3,2011-08-16,2011-10-01,95385836.0,93477835.71172738,1908000.2882726192,3
2,11-12,11-12,4,2011-10-16,2011-12-01,42568889.0,57639116.778394036,-15070227.778394036,4
2,11-12,11-12,5,2011-12-16,2012-02-01,702437.0,3908907.711727351,-3206470.711727351,5
2,11-12,11-12,6,2012-02-16,2012-04-01,151653.0,-192674.95493927598,344327.954939276,6
2,12-13,12-13,1,2012-04-16,2012-06-01,40846050.0,74920928.19484262,-34074878.19484262,1
2,12-13,12-13,2,2012-06-16,2012-08-01,87405353.0,103623312.12817594,-16217959.128175944,2
2,12-13,12-13,3,2012-08-16,2012-10-01,101639344.0,96910694.128176,4728649.871823996,3
2,12-13,12-13,4,2012-10-16,2012-12-01,84577770.0,58688283.66150926,25889486.33849074,4
2,12-13,12-13,5,2012-12-16,2013-02-01,15079671.0,6800184.394842625,8279486.605157375,5
2,12-13,12-13,6,2013-02-16,2013-04-01,1199523.0,3587225.994842604,-2387702.994842604,6
2,13-14,13-14,1,2013-04-16,2013-06-01,73509982.0,66586466.977267176,6923515.022732824,1
2,13-14,13-14,2,2013-06-16,2013-08-01,92268119.0,97142261.97726715,-4874142.977267146,2
2,13-14,13-14,3,2013-08-16,2013-10-01,104586130.0,90557375.97726713,14028754.022732869,3
2,13-14,13-14,4,2013-10-16,2013-12-01,79562185.0,52865790.24393383,26696394.756066173,4
2,13-14,13-14,5,2013-12-16,2014-02-01,16007040.0,581494.0439338237,15425545.956066176,5
2,13-14,13-14,6,2014-02-16,2014-04-01,2961786.0,-2687123.956066206,5648909.956066206,6
2,14-15,14-15,1,2014-04-16,2014-06-01,71999100.0,70254893.70908552,1744206.290914476,1
2,14-15,14-15,2,2014-06-16,2014-08-01,101918850.0,100066581.17575218,1852268.8242478222,2
2,14-15,14-15,3,2014-08-16,2014-10-01,94024778.0,94829167.3757522,-804389.3757521957,3
2,14-15,14-15,4,2014-10-16,2014-12-01,61687546.0,57625134.10908553,4062411.89091447,4
2,14-15,14-15,5,2014-12-16,2015-02-01,5679876.0,4837672.909085512,842203.0909144878,5
2,14-15,14-15,6,2015-02-16,2015-04-01,1676877.0,966237.9090855271,710639.0909144729,6
2,15-16,15-16,1,2015-04-16,2015-06-01,63333390.0,71713704.17490824,-8380314.174908236,1
2,15-16,15-16,2,2015-06-16,2015-08-01,98535011.0,101173266.90824157,-2638255.90824157,2
2,15-16,15-16,3,2015-08-16,2015-10-01,96726711.0,95530134.97490822,1196576.0250917822,3
2,15-16,15-16,4,2015-10-16,2015-12-01,72475802.0,57787013.50824155,14688788.49175845,4
2,15-16,15-16,5,2015-12-16,2016-02-01,23276068.0,4545689.90824151,18730378.09175849,5
2,15-16,15-16,6,2016-02-16,2016-04-01,13975649.0,1027416.2415748686,12948232.758425131,6
2,16-17,16-17,1,2016-04-16,2016-06-01,87700200.0,80893666.77682729,6806533.223172709,1
2,16-17,16-17,2,2016-06-16,2016-08-01,99532104.0,111911210.64349401,-12379106.64349401,2
2,16-17,16-17,3,2016-08-16,2016-10-01,98696246.0,106203249.24349403,-7507003.243494034,3
2,16-17,16-17,4,2016-10-16,2016-12-01,65539306.0,69053863.17682739,-3514557.176827386,4
2,16-17,16-17,5,2016-12-16,2017-02-01,7545722.0,16398796.243494034,-8853074.243494034,5
2,16-17,16-17,6,2017-02-16,2017-04-01,6976061.0,12298472.043494016,-5322411.043494016,6
2,17-18,17-18,1,2017-04-16,2017-06-01,67787946.0,76811293.02245843,-9023347.022458434,1
2,17-18,17-18,2,2017-06-16,2017-08-01,112231058.0,105654756.35579179,6576301.644208208,2
2,17-18,17-18,3,2017-08-16,2017-10-01,101539226.0,100603859.88912511,935366.1108748913,3
2,17-18,17-18,4,2017-10-16,2017-12-01,59811323.0,64025871.3557918,-4214548.3557918,4
2,17-18,17-18,5,2017-12-16,2018-02-01,8307401.0,10938160.289125115,-2630759.2891251147,5
2,17-18,17-18,6,2018-02-16,2018-04-01,7465388.0,6855992.889125124,609395.1108748764,6
2,18-19,18-19,1,2018-04-16,2018-06-01,83295321.0,75286804.96688162,8008516.033118382,1
2,18-19,18-19,2,2018-06-16,2018-08-01,107222577.0,105497992.0335483,1724584.9664517045,2
2,18-19,18-19,3,2018-08-16,2018-10-01,83535966.0,101313414.16688164,-17777448.166881636,3
2,18-19,18-19,4,2018-10-16,2018-12-01,48342907.0,64299769.36688164,-15956862.366881639,4
2,18-19,18-19,5,2018-12-16,2019-02-01,7028239.0,10532774.700215004,-3504535.7002150044,5
2,18-19,18-19,6,2019-02-16,2019-04-01,3913159.0,6602145.100214951,-2688986.1002149507,6
2,19-20,19-20,1,2019-04-16,2019-06-01,75567291.0,77208485.1199691,-1641194.1199690998,1
2,19-20,19-20,2,2019-06-16,2019-08-01,104990542.0,107053272.51996908,-2062730.519969076,2
2,19-20,19-20,3,2019-08-16,2019-10-01,96878905.0,101830363.05330244,-4951458.053302437,3
2,19-20,19-20,4,2019-10-16,2019-12-01,59960982.0,64931709.18663578,-4970727.186635777,4
2,19-20,19-20,5,2019-12-16,2020-02-01,1281100.0,12322395.453302443,-11041295.453302443,5
2,19-20,19-20,6,2020-02-16,2020-04-01,4634695.0,7960520.853302471,-3325825.8533024713,6
2,20-21,20-21,1,2020-04-16,2020-06-01,90611341.0,76367086.52735898,14244254.472641021,1
2,20-21,20-21,2,2020-06-16,2020-08-01,107913209.0,107019966.127359,893242.8726409972,2
2,20-21,20-21,3,2020-08-16,2020-10-01,102535263.0,101614810.59402564,920452.4059743583,3
2,20-21,20-21,4,2020-10-16,2020-12-01,53124968.0,65548981.52735899,-12424013.527358986,4
2,20-21,20-21,5,2020-12-16,2021-02-01,627284.0,12527521.26069232,-11900237.26069232,5
2,20-21,20-21,6,2021-02-16,2021-04-01,1695450.0,8318008.594025642,-6622558.594025642,6
2,21-22,21-22,1,2021-04-16,2021-06-01,74523757.0,72972287.53080419,1551469.469195813,1
2,21-22,21-22,2,2021-06-16,2021-08-01,102719675.0,102898897.13080418,-179222.1308041811,2
2,21-22,21-22,3,2021-08-16,2021-10-01,94802488.0,97663024.33080424,-2860536.3308042437,3
2,21-22,21-22,4,2021-10-16,2021-12-01,26382949.0,62864478.19747086,-36481529.19747086,4
2,21-22,21-22,5,2021-12-16,2022-02-01,190682.0,8089323.464137517,-7898641.464137517,5
2,21-22,21-22,6,2022-02-16,2022-04-01,68753.0,3959150.4641374946,-3890397.4641374946,6
2,22-23,22-23,1,2022-04-16,2022-06-01,59940628.0,61447436.56939532,-1506808.5693953186,1
2,22-23,22-23,2,2022-06-16,2022-08-01,102938528.0,90387247.36939527,12551280.630604729,2
2,22-23,22-23,3,2022-08-16,2022-10-01,84782260.0,85833979.9693953,-1051719.9693952948,3
2,22-23,22-23,4,2022-10-16,2022-12-01,61417168.0,48031804.03606196,13385363.963938043,4
2,22-23,22-23,5,2022-12-16,2023-02-01,3024763.0,-4596674.830604717,7621437.830604717,5
2,22-23,22-23,6,2023-02-16,2023-04-01,2405316.0,-8693679.963938013,11098995.963938013,6
2,23-24,23-24,1,2023-04-16,2023-06-01,74115266.0,75389863.99059106,-1274597.990591064,1
2,23-24,23-24,2,2023-06-16,2023-08-01,106678493.0,105025319.65725774,1653173.3427422643,2
2,23-24,23-24,3,2023-08-16,2023-10-01,107936827.0,99177745.45725773,8759081.542742267,3
2,23-24,23-24,4,2023-10-16,2023-12-01,76626785.0,61905232.85725775,14721552.142742246,4
2,23-24,23-24,5,2023-12-16,2024-02-01,17908649.0,9298469.39059113,8610179.60940887,5
2,23-24,23-24,6,2024-02-16,2024-04-01,4336553.0,6064974.190591097,-1728421.1905910969,6
2,24-25,24-25,1,2024-04-16,2024-06-01,84965531.0,59594603.75548082,25370927.24451918,1
2,24-25,24-25,2,2024-06-16,2024-08-01,112106187.0,89591564.15548082,22514622.844519183,2
2,24-25,24-25,3,2024-08-16,2024-10-01,97964082.0,84770685.88881415,13193396.111185849,3
2,24-25,24-25,4,2024-10-16,2024-12-01,55175227.0,48263427.48881412,6911799.511185877,4
2,24-25,24-25,5,2024-12-16,2025-02-01,4344693.0,-4869176.111185849,9213869.111185849,5
2,24-25,24-25,6,2025-02-16,2025-04-01,2893723.0,-8910746.377852574,11804469.377852574,6
2,25-26,25-26,1,2025-04-16,2025-06-01,70592036.0,66638061.80473493,3953974.1952650696,1
2,25-26,25-26,2,2025-06-16,2025-08-01,102469629.0,96319226.40473495,6150402.595265046,2
2,25-26,25-26,3,2025-08-16,2025-10-01,106288776.0,90300931.33806825,15987844.661931753,3
2,25-26,25-26,4,2025-10-16,2025-12-01,57413297.0,54199447.87140161,3213849.128598392,4
2,25-26,25-26,5,2025-12-16,2026-02-01,4382742.0,1213512.3380682617,3169229.6619317383,5
2,25-26,25-26,6,2026-02-16,2026-04-01,3786585.0,-2885045.46193175,6671630.46193175,6
3,10-11,10-11,1,2010-04-16,2010-07-01,139693217.0,133648539.46090788,6044677.5390921235,1
3,10-11,10-11,2,2010-07-16,2010-10-01,144778246.0,165783811.46090776,-21005565.460907757,2
3,10-11,10-11,3,2010-10-16,2011-01-01,70045796.0,80906668.59424117,-10860872.594241172,3
3,10-11,10-11,4,2011-01-16,2011-04-01,1366010.0,17748166.860907823,-16382156.860907823,4
3,11-12,11-12,1,2011-04-16,2011-07-01,111481974.0,115946585.1342578,-4464611.134257793,1
3,11-12,11-12,2,2011-07-16,2011-10-01,148721224.0,145938242.40092447,2782981.599075526,2
3,11-12,11-12,3,2011-10-16,2012-01-01,43271326.0,63108929.40092448,-19837603.40092448,3
3,11-12,11-12,4,2012-01-16,2012-04-01,151653.0,-1753579.8657421619,1905232.8657421619,4
3,12-13,12-13,1,2012-04-16,2012-07-01,73734195.0,124237742.15893072,-50503547.15893072,1
3,12-13,12-13,2,2012-07-16,2012-10-01,156156552.0,151217192.2922641,4939359.707735896,2
3,12-13,12-13,3,2012-10-16,2013-01-01,99075530.0,65163287.55893074,33912242.44106926,3
3,12-13,12-13,4,2013-01-16,2013-04-01,1781434.0,3912406.492264122,-2130972.492264122,4
3,13-14,13-14,1,2013-04-16,2013-07-01,112902970.0,112391191.86590093,511778.13409906626,1
3,13-14,13-14,2,2013-07-16,2013-10-01,157461261.0,141894913.0659009,15566347.934099108,2
3,13-14,13-14,3,2013-10-16,2014-01-01,95044090.0,56196751.5992342,38847338.4007658,3
3,13-14,13-14,4,2014-01-16,2014-04-01,3486921.0,-5436591.267432421,8923512.267432421,4
3,14-15,14-15,1,2014-04-16,2014-07-01,125884352.0,116877318.29696156,9007033.70303844,1
3,14-15,14-15,2,2014-07-16,2014-10-01,142058376.0,148273323.96362823,-6214947.9636282325,2
3,14-15,14-15,3,2014-10-16,2015-01-01,66793949.0,63431646.23029488,3362302.7697051167,3
3,14-15,14-15,4,2015-01-16,2015-04-01,2250350.0,-2601.303038403392,2252951.3030384034,4
3,15-16,15-16,1,2015-04-16,2015-07-01,114893242.0,118931703.66236255,-4038461.6623625457,1
3,15-16,15-16,2,2015-07-16,2015-10-01,143701870.0,149485402.3956958,-5783532.395695806,2
3,15-16,15-16,3,2015-10-16,2016-01-01,92202538.0,63059384.99569583,29143153.00430417,3
3,15-16,15-16,4,2016-01-16,2016-04-01,17524981.0,300734.662362501,17224246.3376375,4
3,16-17,16-17,1,2016-04-16,2016-07-01,129051362.0,134194453.89857434,-5143091.898574337,1
3,16-17,16-17,2,2016-07-16,2016-10-01,156877188.0,164813672.76524097,-7936484.765240967,2
3,16-17,16-17,3,2016-10-16,2017-01-01,72387666.0,80587001.36524099,-8199335.365240991,3
3,16-17,16-17,4,2017-01-16,2017-04-01,7673423.0,17164130.098574296,-9490707.098574296,4
3,17-18,17-18,1,2017-04-16,2017-07-01,121083003.0,126610891.80035426,-5527888.800354257,1
3,17-18,17-18,2,2017-07-16,2017-10-01,160475227.0,156459017.46702093,4016209.532979071,2
3,17-18,17-18,3,2017-10-16,2018-01-01,68093146.0,72758516.66702096,-4665370.667020962,3
3,17-18,17-18,4,2018-01-16,2018-04-01,7490966.0,9061507.867020935,-1570541.8670209348,4
3,18-19,18-19,1,2018-04-16,2018-07-01,136314564.0,124859459.81698917,11455104.183010831,1
3,18-19,18-19,2,2018-07-16,2018-10-01,137739300.0,157238751.35032257,-19499451.350322574,2
3,18-19,18-19,3,2018-10-16,2019-01-01,55198076.0,72882193.41698915,-17684117.416989148,3
3,18-19,18-19,4,2019-01-16,2019-04-01,4086229.0,8552495.750322506,-4466266.750322506,4
3,19-20,19-20,1,2019-04-16,2019-07-01,127999088.0,127523542.11328778,475545.8867122233,1
3,19-20,19-20,2,2019-07-16,2019-10-01,149437650.0,158568578.57995442,-9130928.579954416,2
3,19-20,19-20,3,2019-10-16,2020-01-01,61222090.0,74590309.71328774,-13368219.713287741,3
3,19-20,19-20,4,2020-01-16,2020-04-01,4654687.0,10624315.779954404,-5969628.779954404,4
3,20-21,20-21,1,2020-04-16,2020-07-01,140793668.0,126912877.22437185,13880790.77562815,1
3,20-21,20-21,2,2020-07-16,2020-10-01,160266145.0,158088986.0243718,2177158.975628197,2
3,20-21,20-21,3,2020-10-16,2021-01-01,53741987.0,75331290.35770506,-21589303.357705057,3
3,20-21,20-21,4,2021-01-16,2021-04-01,1705715.0,11063221.024371773,-9357506.024371773,4
3,21-22,21-22,1,2021-04-16,2021-07-01,123260326.0,121380809.79620625,1879516.2037937492,1
3,21-22,21-22,2,2021-07-16,2021-10-01,148785594.0,152153399.1962063,-3367805.1962063015,2
3,21-22,21-22,3,2021-10-16,2022-01-01,26573631.0,70441557.1962063,-43867926.1962063,3
3,21-22,21-22,4,2022-01-16,2022-04-01,68753.0,4471394.9295396805,-4402641.9295396805,4
3,22-23,22-23,1,2022-04-16,2022-07-01,107304501.0,103698942.1207596,3605558.8792403936,1
3,22-23,22-23,2,2022-07-16,2022-10-01,140356915.0,133969721.78742638,6387193.212573618,2
3,22-23,22-23,3,2022-10-16,2023-01-01,64441931.0,49171414.52075969,15270516.479240313,3
3,22-23,22-23,4,2023-01-16,2023-04-01,2405316.0,-14429965.2792404,16835281.2792404,4
3,23-24,23-24,1,2023-04-16,2023-07-01,121307261.0,125096529.71921991,-3789268.719219908,1
3,23-24,23-24,2,2023-07-16,2023-10-01,167423325.0,154496399.38588664,12926925.61411336,2
3,23-24,23-24,3,2023-10-16,2024-01-01,93586780.0,69559529.51921993,24027250.480780065,3
3,23-24,23-24,4,2024-01-16,2024-04-01,5285207.0,7709146.919219941,-2423939.919219941,4
3,24-25,24-25,1,2024-04-16,2024-07-01,141971094.0,101111076.99988899,40860017.00011101,1
3,24-25,24-25,2,2024-07-16,2024-10-01,153064706.0,132845776.79988898,20218929.200111017,2
3,24-25,24-25,3,2024-10-16,2025-01-01,59519920.0,49222789.66655566,10297130.333444342,3
3,24-25,24-25,4,2025-01-16,2025-04-01,2893723.0,-14739284.66677767,17633007.66677767,4
3,25-26,25-26,1,2025-04-16,2025-07-01,115932547.0,111974817.70710236,3957729.2928976417,1
3,25-26,25-26,2,2025-07-16,2025-10-01,163417894.0,141283401.84043568,22134492.159564316,2
3,25-26,25-26,3,2025-10-16,2026-01-01,61633424.0,58209726.97376902,3423697.0262309834,3
3,25-26,25-26,4,2026-01-16,2026-04-01,3949200.0,-5681812.2262310535,9631012.226231053,4
4,10-11,10-11,1,2010-04-16,2010-08-01,192289854.0,192685764.17009783,-395910.1700978279,1
4,10-11,10-11,2,2010-08-16,2010-12-01,156621221.0,175982791.2367645,-19361570.23676449,2
4,10-11,10-11,3,2010-12-16,2011-04-01,6972194.0,29418630.97009775,-22446436.97009775,3
4,11-12,11-12,1,2011-04-16,2011-08-01,164817362.0,168406991.82345468,-3589629.823454678,1
4,11-12,11-12,2,2011-08-16,2011-12-01,137954725.0,151116952.49012136,-13162227.490121365,2
4,11-12,11-12,3,2011-12-16,2012-04-01,854090.0,3716232.7567879558,-2862142.7567879558,3
4,12-13,12-13,1,2012-04-16,2012-08-01,128251403.0,178544240.32301873,-50292837.32301873,1
4,12-13,12-13,2,2012-08-16,2012-12-01,186217114.0,155598977.78968537,30618136.21031463,2
4,12-13,12-13,3,2012-12-16,2013-04-01,16279194.0,10387410.389685452,5891783.610314548,3
4,13-14,13-14,1,2013-04-16,2013-08-01,165778101.0,163728728.9545343,2049372.0454657078,1
4,13-14,13-14,2,2013-08-16,2013-12-01,184148315.0,143423166.22120103,40725148.77879897,2
4,13-14,13-14,3,2013-12-16,2014-04-01,18968826.0,-2105629.9121323824,21074455.912132382,3
4,14-15,14-15,1,2014-04-16,2014-08-01,173917950.0,170321474.88483772,3596475.115162283,1
4,14-15,14-15,2,2014-08-16,2014-12-01,155712324.0,152454301.48483783,3258022.51516217,2
4,14-15,14-15,3,2014-12-16,2015-04-01,7356753.0,5803910.818171024,1552842.1818289757,3
4,15-16,15-16,1,2015-04-16,2015-08-01,161868401.0,172886971.08314967,-11018570.083149672,1
4,15-16,15-16,2,2015-08-16,2015-12-01,169202513.0,153317148.48314968,15885364.516850322,2
4,15-16,15-16,3,2015-12-16,2016-04-01,37251717.0,5573106.149816304,31678610.850183696,3
4,16-17,16-17,1,2016-04-16,2016-08-01,187232304.0,192804877.42032135,-5572573.420321345,1
4,16-17,16-17,2,2016-08-16,2016-12-01,164235552.0,175257112.42032135,-11021560.420321345,2
4,16-17,16-17,3,2016-12-16,2017-04-01,14521783.0,28697268.28698793,-14175485.28698793,3
4,17-18,17-18,1,2017-04-16,2017-08-01,180019004.0,182466049.37825024,-2447045.3782502413,1
4,17-18,17-18,2,2017-08-16,2017-12-01,161350549.0,164629731.24491695,-3279182.2449169457,2
4,17-18,17-18,3,2017-12-16,2018-04-01,15772789.0,17794153.178250313,-2021364.1782503128,3
4,18-19,18-19,1,2018-04-16,2018-08-01,190517898.0,180784797.00043005,9733100.999569952,1
4,18-19,18-19,2,2018-08-16,2018-12-01,131878873.0,165613183.5337633,-33734310.53376329,2
4,18-19,18-19,3,2018-12-16,2019-04-01,10941398.0,17134919.80043003,-6193521.80043003,3
4,19-20,19-20,1,2019-04-16,2019-08-01,180557833.0,184261757.63993928,-3703924.6399392784,1
4,19-20,19-20,2,2019-08-16,2019-12-01,156839887.0,166762072.23993924,-9922185.239939243,2
4,19-20,19-20,3,2019-12-16,2020-04-01,5915795.0,20282916.306605995,-14367121.306605995,3
4,20-21,20-21,1,2020-04-16,2020-08-01,198524550.0,183387052.65471798,15137497.345282018,1
4,20-21,20-21,2,2020-08-16,2020-12-01,155660231.0,167163792.12138462,-11503561.12138462,2
4,20-21,20-21,3,2020-12-16,2021-04-01,2322734.0,20845529.85471791,-18522795.85471791,3
4,21-22,21-22,1,2021-04-16,2021-08-01,177243432.0,175871184.6616084,1372247.338391602,1
4,21-22,21-22,2,2021-08-16,2021-12-01,121185437.0,160527502.528275,-39342065.52827501,2
4,21-22,21-22,3,2021-12-16,2022-04-01,259435.0,12048473.928275019,-11789038.928275019,3
4,22-23,22-23,1,2022-04-16,2022-08-01,162879156.0,151834683.9387905,11044472.0612095,1
4,22-23,22-23,2,2022-08-16,2022-12-01,146199428.0,133865784.00545716,12333643.994542837,2
4,22-23,22-23,3,2022-12-16,2023-04-01,5430079.0,-13290354.79454273,18720433.79454273,3
4,23-24,23-24,1,2023-04-16,2023-08-01,180793759.0,180415183.64784905,378575.35215094686,1
4,23-24,23-24,2,2023-08-16,2023-12-01,184563612.0,161082978.31451574,23480633.68548426,2
4,23-24,23-24,3,2023-12-16,2024-04-01,22245202.0,15363443.58118233,6881758.418817669,3
4,24-25,24-25,1,2024-04-16,2024-08-01,197071718.0,149186167.91096157,47885550.08903843,1
4,24-25,24-25,2,2024-08-16,2024-12-01,153139309.0,133034113.37762825,20105195.622371748,2
4,24-25,24-25,3,2024-12-16,2025-04-01,7238416.0,-13779922.489038378,21018338.489038378,3
4,25-26,25-26,1,2025-04-16,2025-08-01,173061665.0,162957288.20947003,10104376.790529966,1
4,25-26,25-26,2,2025-08-16,2025-12-01,163702073.0,144500379.2094699,19201693.790530086,2
4,25-26,25-26,3,2025-12-16,2026-04-01,8169327.0,-1671533.1238632798,9840860.12386328,3
5,10-11,10-11,1,2010-04-16,2010-09-01,244355501.0,254124751.42156276,-9769250.421562761,1
5,10-11,10-11,2,2010-09-16,2011-02-01,110456335.0,139947686.0215627,-29491351.021562696,2
5,11-12,11-12,1,2011-04-16,2011-09-01,213957303.0,217063644.6818655,-3106341.6818655133,1
5,11-12,11-12,2,2011-09-16,2012-02-01,89517221.0,102255973.68186556,-12738752.681865558,2
5,12-13,12-13,1,2012-04-16,2012-09-01,184929103.0,229462219.41455588,-44533116.41455588,1
5,12-13,12-13,2,2012-09-16,2013-02-01,144619085.0,109045877.48122253,35573207.518777475,2
5,13-14,13-14,1,2013-04-16,2013-09-01,223645611.0,213084404.70762032,10561206.292379677,1
5,13-14,13-14,2,2013-09-16,2014-02-01,142287845.0,95404579.30762029,46883265.69237971,2
5,14-15,14-15,1,2014-04-16,2014-09-01,228653715.0,219889212.0845363,8764502.915463686,1
5,14-15,14-15,2,2014-09-16,2015-02-01,106656435.0,104918687.6178697,1737747.382130295,2
5,15-16,15-16,1,2015-04-16,2015-09-01,218569400.0,222900537.84702858,-4331137.847028583,1
5,15-16,15-16,2,2015-09-16,2016-02-01,135777582.0,105316315.91369523,30461266.08630477,2
5,16-17,16-17,1,2016-04-16,2016-09-01,237768230.0,252888258.34135753,-15120028.34135753,1
5,16-17,16-17,2,2016-09-16,2017-02-01,121245348.0,137552774.00802416,-16307426.008024156,2
5,17-18,17-18,1,2017-04-16,2017-09-01,229603936.0,239357471.73858064,-9753535.738580644,1
5,17-18,17-18,2,2017-09-16,2018-02-01,120073018.0,123555856.471914,-3482838.4719139934,2
5,18-19,18-19,1,2018-04-16,2018-09-01,235213295.0,236456885.03501058,-1243590.0350105762,1
5,18-19,18-19,2,2018-09-16,2019-02-01,94211715.0,122753313.90167725,-28541598.90167725,2
5,19-20,19-20,1,2019-04-16,2019-09-01,233831046.0,236918210.57813996,-3087164.5781399608,1
5,19-20,19-20,2,2019-09-16,2020-02-01,104847774.0,122413418.9114733,-17565644.911473304,2
5,20-21,20-21,1,2020-04-16,2020-09-01,251300957.0,235468529.50865552,15832427.491344482,1
5,20-21,20-21,2,2020-09-16,2021-02-01,103511108.0,122217509.64198878,-18706401.641988784,2
5,21-22,21-22,1,2021-04-16,2021-09-01,228793589.0,228358742.54410064,434846.4558993578,1
5,21-22,21-22,2,2021-09-16,2022-02-01,69825962.0,115852907.87743394,-46026945.87743394,2
5,22-23,22-23,1,2022-04-16,2022-09-01,211075796.0,195566283.52455014,15509512.47544986,1
5,22-23,22-23,2,2022-09-16,2023-02-01,101027551.0,79799156.72455019,21228394.275449812,2
5,23-24,23-24,1,2023-04-16,2023-09-01,236921368.0,234379600.30627298,2541767.6937270164,1
5,23-24,23-24,2,2023-09-16,2024-02-01,146344652.0,117314371.5729396,29030280.427060395,2
5,24-25,24-25,1,2024-04-16,2024-09-01,247386041.0,198827072.1873359,48558968.81266409,1
5,24-25,24-25,2,2024-09-16,2025-02-01,107169679.0,85071153.18733591,22098525.81266409,2
5,25-26,25-26,1,2025-04-16,2025-09-01,229634023.0,209433350.10822812,20200672.891771883,1
5,25-26,25-26,2,2025-09-16,2026-02-01,111512457.0,94204444.70822811,17308012.29177189,2
