model,horizon,held_out_season,selected_alpha,season,harvest_block_order,block_start_date,block_end_date,actual_block_crush_tonnes,predicted_block_crush_tonnes,residual_tonnes
temperature_month_level_ridge,1,10-11,100000000.0,10-11,1,2010-04-16,2010-05-01,35863885.0,24608332.55292152,11255552.447078481
temperature_month_level_ridge,1,10-11,100000000.0,10-11,2,2010-05-16,2010-06-01,51305918.0,47504658.21958816,3801259.7804118395
temperature_month_level_ridge,1,10-11,100000000.0,10-11,3,2010-06-16,2010-07-01,52523414.0,48147952.41958815,4375461.580411851
temperature_month_level_ridge,1,10-11,100000000.0,10-11,4,2010-07-16,2010-08-01,52596637.0,54574692.61958818,-1978055.6195881814
temperature_month_level_ridge,1,10-11,100000000.0,10-11,5,2010-08-16,2010-09-01,52065647.0,52583258.48625484,-517611.4862548411
temperature_month_level_ridge,1,10-11,100000000.0,10-11,6,2010-09-16,2010-10-01,40115962.0,45238264.086254835,-5122302.086254835
temperature_month_level_ridge,1,10-11,100000000.0,10-11,7,2010-10-16,2010-11-01,36567655.0,37205164.28625485,-637509.286254853
temperature_month_level_ridge,1,10-11,100000000.0,10-11,8,2010-11-16,2010-12-01,27871957.0,23105976.01958817,4765980.980411831
temperature_month_level_ridge,1,10-11,100000000.0,10-11,9,2010-12-16,2011-01-01,5606184.0,7207932.019588157,-1601748.0195881566
temperature_month_level_ridge,1,10-11,100000000.0,10-11,10,2011-01-16,2011-02-01,294577.0,484492.48625483265,-189915.48625483265
temperature_month_level_ridge,1,10-11,100000000.0,10-11,11,2011-02-16,2011-03-01,105892.0,247450.2195881744,-141558.2195881744
temperature_month_level_ridge,1,10-11,100000000.0,10-11,12,2011-03-16,2011-04-01,965541.0,3628627.8862548536,-2663086.8862548536
temperature_month_level_ridge,1,11-12,31.622776601683793,11-12,1,2011-04-16,2011-05-01,13464081.0,26195208.19587278,-12731127.19587278
temperature_month_level_ridge,1,11-12,31.622776601683793,11-12,2,2011-05-16,2011-06-01,49442941.0,47722412.06253944,1720528.9374605566
temperature_month_level_ridge,1,11-12,31.622776601683793,11-12,3,2011-06-16,2011-07-01,48574952.0,48504738.59587278,70213.40412721783
temperature_month_level_ridge,1,11-12,31.622776601683793,11-12,4,2011-07-16,2011-08-01,53335388.0,54618997.92920613,-1283609.929206133
temperature_month_level_ridge,1,11-12,31.622776601683793,11-12,5,2011-08-16,2011-09-01,49139941.0,52871860.92920612,-3731919.929206118
temperature_month_level_ridge,1,11-12,31.622776601683793,11-12,6,2011-09-16,2011-10-01,46245895.0,44923157.26253945,1322737.7374605536
temperature_month_level_ridge,1,11-12,31.622776601683793,11-12,7,2011-10-16,2011-11-01,27754502.0,37886263.195872776,-10131761.195872776
temperature_month_level_ridge,1,11-12,31.622776601683793,11-12,8,2011-11-16,2011-12-01,14814387.0,24070036.062539447,-9255649.062539447
temperature_month_level_ridge,1,11-12,31.622776601683793,11-12,9,2011-12-16,2012-01-01,702437.0,7628403.862539439,-6925966.862539439
temperature_month_level_ridge,1,11-12,31.622776601683793,11-12,10,2012-01-16,2012-02-01,0.0,597686.3292061154,-597686.3292061154
temperature_month_level_ridge,1,11-12,31.622776601683793,11-12,11,2012-02-16,2012-03-01,23943.0,346468.8625394729,-322525.8625394729
temperature_month_level_ridge,1,11-12,31.622776601683793,11-12,12,2012-03-16,2012-04-01,127710.0,3778038.6625394626,-3650328.6625394626
temperature_month_level_ridge,1,12-13,100000000.0,12-13,1,2012-04-16,2012-05-01,6649075.0,26555986.540229667,-19906911.540229667
temperature_month_level_ridge,1,12-13,100000000.0,12-13,2,2012-05-16,2012-06-01,34196975.0,48645254.40689633,-14448279.40689633
temperature_month_level_ridge,1,12-13,100000000.0,12-13,3,2012-06-16,2012-07-01,32888145.0,49456970.34022965,-16568825.340229653
temperature_month_level_ridge,1,12-13,100000000.0,12-13,4,2012-07-16,2012-08-01,54517208.0,54446654.540229686,70553.4597703144
temperature_month_level_ridge,1,12-13,100000000.0,12-13,5,2012-08-16,2012-09-01,56677700.0,52275788.27356299,4401911.72643701
temperature_month_level_ridge,1,12-13,100000000.0,12-13,6,2012-09-16,2012-10-01,44961644.0,44915218.60689633,46425.3931036666
temperature_month_level_ridge,1,12-13,100000000.0,12-13,7,2012-10-16,2012-11-01,47015427.0,36508646.14022967,10506780.859770328
temperature_month_level_ridge,1,12-13,100000000.0,12-13,8,2012-11-16,2012-12-01,37562343.0,22459950.273562998,15102392.726437002
temperature_month_level_ridge,1,12-13,100000000.0,12-13,9,2012-12-16,2013-01-01,14497760.0,6615160.273562995,7882599.726437005
temperature_month_level_ridge,1,12-13,100000000.0,12-13,10,2013-01-16,2013-02-01,581911.0,465336.8735630036,116574.12643699639
temperature_month_level_ridge,1,12-13,100000000.0,12-13,11,2013-02-16,2013-03-01,122497.0,246343.20689636926,-123846.20689636926
temperature_month_level_ridge,1,12-13,100000000.0,12-13,12,2013-03-16,2013-04-01,1077026.0,3621195.5402296903,-2544169.5402296903
temperature_month_level_ridge,1,13-14,100000000.0,13-14,1,2013-04-16,2013-05-01,25653101.0,25289051.48089833,364049.51910166815
temperature_month_level_ridge,1,13-14,100000000.0,13-14,2,2013-05-16,2013-06-01,47856881.0,47734594.01423168,122286.98576831818
temperature_month_level_ridge,1,13-14,100000000.0,13-14,3,2013-06-16,2013-07-01,39392988.0,49023314.147564985,-9630326.147564985
temperature_month_level_ridge,1,13-14,100000000.0,13-14,4,2013-07-16,2013-08-01,52875131.0,54556126.34756501,-1680995.3475650102
temperature_month_level_ridge,1,13-14,100000000.0,13-14,5,2013-08-16,2013-09-01,57867510.0,52196467.6142317,5671042.385768302
temperature_month_level_ridge,1,13-14,100000000.0,13-14,6,2013-09-16,2013-10-01,46718620.0,44798086.88089835,1920533.119101651
temperature_month_level_ridge,1,13-14,100000000.0,13-14,7,2013-10-16,2013-11-01,43116896.0,36768548.21423168,6348347.785768323
temperature_month_level_ridge,1,13-14,100000000.0,13-14,8,2013-11-16,2013-12-01,36445289.0,22534420.547565,13910868.452435002
temperature_month_level_ridge,1,13-14,100000000.0,13-14,9,2013-12-16,2014-01-01,15481905.0,6549550.614231659,8932354.38576834
temperature_month_level_ridge,1,13-14,100000000.0,13-14,10,2014-01-16,2014-02-01,525135.0,469121.94756499503,56013.05243500497
temperature_month_level_ridge,1,13-14,100000000.0,13-14,11,2014-02-16,2014-03-01,19324.0,253221.41423167862,-233897.41423167862
temperature_month_level_ridge,1,13-14,100000000.0,13-14,12,2014-03-16,2014-04-01,2942462.0,3496833.1475650202,-554371.1475650202
temperature_month_level_ridge,1,14-15,100000000.0,14-15,1,2014-04-16,2014-05-01,23489459.0,25433294.250996303,-1943835.2509963028
temperature_month_level_ridge,1,14-15,100000000.0,14-15,2,2014-05-16,2014-06-01,48509641.0,47691076.6509963,818564.3490037024
temperature_month_level_ridge,1,14-15,100000000.0,14-15,3,2014-06-16,2014-07-01,53885252.0,48057163.18432963,5828088.815670371
temperature_month_level_ridge,1,14-15,100000000.0,14-15,4,2014-07-16,2014-08-01,48033598.0,54878895.18432966,-6845297.184329659
temperature_month_level_ridge,1,14-15,100000000.0,14-15,5,2014-08-16,2014-09-01,54735765.0,52405250.584329635,2330514.415670365
temperature_month_level_ridge,1,14-15,100000000.0,14-15,6,2014-09-16,2014-10-01,39289013.0,45293393.98432965,-6004380.984329648
temperature_month_level_ridge,1,14-15,100000000.0,14-15,7,2014-10-16,2014-11-01,42557556.0,36805837.517662965,5751718.482337035
temperature_month_level_ridge,1,14-15,100000000.0,14-15,8,2014-11-16,2014-12-01,19129990.0,23688773.784329634,-4558783.784329634
temperature_month_level_ridge,1,14-15,100000000.0,14-15,9,2014-12-16,2015-01-01,5106403.0,7241250.717662989,-2134847.717662989
temperature_month_level_ridge,1,14-15,100000000.0,14-15,10,2015-01-16,2015-02-01,573473.0,465899.3843296419,107573.61567035812
temperature_month_level_ridge,1,14-15,100000000.0,14-15,11,2015-02-16,2015-03-01,167766.0,243325.2509963165,-75559.25099631649
temperature_month_level_ridge,1,14-15,100000000.0,14-15,12,2015-03-16,2015-04-01,1509111.0,3592389.850996314,-2083278.850996314
temperature_month_level_ridge,1,15-16,100000000.0,15-16,1,2015-04-16,2015-05-01,22419779.0,25504606.265336107,-3084827.2653361075
temperature_month_level_ridge,1,15-16,100000000.0,15-16,2,2015-05-16,2015-06-01,40913611.0,48197478.665336095,-7283867.665336095
temperature_month_level_ridge,1,15-16,100000000.0,15-16,3,2015-06-16,2015-07-01,51559852.0,48212189.8653361,3347662.134663902
temperature_month_level_ridge,1,15-16,100000000.0,15-16,4,2015-07-16,2015-08-01,46975159.0,54949457.79866945,-7974298.79866945
temperature_month_level_ridge,1,15-16,100000000.0,15-16,5,2015-08-16,2015-09-01,56700999.0,52274234.99866942,4426764.001330577
temperature_month_level_ridge,1,15-16,100000000.0,15-16,6,2015-09-16,2015-10-01,40025712.0,45244280.73200279,-5218568.732002787
temperature_month_level_ridge,1,15-16,100000000.0,15-16,7,2015-10-16,2015-11-01,46093055.0,36570137.59866944,9522917.40133056
temperature_month_level_ridge,1,15-16,100000000.0,15-16,8,2015-11-16,2015-12-01,26382747.0,23205256.665336095,3177490.334663905
temperature_month_level_ridge,1,15-16,100000000.0,15-16,9,2015-12-16,2016-01-01,19726736.0,6266561.865336094,13460174.134663906
temperature_month_level_ridge,1,15-16,100000000.0,15-16,10,2016-01-16,2016-02-01,3549332.0,267508.7986694386,3281823.201330561
temperature_month_level_ridge,1,15-16,100000000.0,15-16,11,2016-02-16,2016-03-01,2125136.0,112833.93200278631,2012302.0679972137
temperature_month_level_ridge,1,15-16,100000000.0,15-16,12,2016-03-16,2016-04-01,11850513.0,2902963.0653361226,8947549.934663877
temperature_month_level_ridge,1,16-17,100000000.0,16-17,1,2016-04-16,2016-05-01,43810763.0,24078540.67855063,19732222.32144937
temperature_month_level_ridge,1,16-17,100000000.0,16-17,2,2016-05-16,2016-06-01,43889437.0,47999090.27855065,-4109653.278550647
temperature_month_level_ridge,1,16-17,100000000.0,16-17,3,2016-06-16,2016-07-01,41351162.0,48892769.21188396,-7541607.211883962
temperature_month_level_ridge,1,16-17,100000000.0,16-17,4,2016-07-16,2016-08-01,58180942.0,54202405.611883976,3978536.3881160244
temperature_month_level_ridge,1,16-17,100000000.0,16-17,5,2016-08-16,2016-09-01,50535926.0,52685239.878550656,-2149313.878550656
temperature_month_level_ridge,1,16-17,100000000.0,16-17,6,2016-09-16,2016-10-01,48160320.0,44701973.54521731,3458346.454782687
temperature_month_level_ridge,1,16-17,100000000.0,16-17,7,2016-10-16,2016-11-01,39456393.0,37012581.745217316,2443811.254782684
temperature_month_level_ridge,1,16-17,100000000.0,16-17,8,2016-11-16,2016-12-01,26082913.0,23225245.611883957,2857667.388116043
temperature_month_level_ridge,1,16-17,100000000.0,16-17,9,2016-12-16,2017-01-01,6848360.0,7125120.278550634,-276760.27855063416
temperature_month_level_ridge,1,16-17,100000000.0,16-17,10,2017-01-16,2017-02-01,697362.0,457640.1452173013,239721.85478269868
temperature_month_level_ridge,1,16-17,100000000.0,16-17,11,2017-02-16,2017-03-01,554974.0,217511.41188398932,337462.58811601065
temperature_month_level_ridge,1,16-17,100000000.0,16-17,12,2017-03-16,2017-04-01,6421087.0,3264924.811883988,3156162.188116012
temperature_month_level_ridge,1,17-18,100000000.0,17-18,1,2017-04-16,2017-05-01,25457747.0,25302075.077918503,155671.92208149657
temperature_month_level_ridge,1,17-18,100000000.0,17-18,2,2017-05-16,2017-06-01,42330199.0,48103039.477918506,-5772840.477918506
temperature_month_level_ridge,1,17-18,100000000.0,17-18,3,2017-06-16,2017-07-01,53295057.0,48096509.54458517,5198547.455414832
temperature_month_level_ridge,1,17-18,100000000.0,17-18,4,2017-07-16,2017-08-01,58936001.0,54152068.34458518,4783932.65541482
temperature_month_level_ridge,1,17-18,100000000.0,17-18,5,2017-08-16,2017-09-01,49584932.0,52748639.477918506,-3163707.4779185057
temperature_month_level_ridge,1,17-18,100000000.0,17-18,6,2017-09-16,2017-10-01,51954294.0,44449041.94458519,7505252.055414811
temperature_month_level_ridge,1,17-18,100000000.0,17-18,7,2017-10-16,2017-11-01,37068378.0,37171782.74458517,-103404.74458517134
temperature_month_level_ridge,1,17-18,100000000.0,17-18,8,2017-11-16,2017-12-01,22742945.0,23447910.144585162,-704965.1445851624
temperature_month_level_ridge,1,17-18,100000000.0,17-18,9,2017-12-16,2018-01-01,8281823.0,7029556.077918488,1252266.9220815124
temperature_month_level_ridge,1,17-18,100000000.0,17-18,10,2018-01-16,2018-02-01,25578.0,502425.7445851589,-476847.7445851589
temperature_month_level_ridge,1,17-18,100000000.0,17-18,11,2018-02-16,2018-03-01,188067.0,241971.87791852152,-53904.877918521524
temperature_month_level_ridge,1,17-18,100000000.0,17-18,12,2018-03-16,2018-04-01,7277321.0,3207842.544585193,4069478.455414807
temperature_month_level_ridge,1,18-19,100000000.0,18-19,1,2018-04-16,2018-05-01,36989641.0,24533282.14631721,12456358.85368279
temperature_month_level_ridge,1,18-19,100000000.0,18-19,2,2018-05-16,2018-06-01,46305680.0,47838007.41298389,-1532327.412983887
temperature_month_level_ridge,1,18-19,100000000.0,18-19,3,2018-06-16,2018-07-01,53019243.0,48114897.14631719,4904345.853682809
temperature_month_level_ridge,1,18-19,100000000.0,18-19,4,2018-07-16,2018-08-01,54203334.0,54467579.47965055,-264245.4796505496
temperature_month_level_ridge,1,18-19,100000000.0,18-19,5,2018-08-16,2018-09-01,44695397.0,53074608.479650564,-8379211.4796505645
temperature_month_level_ridge,1,18-19,100000000.0,18-19,6,2018-09-16,2018-10-01,38840569.0,45323290.27965055,-6482721.279650547
temperature_month_level_ridge,1,18-19,100000000.0,18-19,7,2018-10-16,2018-11-01,27946096.0,37779934.87965054,-9833838.87965054
temperature_month_level_ridge,1,18-19,100000000.0,18-19,8,2018-11-16,2018-12-01,20396811.0,23604319.07965053,-3207508.0796505287
temperature_month_level_ridge,1,18-19,100000000.0,18-19,9,2018-12-16,2019-01-01,6855169.0,7124666.3463171795,-269497.3463171795
temperature_month_level_ridge,1,18-19,100000000.0,18-19,10,2019-01-16,2019-02-01,173070.0,492592.9463171999,-319522.9463171999
temperature_month_level_ridge,1,18-19,100000000.0,18-19,11,2019-02-16,2019-03-01,64729.0,250194.4129838686,-185465.4129838686
temperature_month_level_ridge,1,18-19,100000000.0,18-19,12,2019-03-16,2019-04-01,3848430.0,3436435.279650551,411994.7203494492
temperature_month_level_ridge,1,19-20,100000000.0,19-20,1,2019-04-16,2019-05-01,25179709.0,25320610.927910976,-140901.9279109761
temperature_month_level_ridge,1,19-20,100000000.0,19-20,2,2019-05-16,2019-06-01,50387582.0,47565880.59457765,2821701.4054223523
temperature_month_level_ridge,1,19-20,100000000.0,19-20,3,2019-06-16,2019-07-01,52431797.0,48154060.194577634,4277736.805422366
temperature_month_level_ridge,1,19-20,100000000.0,19-20,4,2019-07-16,2019-08-01,52558745.0,54577218.72791099,-2018473.727910988
temperature_month_level_ridge,1,19-20,100000000.0,19-20,5,2019-08-16,2019-09-01,53273213.0,52502754.06124433,770458.9387556687
temperature_month_level_ridge,1,19-20,100000000.0,19-20,6,2019-09-16,2019-10-01,43605692.0,45005615.39457763,-1399923.3945776299
temperature_month_level_ridge,1,19-20,100000000.0,19-20,7,2019-10-16,2019-11-01,42854529.0,36786039.32791099,6068489.6720890105
temperature_month_level_ridge,1,19-20,100000000.0,19-20,8,2019-11-16,2019-12-01,17106453.0,23823676.261244293,-6717223.261244293
temperature_month_level_ridge,1,19-20,100000000.0,19-20,9,2019-12-16,2020-01-01,1261108.0,7497603.727910958,-6236495.727910958
temperature_month_level_ridge,1,19-20,100000000.0,19-20,10,2020-01-16,2020-02-01,19992.0,502798.12791095313,-482806.12791095313
temperature_month_level_ridge,1,19-20,100000000.0,19-20,11,2020-02-16,2020-03-01,0.0,254509.66124431053,-254509.66124431053
temperature_month_level_ridge,1,19-20,100000000.0,19-20,12,2020-03-16,2020-04-01,4634695.0,3384017.594577655,1250677.4054223448
temperature_month_level_ridge,1,20-21,100000000.0,20-21,1,2020-04-16,2020-05-01,37969735.0,24467942.539195728,13501792.460804272
temperature_month_level_ridge,1,20-21,100000000.0,20-21,2,2020-05-16,2020-06-01,52641606.0,47415612.33919574,5225993.660804257
temperature_month_level_ridge,1,20-21,100000000.0,20-21,3,2020-06-16,2020-07-01,50182327.0,48304024.87252906,1878302.1274709404
temperature_month_level_ridge,1,20-21,100000000.0,20-21,4,2020-07-16,2020-08-01,57730882.0,54232409.605862424,3498472.394137576
temperature_month_level_ridge,1,20-21,100000000.0,20-21,5,2020-08-16,2020-09-01,52776407.0,52535874.47252908,240532.5274709165
temperature_month_level_ridge,1,20-21,100000000.0,20-21,6,2020-09-16,2020-10-01,49758856.0,44595404.47252908,5163451.5274709165
temperature_month_level_ridge,1,20-21,100000000.0,20-21,7,2020-10-16,2020-11-01,37894982.0,37116675.80586241,778306.1941375881
temperature_month_level_ridge,1,20-21,100000000.0,20-21,8,2020-11-16,2020-12-01,15229986.0,23948774.072529063,-8718788.072529063
temperature_month_level_ridge,1,20-21,100000000.0,20-21,9,2020-12-16,2021-01-01,617019.0,7540543.005862382,-6923524.005862382
temperature_month_level_ridge,1,20-21,100000000.0,20-21,10,2021-01-16,2021-02-01,10265.0,503446.60586239875,-493181.60586239875
temperature_month_level_ridge,1,20-21,100000000.0,20-21,11,2021-02-16,2021-03-01,16595.0,253403.33919575546,-236808.33919575546
temperature_month_level_ridge,1,20-21,100000000.0,20-21,12,2021-03-16,2021-04-01,1678855.0,3581073.6058624247,-1902218.6058624247
temperature_month_level_ridge,1,21-22,0.31622776601683794,21-22,1,2021-04-16,2021-05-01,23522409.0,25885474.927716687,-2363065.9277166873
temperature_month_level_ridge,1,21-22,0.31622776601683794,21-22,2,2021-05-16,2021-06-01,51001348.0,47979340.19438335,3022007.805616647
temperature_month_level_ridge,1,21-22,0.31622776601683794,21-22,3,2021-06-16,2021-07-01,48736569.0,48854786.061050005,-118217.06105000526
temperature_month_level_ridge,1,21-22,0.31622776601683794,21-22,4,2021-07-16,2021-08-01,53983106.0,54936638.66105003,-953532.6610500291
temperature_month_level_ridge,1,21-22,0.31622776601683794,21-22,5,2021-08-16,2021-09-01,51550157.0,53072001.79438336,-1521844.794383362
temperature_month_level_ridge,1,21-22,0.31622776601683794,21-22,6,2021-09-16,2021-10-01,43252331.0,45483550.12771669,-2231219.1277166903
temperature_month_level_ridge,1,21-22,0.31622776601683794,21-22,7,2021-10-16,2021-11-01,19354723.0,38807070.394383356,-19452347.394383356
temperature_month_level_ridge,1,21-22,0.31622776601683794,21-22,8,2021-11-16,2021-12-01,7028226.0,24949935.394383337,-17921709.394383337
temperature_month_level_ridge,1,21-22,0.31622776601683794,21-22,9,2021-12-16,2022-01-01,190682.0,8023342.794383337,-7832660.794383337
temperature_month_level_ridge,1,21-22,0.31622776601683794,21-22,10,2022-01-16,2022-02-01,0.0,958508.2610500053,-958508.2610500053
temperature_month_level_ridge,1,21-22,0.31622776601683794,21-22,11,2022-02-16,2022-03-01,0.0,708886.9943833546,-708886.9943833546
temperature_month_level_ridge,1,21-22,0.31622776601683794,21-22,12,2022-03-16,2022-04-01,68753.0,4142791.0610500323,-4074038.0610500323
temperature_month_level_ridge,1,22-23,100000000.0,22-23,1,2022-04-16,2022-05-01,14681891.0,26020465.459643796,-11338574.459643796
temperature_month_level_ridge,1,22-23,100000000.0,22-23,2,2022-05-16,2022-06-01,45258737.0,47907803.592977114,-2649066.592977114
temperature_month_level_ridge,1,22-23,100000000.0,22-23,3,2022-06-16,2022-07-01,47363873.0,48491921.7929771,-1128048.792977102
temperature_month_level_ridge,1,22-23,100000000.0,22-23,4,2022-07-16,2022-08-01,55574655.0,54376158.0596438,1198496.9403562024
temperature_month_level_ridge,1,22-23,100000000.0,22-23,5,2022-08-16,2022-09-01,48196640.0,52841192.259643786,-4644552.259643786
temperature_month_level_ridge,1,22-23,100000000.0,22-23,6,2022-09-16,2022-10-01,36585620.0,45473620.19297712,-8888000.192977123
temperature_month_level_ridge,1,22-23,100000000.0,22-23,7,2022-10-16,2022-11-01,36743555.0,37193437.59297712,-449882.5929771215
temperature_month_level_ridge,1,22-23,100000000.0,22-23,8,2022-11-16,2022-12-01,24673613.0,23319198.926310446,1354414.073689554
temperature_month_level_ridge,1,22-23,100000000.0,22-23,9,2022-12-16,2023-01-01,3024763.0,7380026.726310446,-4355263.726310446
temperature_month_level_ridge,1,22-23,100000000.0,22-23,10,2023-01-16,2023-02-01,0.0,504130.9263104487,-504130.9263104487
temperature_month_level_ridge,1,22-23,100000000.0,22-23,11,2023-02-16,2023-03-01,17480.0,253344.32631046954,-235864.32631046954
temperature_month_level_ridge,1,22-23,100000000.0,22-23,12,2023-03-16,2023-04-01,2387836.0,3533808.1929771365,-1145972.1929771365
temperature_month_level_ridge,1,23-24,100000000.0,23-24,1,2023-04-16,2023-05-01,19502051.0,25699121.46764844,-6197070.467648439
temperature_month_level_ridge,1,23-24,100000000.0,23-24,2,2023-05-16,2023-06-01,54613215.0,47284171.7343151,7329043.265684903
temperature_month_level_ridge,1,23-24,100000000.0,23-24,3,2023-06-16,2023-07-01,47191995.0,48503380.33431508,-1311385.3343150765
temperature_month_level_ridge,1,23-24,100000000.0,23-24,4,2023-07-16,2023-08-01,59486498.0,54115368.534315124,5371129.465684876
temperature_month_level_ridge,1,23-24,100000000.0,23-24,5,2023-08-16,2023-09-01,56127609.0,52312461.00098176,3815147.999018237
temperature_month_level_ridge,1,23-24,100000000.0,23-24,6,2023-09-16,2023-10-01,51809218.0,44458713.667648435,7350504.332351565
temperature_month_level_ridge,1,23-24,100000000.0,23-24,7,2023-10-16,2023-11-01,38439426.0,37080379.534315094,1359046.4656849056
temperature_month_level_ridge,1,23-24,100000000.0,23-24,8,2023-11-16,2023-12-01,38187359.0,22418282.534315094,15769076.465684906
temperature_month_level_ridge,1,23-24,100000000.0,23-24,9,2023-12-16,2024-01-01,16959995.0,6451011.267648406,10508983.732351594
temperature_month_level_ridge,1,23-24,100000000.0,23-24,10,2024-01-16,2024-02-01,948654.0,440887.3343150911,507766.6656849089
temperature_month_level_ridge,1,23-24,100000000.0,23-24,11,2024-02-16,2024-03-01,363793.0,230256.80098175976,133536.19901824024
temperature_month_level_ridge,1,23-24,100000000.0,23-24,12,2024-03-16,2024-04-01,3972760.0,3428146.600981764,544613.399018236
temperature_month_level_ridge,1,24-25,17.78279410038923,24-25,1,2024-04-16,2024-05-01,32053800.0,24279323.720061053,7774476.279938947
temperature_month_level_ridge,1,24-25,17.78279410038923,24-25,2,2024-05-16,2024-06-01,52911731.0,46814589.520061046,6097141.479938954
temperature_month_level_ridge,1,24-25,17.78279410038923,24-25,3,2024-06-16,2024-07-01,57005563.0,47266127.9867277,9739435.0132723
temperature_month_level_ridge,1,24-25,17.78279410038923,24-25,4,2024-07-16,2024-08-01,55100624.0,53824745.6533944,1275878.346605599
temperature_month_level_ridge,1,24-25,17.78279410038923,24-25,5,2024-08-16,2024-09-01,50314323.0,52116998.92006104,-1802675.920061037
temperature_month_level_ridge,1,24-25,17.78279410038923,24-25,6,2024-09-16,2024-10-01,47649759.0,44152996.4533944,3496762.546605602
temperature_month_level_ridge,1,24-25,17.78279410038923,24-25,7,2024-10-16,2024-11-01,35063996.0,36722393.72006105,-1658397.7200610489
temperature_month_level_ridge,1,24-25,17.78279410038923,24-25,8,2024-11-16,2024-12-01,20111231.0,23040343.253394384,-2929112.253394384
temperature_month_level_ridge,1,24-25,17.78279410038923,24-25,9,2024-12-16,2025-01-01,4344693.0,6709016.920061047,-2364323.920061047
temperature_month_level_ridge,1,24-25,17.78279410038923,24-25,10,2025-01-16,2025-02-01,0.0,-78883.54660562123,78883.54660562123
temperature_month_level_ridge,1,24-25,17.78279410038923,24-25,11,2025-02-16,2025-03-01,0.0,-328504.81327226455,328504.81327226455
temperature_month_level_ridge,1,24-25,17.78279410038923,24-25,12,2025-03-16,2025-04-01,2893723.0,2917067.920061062,-23344.92006106209
temperature_month_level_ridge,1,25-26,100000000.0,25-26,1,2025-04-16,2025-05-01,18281747.0,25780475.028215084,-7498728.028215084
temperature_month_level_ridge,1,25-26,100000000.0,25-26,2,2025-05-16,2025-06-01,52310289.0,47437700.09488175,4872588.905118249
temperature_month_level_ridge,1,25-26,100000000.0,25-26,3,2025-06-16,2025-07-01,45340511.0,48626812.561548404,-3286301.5615484044
temperature_month_level_ridge,1,25-26,100000000.0,25-26,4,2025-07-16,2025-08-01,57129118.0,54272527.16154843,2856590.8384515718
temperature_month_level_ridge,1,25-26,100000000.0,25-26,5,2025-08-16,2025-09-01,56572358.0,52282811.02821509,4289546.971784912
temperature_month_level_ridge,1,25-26,100000000.0,25-26,6,2025-09-16,2025-10-01,49716418.0,44598233.62821508,5118184.371784918
temperature_month_level_ridge,1,25-26,100000000.0,25-26,7,2025-10-16,2025-11-01,36717950.0,37195144.56154845,-477194.5615484491
temperature_month_level_ridge,1,25-26,100000000.0,25-26,8,2025-11-16,2025-12-01,20695347.0,23584416.628215086,-2889069.6282150857
temperature_month_level_ridge,1,25-26,100000000.0,25-26,9,2025-12-16,2026-01-01,4220127.0,7300335.761548411,-3080208.761548411
temperature_month_level_ridge,1,25-26,100000000.0,25-26,10,2026-01-16,2026-02-01,162615.0,493289.894881736,-330674.894881736
temperature_month_level_ridge,1,25-26,100000000.0,25-26,11,2026-02-16,2026-03-01,47449.0,251346.36154843078,-203897.36154843078
temperature_month_level_ridge,1,25-26,100000000.0,25-26,12,2026-03-16,2026-04-01,3739136.0,3443721.4948817673,295414.5051182327
temperature_month_level_ridge,2,10-11,100000000.0,10-11,1,2010-04-16,2010-06-01,87169803.0,72112990.77250966,15056812.227490336
temperature_month_level_ridge,2,10-11,100000000.0,10-11,2,2010-06-16,2010-08-01,105120051.0,102722645.03917637,2397405.9608236253
temperature_month_level_ridge,2,10-11,100000000.0,10-11,3,2010-08-16,2010-10-01,92181609.0,97821522.57250968,-5639913.572509676
temperature_month_level_ridge,2,10-11,100000000.0,10-11,4,2010-10-16,2010-12-01,64439612.0,60311140.305843025,4128471.6941569746
temperature_month_level_ridge,2,10-11,100000000.0,10-11,5,2010-12-16,2011-02-01,5900761.0,7692424.505843041,-1791663.5058430415
temperature_month_level_ridge,2,10-11,100000000.0,10-11,6,2011-02-16,2011-04-01,1071433.0,3876078.105843013,-2804645.105843013
temperature_month_level_ridge,2,11-12,31.622776601683793,11-12,1,2011-04-16,2011-06-01,62907022.0,73917620.25841218,-11010598.258412182
temperature_month_level_ridge,2,11-12,31.622776601683793,11-12,2,2011-06-16,2011-08-01,101910340.0,103123736.52507891,-1213396.5250789076
temperature_month_level_ridge,2,11-12,31.622776601683793,11-12,3,2011-08-16,2011-10-01,95385836.0,97795018.19174552,-2409182.1917455196
temperature_month_level_ridge,2,11-12,31.622776601683793,11-12,4,2011-10-16,2011-12-01,42568889.0,61956299.25841222,-19387410.25841222
temperature_month_level_ridge,2,11-12,31.622776601683793,11-12,5,2011-12-16,2012-02-01,702437.0,8226090.19174557,-7523653.19174557
temperature_month_level_ridge,2,11-12,31.622776601683793,11-12,6,2012-02-16,2012-04-01,151653.0,4124507.5250788536,-3972854.5250788536
temperature_month_level_ridge,2,12-13,100000000.0,12-13,1,2012-04-16,2012-06-01,40846050.0,75201240.947126,-34355190.947126
temperature_month_level_ridge,2,12-13,100000000.0,12-13,2,2012-06-16,2012-08-01,87405353.0,103903624.88045935,-16498271.880459353
temperature_month_level_ridge,2,12-13,100000000.0,12-13,3,2012-08-16,2012-10-01,101639344.0,97191006.88045932,4448337.1195406765
temperature_month_level_ridge,2,12-13,100000000.0,12-13,4,2012-10-16,2012-12-01,84577770.0,58968596.41379269,25609173.586207308
temperature_month_level_ridge,2,12-13,100000000.0,12-13,5,2012-12-16,2013-02-01,15079671.0,7080497.147126036,7999173.852873964
temperature_month_level_ridge,2,12-13,100000000.0,12-13,6,2013-02-16,2013-04-01,1199523.0,3867538.747126,-2668015.747126
temperature_month_level_ridge,2,13-14,100000000.0,13-14,1,2013-04-16,2013-06-01,73509982.0,73023645.49513,486336.5048699975
temperature_month_level_ridge,2,13-14,100000000.0,13-14,2,2013-06-16,2013-08-01,92268119.0,103579440.49513002,-11311321.495130017
temperature_month_level_ridge,2,13-14,100000000.0,13-14,3,2013-08-16,2013-10-01,104586130.0,96994554.49512999,7591575.504870012
temperature_month_level_ridge,2,13-14,100000000.0,13-14,4,2013-10-16,2013-12-01,79562185.0,59302968.761796676,20259216.238203324
temperature_month_level_ridge,2,13-14,100000000.0,13-14,5,2013-12-16,2014-02-01,16007040.0,7018672.561796699,8988367.438203301
temperature_month_level_ridge,2,13-14,100000000.0,13-14,6,2014-02-16,2014-04-01,2961786.0,3750054.561796662,-788268.5617966619
temperature_month_level_ridge,2,14-15,100000000.0,14-15,1,2014-04-16,2014-06-01,71999100.0,73124370.90199263,-1125270.901992634
temperature_month_level_ridge,2,14-15,100000000.0,14-15,2,2014-06-16,2014-08-01,101918850.0,102936058.36865932,-1017208.3686593175
temperature_month_level_ridge,2,14-15,100000000.0,14-15,3,2014-08-16,2014-10-01,94024778.0,97698644.56865928,-3673866.568659276
temperature_month_level_ridge,2,14-15,100000000.0,14-15,4,2014-10-16,2014-12-01,61687546.0,60494611.30199265,1192934.6980073527
temperature_month_level_ridge,2,14-15,100000000.0,14-15,5,2014-12-16,2015-02-01,5679876.0,7707150.101992664,-2027274.101992664
temperature_month_level_ridge,2,14-15,100000000.0,14-15,6,2015-02-16,2015-04-01,1676877.0,3835715.1019926122,-2158838.1019926122
temperature_month_level_ridge,2,15-16,100000000.0,15-16,1,2015-04-16,2015-06-01,63333390.0,73702084.9306722,-10368694.930672199
temperature_month_level_ridge,2,15-16,100000000.0,15-16,2,2015-06-16,2015-08-01,98535011.0,103161647.66400556,-4626636.664005563
temperature_month_level_ridge,2,15-16,100000000.0,15-16,3,2015-08-16,2015-10-01,96726711.0,97518515.7306722,-791804.7306721956
temperature_month_level_ridge,2,15-16,100000000.0,15-16,4,2015-10-16,2015-12-01,72475802.0,59775394.26400555,12700407.73599445
temperature_month_level_ridge,2,15-16,100000000.0,15-16,5,2015-12-16,2016-02-01,23276068.0,6534070.664005554,16741997.335994445
temperature_month_level_ridge,2,15-16,100000000.0,15-16,6,2016-02-16,2016-04-01,13975649.0,3015796.997338868,10959852.002661131
temperature_month_level_ridge,2,16-17,100000000.0,16-17,1,2016-04-16,2016-06-01,87700200.0,72077630.9571013,15622569.0428987
temperature_month_level_ridge,2,16-17,100000000.0,16-17,2,2016-06-16,2016-08-01,99532104.0,103095174.82376799,-3563070.82376799
temperature_month_level_ridge,2,16-17,100000000.0,16-17,3,2016-08-16,2016-10-01,98696246.0,97387213.42376797,1309032.576232031
temperature_month_level_ridge,2,16-17,100000000.0,16-17,4,2016-10-16,2016-12-01,65539306.0,60237827.3571013,5301478.642898701
temperature_month_level_ridge,2,16-17,100000000.0,16-17,5,2016-12-16,2017-02-01,7545722.0,7582760.423767995,-37038.42376799509
temperature_month_level_ridge,2,16-17,100000000.0,16-17,6,2017-02-16,2017-04-01,6976061.0,3482436.2237679474,3493624.7762320526
temperature_month_level_ridge,2,17-18,100000000.0,17-18,1,2017-04-16,2017-06-01,67787946.0,73405114.555837,-5617168.555837005
temperature_month_level_ridge,2,17-18,100000000.0,17-18,2,2017-06-16,2017-08-01,112231058.0,102248577.88917033,9982480.110829666
temperature_month_level_ridge,2,17-18,100000000.0,17-18,3,2017-08-16,2017-10-01,101539226.0,97197681.42250367,4341544.577496335
temperature_month_level_ridge,2,17-18,100000000.0,17-18,4,2017-10-16,2017-12-01,59811323.0,60619692.889170334,-808369.8891703337
temperature_month_level_ridge,2,17-18,100000000.0,17-18,5,2017-12-16,2018-02-01,8307401.0,7531981.822503668,775419.1774963317
temperature_month_level_ridge,2,17-18,100000000.0,17-18,6,2018-02-16,2018-04-01,7465388.0,3449814.4225036325,4015573.5774963675
temperature_month_level_ridge,2,18-19,100000000.0,18-19,1,2018-04-16,2018-06-01,83295321.0,72371289.55930103,10924031.440698966
temperature_month_level_ridge,2,18-19,100000000.0,18-19,2,2018-06-16,2018-08-01,107222577.0,102582476.62596776,4640100.374032244
temperature_month_level_ridge,2,18-19,100000000.0,18-19,3,2018-08-16,2018-10-01,83535966.0,98397898.75930105,-14861932.759301051
temperature_month_level_ridge,2,18-19,100000000.0,18-19,4,2018-10-16,2018-12-01,48342907.0,61384253.959301054,-13041346.959301054
temperature_month_level_ridge,2,18-19,100000000.0,18-19,5,2018-12-16,2019-02-01,7028239.0,7617259.292634399,-589020.2926343987
temperature_month_level_ridge,2,18-19,100000000.0,18-19,6,2019-02-16,2019-04-01,3913159.0,3686629.6926343744,226529.30736562563
temperature_month_level_ridge,2,19-20,100000000.0,19-20,1,2019-04-16,2019-06-01,75567291.0,72886491.5224886,2680799.477511406
temperature_month_level_ridge,2,19-20,100000000.0,19-20,2,2019-06-16,2019-08-01,104990542.0,102731278.92248863,2259263.07751137
temperature_month_level_ridge,2,19-20,100000000.0,19-20,3,2019-08-16,2019-10-01,96878905.0,97508369.45582193,-629464.4558219314
temperature_month_level_ridge,2,19-20,100000000.0,19-20,4,2019-10-16,2019-12-01,59960982.0,60609715.58915527,-648733.5891552716
temperature_month_level_ridge,2,19-20,100000000.0,19-20,5,2019-12-16,2020-02-01,1281100.0,8000401.855821945,-6719301.855821945
temperature_month_level_ridge,2,19-20,100000000.0,19-20,6,2020-02-16,2020-04-01,4634695.0,3638527.255821921,996167.7441780791
temperature_month_level_ridge,2,20-21,100000000.0,20-21,1,2020-04-16,2020-06-01,90611341.0,71883554.87839147,18727786.121608526
temperature_month_level_ridge,2,20-21,100000000.0,20-21,2,2020-06-16,2020-08-01,107913209.0,102536434.47839153,5376774.521608472
temperature_month_level_ridge,2,20-21,100000000.0,20-21,3,2020-08-16,2020-10-01,102535263.0,97131278.94505815,5403984.054941848
temperature_month_level_ridge,2,20-21,100000000.0,20-21,4,2020-10-16,2020-12-01,53124968.0,61065449.87839149,-7940481.878391489
temperature_month_level_ridge,2,20-21,100000000.0,20-21,5,2020-12-16,2021-02-01,627284.0,8043989.611724833,-7416705.611724833
temperature_month_level_ridge,2,20-21,100000000.0,20-21,6,2021-02-16,2021-04-01,1695450.0,3834476.9450581395,-2139026.9450581395
temperature_month_level_ridge,2,21-22,0.31622776601683794,21-22,1,2021-04-16,2021-06-01,74523757.0,73864815.12210006,658941.8778999448
temperature_month_level_ridge,2,21-22,0.31622776601683794,21-22,2,2021-06-16,2021-08-01,102719675.0,103791424.72210006,-1071749.7221000642
temperature_month_level_ridge,2,21-22,0.31622776601683794,21-22,3,2021-08-16,2021-10-01,94802488.0,98555551.92210004,-3753063.9221000373
temperature_month_level_ridge,2,21-22,0.31622776601683794,21-22,4,2021-10-16,2021-12-01,26382949.0,63757005.78876672,-37374056.78876672
temperature_month_level_ridge,2,21-22,0.31622776601683794,21-22,5,2021-12-16,2022-02-01,190682.0,8981851.055433396,-8791169.055433396
temperature_month_level_ridge,2,21-22,0.31622776601683794,21-22,6,2022-02-16,2022-04-01,68753.0,4851678.055433373,-4782925.055433373
temperature_month_level_ridge,2,22-23,100000000.0,22-23,1,2022-04-16,2022-06-01,59940628.0,73928269.05262089,-13987641.052620888
temperature_month_level_ridge,2,22-23,100000000.0,22-23,2,2022-06-16,2022-08-01,102938528.0,102868079.8526209,70448.14737910032
temperature_month_level_ridge,2,22-23,100000000.0,22-23,3,2022-08-16,2022-10-01,84782260.0,98314812.4526209,-13532552.452620894
temperature_month_level_ridge,2,22-23,100000000.0,22-23,4,2022-10-16,2022-12-01,61417168.0,60512636.51928758,904531.4807124212
temperature_month_level_ridge,2,22-23,100000000.0,22-23,5,2022-12-16,2023-02-01,3024763.0,7884157.652620909,-4859394.652620909
temperature_month_level_ridge,2,22-23,100000000.0,22-23,6,2023-02-16,2023-04-01,2405316.0,3787152.5192875466,-1381836.5192875466
temperature_month_level_ridge,2,23-24,100000000.0,23-24,1,2023-04-16,2023-06-01,74115266.0,72983293.20196354,1131972.798036456
temperature_month_level_ridge,2,23-24,100000000.0,23-24,2,2023-06-16,2023-08-01,106678493.0,102618748.86863022,4059744.1313697845
temperature_month_level_ridge,2,23-24,100000000.0,23-24,3,2023-08-16,2023-10-01,107936827.0,96771174.66863018,11165652.331369817
temperature_month_level_ridge,2,23-24,100000000.0,23-24,4,2023-10-16,2023-12-01,76626785.0,59498662.068630226,17128122.931369774
temperature_month_level_ridge,2,23-24,100000000.0,23-24,5,2023-12-16,2024-02-01,17908649.0,6891898.601963564,11016750.398036435
temperature_month_level_ridge,2,23-24,100000000.0,23-24,6,2024-02-16,2024-04-01,4336553.0,3658403.401963509,678149.5980364908
temperature_month_level_ridge,2,24-25,17.78279410038923,24-25,1,2024-04-16,2024-06-01,84965531.0,71093913.24012211,13871617.75987789
temperature_month_level_ridge,2,24-25,17.78279410038923,24-25,2,2024-06-16,2024-08-01,112106187.0,101090873.64012212,11015313.359877884
temperature_month_level_ridge,2,24-25,17.78279410038923,24-25,3,2024-08-16,2024-10-01,97964082.0,96269995.37345542,1694086.6265445799
temperature_month_level_ridge,2,24-25,17.78279410038923,24-25,4,2024-10-16,2024-12-01,55175227.0,59762736.97345547,-4587509.973455466
temperature_month_level_ridge,2,24-25,17.78279410038923,24-25,5,2024-12-16,2025-02-01,4344693.0,6630133.373455471,-2285440.3734554714
temperature_month_level_ridge,2,24-25,17.78279410038923,24-25,6,2025-02-16,2025-04-01,2893723.0,2588563.1067887386,305159.89321126137
temperature_month_level_ridge,2,25-26,100000000.0,25-26,1,2025-04-16,2025-06-01,70592036.0,73218175.12309685,-2626139.1230968535
temperature_month_level_ridge,2,25-26,100000000.0,25-26,2,2025-06-16,2025-08-01,102469629.0,102899339.72309689,-429710.72309689224
temperature_month_level_ridge,2,25-26,100000000.0,25-26,3,2025-08-16,2025-10-01,106288776.0,96881044.6564302,9407731.3435698
temperature_month_level_ridge,2,25-26,100000000.0,25-26,4,2025-10-16,2025-12-01,57413297.0,60779561.18976352,-3366264.1897635236
temperature_month_level_ridge,2,25-26,100000000.0,25-26,5,2025-12-16,2026-02-01,4382742.0,7793625.656430199,-3410883.656430199
temperature_month_level_ridge,2,25-26,100000000.0,25-26,6,2026-02-16,2026-04-01,3786585.0,3695067.856430172,91517.14356982801
temperature_month_level_ridge,3,10-11,100000000.0,10-11,1,2010-04-16,2010-07-01,139693217.0,120260943.19209787,19432273.807902128
temperature_month_level_ridge,3,10-11,100000000.0,10-11,2,2010-07-16,2010-10-01,144778246.0,152396215.19209778,-7617969.192097783
temperature_month_level_ridge,3,10-11,100000000.0,10-11,3,2010-10-16,2011-01-01,70045796.0,67519072.32543121,2526723.674568787
temperature_month_level_ridge,3,10-11,100000000.0,10-11,4,2011-01-16,2011-04-01,1366010.0,4360570.592097842,-2994560.592097842
temperature_month_level_ridge,3,11-12,31.622776601683793,11-12,1,2011-04-16,2011-07-01,111481974.0,122422358.854285,-10940384.854285002
temperature_month_level_ridge,3,11-12,31.622776601683793,11-12,2,2011-07-16,2011-10-01,148721224.0,152414016.12095165,-3692792.1209516525
temperature_month_level_ridge,3,11-12,31.622776601683793,11-12,3,2011-10-16,2012-01-01,43271326.0,69584703.12095168,-26313377.120951682
temperature_month_level_ridge,3,11-12,31.622776601683793,11-12,4,2012-01-16,2012-04-01,151653.0,4722193.854285003,-4570540.854285003
temperature_month_level_ridge,3,12-13,100000000.0,12-13,1,2012-04-16,2012-07-01,73734195.0,124658211.28735569,-50924016.28735569
temperature_month_level_ridge,3,12-13,100000000.0,12-13,2,2012-07-16,2012-10-01,156156552.0,151637661.42068896,4518890.579311043
temperature_month_level_ridge,3,12-13,100000000.0,12-13,3,2012-10-16,2013-01-01,99075530.0,65583756.687355675,33491773.312644325
temperature_month_level_ridge,3,12-13,100000000.0,12-13,4,2013-01-16,2013-04-01,1781434.0,4332875.620689015,-2551441.620689015
temperature_month_level_ridge,3,13-14,100000000.0,13-14,1,2013-04-16,2013-07-01,112902970.0,122046959.64269504,-9143989.64269504
temperature_month_level_ridge,3,13-14,100000000.0,13-14,2,2013-07-16,2013-10-01,157461261.0,151550680.84269497,5910580.157305032
temperature_month_level_ridge,3,13-14,100000000.0,13-14,3,2013-10-16,2014-01-01,95044090.0,65852519.37602836,29191570.62397164
temperature_month_level_ridge,3,13-14,100000000.0,13-14,4,2014-01-16,2014-04-01,3486921.0,4219176.5093616415,-732255.5093616415
temperature_month_level_ridge,3,14-15,100000000.0,14-15,1,2014-04-16,2014-07-01,125884352.0,121181534.08632228,4702817.913677722
temperature_month_level_ridge,3,14-15,100000000.0,14-15,2,2014-07-16,2014-10-01,142058376.0,152577539.75298887,-10519163.752988875
temperature_month_level_ridge,3,14-15,100000000.0,14-15,3,2014-10-16,2015-01-01,66793949.0,67735862.01965562,-941913.0196556151
temperature_month_level_ridge,3,14-15,100000000.0,14-15,4,2015-01-16,2015-04-01,2250350.0,4301614.486322261,-2051264.4863222614
temperature_month_level_ridge,3,15-16,100000000.0,15-16,1,2015-04-16,2015-07-01,114893242.0,121914274.79600836,-7021032.796008363
temperature_month_level_ridge,3,15-16,100000000.0,15-16,2,2015-07-16,2015-10-01,143701870.0,152467973.52934167,-8766103.529341668
temperature_month_level_ridge,3,15-16,100000000.0,15-16,3,2015-10-16,2016-01-01,92202538.0,66041956.12934169,26160581.87065831
temperature_month_level_ridge,3,15-16,100000000.0,15-16,4,2016-01-16,2016-04-01,17524981.0,3283305.7960083215,14241675.203991678
temperature_month_level_ridge,3,16-17,100000000.0,16-17,1,2016-04-16,2016-07-01,129051362.0,120970400.16898528,8080961.831014723
temperature_month_level_ridge,3,16-17,100000000.0,16-17,2,2016-07-16,2016-10-01,156877188.0,151589619.03565195,5287568.964348048
temperature_month_level_ridge,3,16-17,100000000.0,16-17,3,2016-10-16,2017-01-01,72387666.0,67362947.63565198,5024718.364348024
temperature_month_level_ridge,3,16-17,100000000.0,16-17,4,2017-01-16,2017-04-01,7673423.0,3940076.368985312,3733346.631014688
temperature_month_level_ridge,3,17-18,100000000.0,17-18,1,2017-04-16,2017-07-01,121083003.0,121501624.1004222,-418621.10042220354
temperature_month_level_ridge,3,17-18,100000000.0,17-18,2,2017-07-16,2017-10-01,160475227.0,151349749.76708883,9125477.23291117
temperature_month_level_ridge,3,17-18,100000000.0,17-18,3,2017-10-16,2018-01-01,68093146.0,67649248.96708888,443897.03291112185
temperature_month_level_ridge,3,17-18,100000000.0,17-18,4,2018-01-16,2018-04-01,7490966.0,3952240.1670888476,3538725.8329111524
temperature_month_level_ridge,3,18-19,100000000.0,18-19,1,2018-04-16,2018-07-01,136314564.0,120486186.70561829,15828377.294381708
temperature_month_level_ridge,3,18-19,100000000.0,18-19,2,2018-07-16,2018-10-01,137739300.0,152865478.2389516,-15126178.238951594
temperature_month_level_ridge,3,18-19,100000000.0,18-19,3,2018-10-16,2019-01-01,55198076.0,68508920.30561829,-13310844.305618286
temperature_month_level_ridge,3,18-19,100000000.0,18-19,4,2019-01-16,2019-04-01,4086229.0,4179222.638951623,-92993.63895162288
temperature_month_level_ridge,3,19-20,100000000.0,19-20,1,2019-04-16,2019-07-01,127999088.0,121040551.71706624,6958536.282933757
temperature_month_level_ridge,3,19-20,100000000.0,19-20,2,2019-07-16,2019-10-01,149437650.0,152085588.18373284,-2647938.1837328374
temperature_month_level_ridge,3,19-20,100000000.0,19-20,3,2019-10-16,2020-01-01,61222090.0,68107319.31706624,-6885229.317066237
temperature_month_level_ridge,3,19-20,100000000.0,19-20,4,2020-01-16,2020-04-01,4654687.0,4141325.3837328968,513361.61626710324
temperature_month_level_ridge,3,20-21,100000000.0,20-21,1,2020-04-16,2020-07-01,140793668.0,120187579.7509206,20606088.249079406
temperature_month_level_ridge,3,20-21,100000000.0,20-21,2,2020-07-16,2020-10-01,160266145.0,151363688.55092058,8902456.449079424
temperature_month_level_ridge,3,20-21,100000000.0,20-21,3,2020-10-16,2021-01-01,53741987.0,68605992.88425393,-14864005.884253934
temperature_month_level_ridge,3,20-21,100000000.0,20-21,4,2021-01-16,2021-04-01,1705715.0,4337923.550920594,-2632208.5509205936
temperature_month_level_ridge,3,21-22,0.31622776601683794,21-22,1,2021-04-16,2021-07-01,123260326.0,122719601.18315007,540724.8168499321
temperature_month_level_ridge,3,21-22,0.31622776601683794,21-22,2,2021-07-16,2021-10-01,148785594.0,153492190.58315,-4706596.583149999
temperature_month_level_ridge,3,21-22,0.31622776601683794,21-22,3,2021-10-16,2022-01-01,26573631.0,71780348.58315006,-45206717.58315006
temperature_month_level_ridge,3,21-22,0.31622776601683794,21-22,4,2022-01-16,2022-04-01,68753.0,5810186.316483367,-5741433.316483367
temperature_month_level_ridge,3,22-23,100000000.0,22-23,1,2022-04-16,2022-07-01,107304501.0,122420190.84559801,-15115689.845598012
temperature_month_level_ridge,3,22-23,100000000.0,22-23,2,2022-07-16,2022-10-01,140356915.0,152690970.51226467,-12334055.512264669
temperature_month_level_ridge,3,22-23,100000000.0,22-23,3,2022-10-16,2023-01-01,64441931.0,67892663.24559803,-3450732.245598033
temperature_month_level_ridge,3,22-23,100000000.0,22-23,4,2023-01-16,2023-04-01,2405316.0,4291283.445598036,-1885967.445598036
temperature_month_level_ridge,3,23-24,100000000.0,23-24,1,2023-04-16,2023-07-01,121307261.0,121486673.53627864,-179412.53627863526
temperature_month_level_ridge,3,23-24,100000000.0,23-24,2,2023-07-16,2023-10-01,167423325.0,150886543.20294526,16536781.797054738
temperature_month_level_ridge,3,23-24,100000000.0,23-24,3,2023-10-16,2024-01-01,93586780.0,65949673.33627864,27637106.66372136
temperature_month_level_ridge,3,23-24,100000000.0,23-24,4,2024-01-16,2024-04-01,5285207.0,4099290.7362786336,1185916.2637213664
temperature_month_level_ridge,3,24-25,17.78279410038923,24-25,1,2024-04-16,2024-07-01,141971094.0,118360041.22684984,23611052.77315016
temperature_month_level_ridge,3,24-25,17.78279410038923,24-25,2,2024-07-16,2024-10-01,153064706.0,150094741.02684978,2969964.9731502235
temperature_month_level_ridge,3,24-25,17.78279410038923,24-25,3,2024-10-16,2025-01-01,59519920.0,66471753.89351648,-6951833.893516481
temperature_month_level_ridge,3,24-25,17.78279410038923,24-25,4,2025-01-16,2025-04-01,2893723.0,2509679.5601831065,384043.43981689354
temperature_month_level_ridge,3,25-26,100000000.0,25-26,1,2025-04-16,2025-07-01,115932547.0,121844987.68464527,-5912440.684645265
temperature_month_level_ridge,3,25-26,100000000.0,25-26,2,2025-07-16,2025-10-01,163417894.0,151153571.81797856,12264322.18202144
temperature_month_level_ridge,3,25-26,100000000.0,25-26,3,2025-10-16,2026-01-01,61633424.0,68079896.95131195,-6446472.951311946
temperature_month_level_ridge,3,25-26,100000000.0,25-26,4,2026-01-16,2026-04-01,3949200.0,4188357.751311934,-239157.7513119341
temperature_month_level_ridge,4,10-11,100000000.0,10-11,1,2010-04-16,2010-08-01,192289854.0,174835635.811686,17454218.18831399
temperature_month_level_ridge,4,10-11,100000000.0,10-11,2,2010-08-16,2010-12-01,156621221.0,158132662.87835276,-1511441.8783527613
temperature_month_level_ridge,4,10-11,100000000.0,10-11,3,2010-12-16,2011-04-01,6972194.0,11568502.611686092,-4596308.611686092
temperature_month_level_ridge,4,11-12,31.622776601683793,11-12,1,2011-04-16,2011-08-01,164817362.0,177041356.7834911,-12223994.783491105
temperature_month_level_ridge,4,11-12,31.622776601683793,11-12,2,2011-08-16,2011-12-01,137954725.0,159751317.4501578,-21796592.45015779
temperature_month_level_ridge,4,11-12,31.622776601683793,11-12,3,2011-12-16,2012-04-01,854090.0,12350597.716824453,-11496507.716824453
temperature_month_level_ridge,4,12-13,100000000.0,12-13,1,2012-04-16,2012-08-01,128251403.0,179104865.82758537,-50853462.82758537
temperature_month_level_ridge,4,12-13,100000000.0,12-13,2,2012-08-16,2012-12-01,186217114.0,156159603.29425204,30057510.705747962
temperature_month_level_ridge,4,12-13,100000000.0,12-13,3,2012-12-16,2013-04-01,16279194.0,10948035.894252066,5331158.105747934
temperature_month_level_ridge,4,13-14,100000000.0,13-14,1,2013-04-16,2013-08-01,165778101.0,176603085.99026003,-10824984.990260035
temperature_month_level_ridge,4,13-14,100000000.0,13-14,2,2013-08-16,2013-12-01,184148315.0,156297523.2569267,27850791.743073314
temperature_month_level_ridge,4,13-14,100000000.0,13-14,3,2013-12-16,2014-04-01,18968826.0,10768727.123593353,8200098.876406647
temperature_month_level_ridge,4,14-15,100000000.0,14-15,1,2014-04-16,2014-08-01,173917950.0,176060429.2706519,-2142479.2706519067
temperature_month_level_ridge,4,14-15,100000000.0,14-15,2,2014-08-16,2014-12-01,155712324.0,158193255.87065196,-2480931.8706519604
temperature_month_level_ridge,4,14-15,100000000.0,14-15,3,2014-12-16,2015-04-01,7356753.0,11542865.203985313,-4186112.203985313
temperature_month_level_ridge,4,15-16,100000000.0,15-16,1,2015-04-16,2015-08-01,161868401.0,176863732.59467775,-14995331.594677746
temperature_month_level_ridge,4,15-16,100000000.0,15-16,2,2015-08-16,2015-12-01,169202513.0,157293909.99467775,11908603.005322248
temperature_month_level_ridge,4,15-16,100000000.0,15-16,3,2015-12-16,2016-04-01,37251717.0,9549867.661344482,27701849.338655517
temperature_month_level_ridge,4,16-17,100000000.0,16-17,1,2016-04-16,2016-08-01,187232304.0,175172805.78086925,12059498.219130754
temperature_month_level_ridge,4,16-17,100000000.0,16-17,2,2016-08-16,2016-12-01,164235552.0,157625040.7808693,6610511.219130695
temperature_month_level_ridge,4,16-17,100000000.0,16-17,3,2016-12-16,2017-04-01,14521783.0,11065196.647535972,3456586.3524640277
temperature_month_level_ridge,4,17-18,100000000.0,17-18,1,2017-04-16,2017-08-01,180019004.0,175653692.44500738,4365311.554992616
temperature_month_level_ridge,4,17-18,100000000.0,17-18,2,2017-08-16,2017-12-01,161350549.0,157817374.3116741,3533174.6883259118
temperature_month_level_ridge,4,17-18,100000000.0,17-18,3,2017-12-16,2018-04-01,15772789.0,10981796.24500742,4790992.75499258
temperature_month_level_ridge,4,18-19,100000000.0,18-19,1,2018-04-16,2018-08-01,190517898.0,174953766.1852688,15564131.81473121
temperature_month_level_ridge,4,18-19,100000000.0,18-19,2,2018-08-16,2018-12-01,131878873.0,159782152.7186022,-27903279.71860221
temperature_month_level_ridge,4,18-19,100000000.0,18-19,3,2018-12-16,2019-04-01,10941398.0,11303888.985268863,-362490.9852688629
temperature_month_level_ridge,4,19-20,100000000.0,19-20,1,2019-04-16,2019-08-01,180557833.0,175617770.44497725,4940062.555022746
temperature_month_level_ridge,4,19-20,100000000.0,19-20,2,2019-08-16,2019-12-01,156839887.0,158118085.04497728,-1278198.0449772775
temperature_month_level_ridge,4,19-20,100000000.0,19-20,3,2019-12-16,2020-04-01,5915795.0,11638929.111643925,-5723134.111643925
temperature_month_level_ridge,4,20-21,100000000.0,20-21,1,2020-04-16,2020-08-01,198524550.0,174419989.356783,24104560.643216997
temperature_month_level_ridge,4,20-21,100000000.0,20-21,2,2020-08-16,2020-12-01,155660231.0,158196728.8234497,-2536497.823449701
temperature_month_level_ridge,4,20-21,100000000.0,20-21,3,2020-12-16,2021-04-01,2322734.0,11878466.556783054,-9555732.556783054
temperature_month_level_ridge,4,21-22,0.31622776601683794,21-22,1,2021-04-16,2021-08-01,177243432.0,177656239.8442001,-412807.8442001045
temperature_month_level_ridge,4,21-22,0.31622776601683794,21-22,2,2021-08-16,2021-12-01,121185437.0,162312557.7108668,-41127120.71086681
temperature_month_level_ridge,4,21-22,0.31622776601683794,21-22,3,2021-12-16,2022-04-01,259435.0,13833529.1108668,-13574094.1108668
temperature_month_level_ridge,4,22-23,100000000.0,22-23,1,2022-04-16,2022-08-01,162879156.0,176796348.90524182,-13917192.905241817
temperature_month_level_ridge,4,22-23,100000000.0,22-23,2,2022-08-16,2022-12-01,146199428.0,158827448.97190854,-12628020.97190854
temperature_month_level_ridge,4,22-23,100000000.0,22-23,3,2022-12-16,2023-04-01,5430079.0,11671310.171908537,-6241231.171908537
temperature_month_level_ridge,4,23-24,100000000.0,23-24,1,2023-04-16,2023-08-01,180793759.0,175602042.07059374,5191716.9294062555
temperature_month_level_ridge,4,23-24,100000000.0,23-24,2,2023-08-16,2023-12-01,184563612.0,156269836.7372605,28293775.26273951
temperature_month_level_ridge,4,23-24,100000000.0,23-24,3,2023-12-16,2024-04-01,22245202.0,10550302.003927125,11694899.996072875
temperature_month_level_ridge,4,24-25,17.78279410038923,24-25,1,2024-04-16,2024-08-01,197071718.0,172184786.8802442,24886931.119755805
temperature_month_level_ridge,4,24-25,17.78279410038923,24-25,2,2024-08-16,2024-12-01,153139309.0,156032732.34691095,-2893423.3469109535
temperature_month_level_ridge,4,24-25,17.78279410038923,24-25,3,2024-12-16,2025-04-01,7238416.0,9218696.480244247,-1980280.4802442472
temperature_month_level_ridge,4,25-26,100000000.0,25-26,1,2025-04-16,2025-08-01,173061665.0,176117514.8461937,-3055849.846193701
temperature_month_level_ridge,4,25-26,100000000.0,25-26,2,2025-08-16,2025-12-01,163702073.0,157660605.84619376,6041467.153806239
temperature_month_level_ridge,4,25-26,100000000.0,25-26,3,2025-12-16,2026-04-01,8169327.0,11488693.512860416,-3319366.5128604155
temperature_month_level_ridge,5,10-11,100000000.0,10-11,1,2010-04-16,2010-09-01,244355501.0,227418894.30170658,16936606.698293418
temperature_month_level_ridge,5,10-11,100000000.0,10-11,2,2010-09-16,2011-02-01,110456335.0,113241828.90170667,-2785493.9017066658
temperature_month_level_ridge,5,11-12,31.622776601683793,11-12,1,2011-04-16,2011-09-01,213957303.0,229961106.04526615,-16003803.045266151
temperature_month_level_ridge,5,11-12,31.622776601683793,11-12,2,2011-09-16,2012-02-01,89517221.0,115153435.04526618,-25636214.04526618
temperature_month_level_ridge,5,12-13,100000000.0,12-13,1,2012-04-16,2012-09-01,184929103.0,231380654.10166714,-46451551.101667136
temperature_month_level_ridge,5,12-13,100000000.0,12-13,2,2012-09-16,2013-02-01,144619085.0,110964312.16833378,33654772.831666216
temperature_month_level_ridge,5,13-14,100000000.0,13-14,1,2013-04-16,2013-09-01,223645611.0,228799553.61353573,-5153942.613535732
temperature_month_level_ridge,5,13-14,100000000.0,13-14,2,2013-09-16,2014-02-01,142287845.0,111119728.21353571,31168116.78646429
temperature_month_level_ridge,5,14-15,100000000.0,14-15,1,2014-04-16,2014-09-01,228653715.0,228465679.84324563,188035.1567543745
temperature_month_level_ridge,5,14-15,100000000.0,14-15,2,2014-09-16,2015-02-01,106656435.0,113495155.37657903,-6838720.376579031
temperature_month_level_ridge,5,15-16,100000000.0,15-16,1,2015-04-16,2015-09-01,218569400.0,229137967.59201545,-10568567.592015445
temperature_month_level_ridge,5,15-16,100000000.0,15-16,2,2015-09-16,2016-02-01,135777582.0,111553745.65868212,24223836.341317877
temperature_month_level_ridge,5,16-17,100000000.0,16-17,1,2016-04-16,2016-09-01,237768230.0,227858045.6697913,9910184.330208689
temperature_month_level_ridge,5,16-17,100000000.0,16-17,2,2016-09-16,2017-02-01,121245348.0,112522561.33645798,8722786.663542017
temperature_month_level_ridge,5,17-18,100000000.0,17-18,1,2017-04-16,2017-09-01,229603936.0,228402331.93711275,1201604.0628872514
temperature_month_level_ridge,5,17-18,100000000.0,17-18,2,2017-09-16,2018-02-01,120073018.0,112600716.67044614,7472301.329553857
temperature_month_level_ridge,5,18-19,100000000.0,18-19,1,2018-04-16,2018-09-01,235213295.0,228028374.67025617,7184920.329743832
temperature_month_level_ridge,5,18-19,100000000.0,18-19,2,2018-09-16,2019-02-01,94211715.0,114324803.53692287,-20113088.536922872
temperature_month_level_ridge,5,19-20,100000000.0,19-20,1,2019-04-16,2019-09-01,233831046.0,228120524.49784097,5710521.502159029
temperature_month_level_ridge,5,19-20,100000000.0,19-20,2,2019-09-16,2020-02-01,104847774.0,113615732.83117431,-8767958.831174314
temperature_month_level_ridge,5,20-21,100000000.0,20-21,1,2020-04-16,2020-09-01,251300957.0,226955863.8242692,24345093.175730795
temperature_month_level_ridge,5,20-21,100000000.0,20-21,2,2020-09-16,2021-02-01,103511108.0,113704843.95760253,-10193735.95760253
temperature_month_level_ridge,5,21-22,0.1,21-22,1,2021-04-16,2021-09-01,228793589.0,230641319.4152757,-1847730.415275693
temperature_month_level_ridge,5,21-22,0.1,21-22,2,2021-09-16,2022-02-01,69825962.0,118135484.74860907,-48309522.748609066
temperature_month_level_ridge,5,22-23,100000000.0,22-23,1,2022-04-16,2022-09-01,211075796.0,229637541.16019663,-18561745.160196632
temperature_month_level_ridge,5,22-23,100000000.0,22-23,2,2022-09-16,2023-02-01,101027551.0,113870414.36019664,-12842863.360196635
temperature_month_level_ridge,5,23-24,100000000.0,23-24,1,2023-04-16,2023-09-01,236921368.0,227914503.0628192,9006864.937180787
temperature_month_level_ridge,5,23-24,100000000.0,23-24,2,2023-09-16,2024-02-01,146344652.0,110849274.32948594,35495377.67051406
temperature_month_level_ridge,5,24-25,17.78279410038923,24-25,1,2024-04-16,2024-09-01,247386041.0,223927633.06720257,23458407.932797432
temperature_month_level_ridge,5,24-25,17.78279410038923,24-25,2,2024-09-16,2025-02-01,107169679.0,110171714.06720257,-3002035.067202568
temperature_month_level_ridge,5,25-26,100000000.0,25-26,1,2025-04-16,2025-09-01,229634023.0,228400325.85295618,1233697.1470438242
temperature_month_level_ridge,5,25-26,100000000.0,25-26,2,2025-09-16,2026-02-01,111512457.0,113171420.45295615,-1658963.452956155
