horizon,held_out_season,term,term_type,coefficient_standardized,coefficient_raw
1,10-11,intercept,intercept,24608332.533333354,-14205962.97132548
1,10-11,temperature_sep,weather,-3583708.4177654013,-2215502.022369379
1,10-11,temperature_oct,weather,1603570.4448837638,1195451.3303867688
1,10-11,temperature_nov,weather,1961826.0285435966,1962551.93412934
1,10-11,temperature_dec,weather,-1278467.7318329655,-1415815.9530303644
1,10-11,temperature_jan,weather,909120.7126553818,804854.6796347009
1,10-11,temperature_feb,weather,-800648.7537748001,-812354.7793400385
1,10-11,temperature_mar,weather,1813957.9666151286,1549679.7480947284
1,10-11,temperature_apr,weather,305530.0034049868,303312.0101061948
1,10-11,growing_season_total_rainfall,weather,951440.6109446717,5386.518804273453
1,10-11,block_fe_2,block_fixed_effect,22896325.666666664,22896325.666666664
1,10-11,block_fe_3,block_fixed_effect,23539619.866666675,23539619.866666675
1,10-11,block_fe_4,block_fixed_effect,29966360.066666655,29966360.066666655
1,10-11,block_fe_5,block_fixed_effect,27974925.933333308,27974925.933333308
1,10-11,block_fe_6,block_fixed_effect,20629931.533333335,20629931.533333335
1,10-11,block_fe_7,block_fixed_effect,12596831.733333303,12596831.733333303
1,10-11,block_fe_8,block_fixed_effect,-1502356.533333344,-1502356.533333344
1,10-11,block_fe_9,block_fixed_effect,-17400400.533333328,-17400400.533333328
1,10-11,block_fe_10,block_fixed_effect,-24123840.066666685,-24123840.066666685
1,10-11,block_fe_11,block_fixed_effect,-24360882.33333335,-24360882.33333335
1,10-11,block_fe_12,block_fixed_effect,-20979704.666666664,-20979704.666666664
1,11-12,intercept,intercept,26101652.799999982,-4880473.343006752
1,11-12,temperature_sep,weather,-2593448.496955282,-1575003.1566212163
1,11-12,temperature_oct,weather,1529883.1989551075,1183879.979157575
1,11-12,temperature_nov,weather,861828.8337811902,852245.7321276398
1,11-12,temperature_dec,weather,-518889.1416932707,-542342.2056621636
1,11-12,temperature_jan,weather,681302.6915647944,595001.3055660189
1,11-12,temperature_feb,weather,-468549.6058018972,-478695.2626237483
1,11-12,temperature_mar,weather,696530.4116873933,643608.7752321757
1,11-12,temperature_apr,weather,424398.7089373334,399449.947717073
1,11-12,growing_season_total_rainfall,weather,831577.4823449247,4290.397669522043
1,11-12,block_fe_2,block_fixed_effect,21527203.866666697,21527203.866666697
1,11-12,block_fe_3,block_fixed_effect,22309530.40000002,22309530.40000002
1,11-12,block_fe_4,block_fixed_effect,28423789.733333357,28423789.733333357
1,11-12,block_fe_5,block_fixed_effect,26676652.733333368,26676652.733333368
1,11-12,block_fe_6,block_fixed_effect,18727949.06666667,18727949.06666667
1,11-12,block_fe_7,block_fixed_effect,11691054.999999996,11691054.999999996
1,11-12,block_fe_8,block_fixed_effect,-2125172.1333333235,-2125172.1333333235
1,11-12,block_fe_9,block_fixed_effect,-18566804.33333332,-18566804.33333332
1,11-12,block_fe_10,block_fixed_effect,-25597521.866666652,-25597521.866666652
1,11-12,block_fe_11,block_fixed_effect,-25848739.333333317,-25848739.333333317
1,11-12,block_fe_12,block_fixed_effect,-22417169.53333331,-22417169.53333331
1,12-13,intercept,intercept,26555986.533333343,-1899294.2816302963
1,12-13,temperature_sep,weather,-3173979.591636009,-1975539.046239095
1,12-13,temperature_oct,weather,1912421.9383024639,1379700.1150343649
1,12-13,temperature_nov,weather,1141703.753725358,1215294.4544768317
1,12-13,temperature_dec,weather,-875653.3512987543,-915508.711960887
1,12-13,temperature_jan,weather,417592.4251716738,400136.7815588664
1,12-13,temperature_feb,weather,-711055.635531019,-721039.8418969761
1,12-13,temperature_mar,weather,998111.0821432804,845983.2035708964
1,12-13,temperature_apr,weather,899579.5551402144,856372.9663860126
1,12-13,growing_season_total_rainfall,weather,542843.3016342417,2665.7803948545547
1,12-13,block_fe_2,block_fixed_effect,22089267.866666682,22089267.866666682
1,12-13,block_fe_3,block_fixed_effect,22900983.799999997,22900983.799999997
1,12-13,block_fe_4,block_fixed_effect,27890668.000000007,27890668.000000007
1,12-13,block_fe_5,block_fixed_effect,25719801.73333334,25719801.73333334
1,12-13,block_fe_6,block_fixed_effect,18359232.066666678,18359232.066666678
1,12-13,block_fe_7,block_fixed_effect,9952659.600000022,9952659.600000022
1,12-13,block_fe_8,block_fixed_effect,-4096036.266666677,-4096036.266666677
1,12-13,block_fe_9,block_fixed_effect,-19940826.26666665,-19940826.26666665
1,12-13,block_fe_10,block_fixed_effect,-26090649.66666667,-26090649.66666667
1,12-13,block_fe_11,block_fixed_effect,-26309643.33333333,-26309643.33333333
1,12-13,block_fe_12,block_fixed_effect,-22934791.000000015,-22934791.000000015
1,13-14,intercept,intercept,25289051.466666646,-4316894.381563544
1,13-14,temperature_sep,weather,-4194403.7529638,-2540251.0686819796
1,13-14,temperature_oct,weather,1577695.4817934209,1148301.8742626377
1,13-14,temperature_nov,weather,2263317.6147432784,2236835.1578110717
1,13-14,temperature_dec,weather,-2205734.9802113366,-2345459.498843811
1,13-14,temperature_jan,weather,1337241.0596890792,1214408.919255904
1,13-14,temperature_feb,weather,-1778960.3152155234,-1843753.8847080313
1,13-14,temperature_mar,weather,1545333.9189272611,1338449.9418473097
1,13-14,temperature_apr,weather,1989484.633012545,2066159.5303746385
1,13-14,growing_season_total_rainfall,weather,364204.6827674974,1781.017537185261
1,13-14,block_fe_2,block_fixed_effect,22445542.53333338,22445542.53333338
1,13-14,block_fe_3,block_fixed_effect,23734262.666666687,23734262.666666687
1,13-14,block_fe_4,block_fixed_effect,29267074.866666712,29267074.866666712
1,13-14,block_fe_5,block_fixed_effect,26907416.133333355,26907416.133333355
1,13-14,block_fe_6,block_fixed_effect,19509035.40000001,19509035.40000001
1,13-14,block_fe_7,block_fixed_effect,11479496.733333357,11479496.733333357
1,13-14,block_fe_8,block_fixed_effect,-2754630.933333315,-2754630.933333315
1,13-14,block_fe_9,block_fixed_effect,-18739500.866666622,-18739500.866666622
1,13-14,block_fe_10,block_fixed_effect,-24819929.53333333,-24819929.53333333
1,13-14,block_fe_11,block_fixed_effect,-25035830.066666648,-25035830.066666648
1,13-14,block_fe_12,block_fixed_effect,-21792218.33333331,-21792218.33333331
1,14-15,intercept,intercept,25433294.26666667,-8789751.623053614
1,14-15,temperature_sep,weather,-3070922.421018046,-1913736.1300891018
1,14-15,temperature_oct,weather,1872892.6062603127,1408164.3757993628
1,14-15,temperature_nov,weather,1190982.3167089466,1173856.1969678628
1,14-15,temperature_dec,weather,-797330.3546576846,-837004.7727349097
1,14-15,temperature_jan,weather,725277.7862761,654957.2296731
1,14-15,temperature_feb,weather,-768698.4839145293,-879805.6866193691
1,14-15,temperature_mar,weather,1185562.5402373732,1004370.7675903148
1,14-15,temperature_apr,weather,680787.0331106869,636947.8797369194
1,14-15,growing_season_total_rainfall,weather,779648.708587827,3954.2193724051745
1,14-15,block_fe_2,block_fixed_effect,22257782.39999999,22257782.39999999
1,14-15,block_fe_3,block_fixed_effect,22623868.933333356,22623868.933333356
1,14-15,block_fe_4,block_fixed_effect,29445600.933333322,29445600.933333322
1,14-15,block_fe_5,block_fixed_effect,26971956.333333306,26971956.333333306
1,14-15,block_fe_6,block_fixed_effect,19860099.733333334,19860099.733333334
1,14-15,block_fe_7,block_fixed_effect,11372543.266666677,11372543.266666677
1,14-15,block_fe_8,block_fixed_effect,-1744520.4666666647,-1744520.4666666647
1,14-15,block_fe_9,block_fixed_effect,-18192043.533333357,-18192043.533333357
1,14-15,block_fe_10,block_fixed_effect,-24967394.86666666,-24967394.86666666
1,14-15,block_fe_11,block_fixed_effect,-25189969.000000007,-25189969.000000007
1,14-15,block_fe_12,block_fixed_effect,-21840904.4,-21840904.4
1,15-16,intercept,intercept,25504606.26666667,-13180269.580309834
1,15-16,temperature_sep,weather,-3129855.8360756226,-1892521.1048256082
1,15-16,temperature_oct,weather,1700175.876140339,1209080.2297736388
1,15-16,temperature_nov,weather,1190969.9884134312,1174885.441977998
1,15-16,temperature_dec,weather,-462212.8133498196,-486846.9741297902
1,15-16,temperature_jan,weather,299925.27750283387,270996.3643028232
1,15-16,temperature_feb,weather,-584804.8752188776,-599187.5416293044
1,15-16,temperature_mar,weather,1538019.0453782077,1342631.8588401193
1,15-16,temperature_apr,weather,396428.63638395834,369120.02540154813
1,15-16,growing_season_total_rainfall,weather,916881.3842785656,4477.751494561001
1,15-16,block_fe_2,block_fixed_effect,22692872.39999998,22692872.39999998
1,15-16,block_fe_3,block_fixed_effect,22707583.599999983,22707583.599999983
1,15-16,block_fe_4,block_fixed_effect,29444851.5333333,29444851.5333333
1,15-16,block_fe_5,block_fixed_effect,26769628.733333334,26769628.733333334
1,15-16,block_fe_6,block_fixed_effect,19739674.46666664,19739674.46666664
1,15-16,block_fe_7,block_fixed_effect,11065531.333333336,11065531.333333336
1,15-16,block_fe_8,block_fixed_effect,-2299349.5999999894,-2299349.5999999894
1,15-16,block_fe_9,block_fixed_effect,-19238044.39999999,-19238044.39999999
1,15-16,block_fe_10,block_fixed_effect,-25237097.466666654,-25237097.466666654
1,15-16,block_fe_11,block_fixed_effect,-25391772.33333333,-25391772.33333333
1,15-16,block_fe_12,block_fixed_effect,-22601643.199999984,-22601643.199999984
1,16-17,intercept,intercept,24078540.666666694,-19253219.920410402
1,16-17,temperature_sep,weather,-3045638.6428057235,-1839427.2701016758
1,16-17,temperature_oct,weather,2457722.879171965,1782110.9914981374
1,16-17,temperature_nov,weather,1079407.762761105,1064165.360939448
1,16-17,temperature_dec,weather,-1055877.9447735124,-1110196.144083143
1,16-17,temperature_jan,weather,368476.27940633986,326706.95473401604
1,16-17,temperature_feb,weather,-92448.96043117781,-93743.44683502994
1,16-17,temperature_mar,weather,585526.8455944405,499950.4526041505
1,16-17,temperature_apr,weather,1032723.264436212,969037.0801942894
1,16-17,growing_season_total_rainfall,weather,997944.052485647,5376.052374462791
1,16-17,block_fe_2,block_fixed_effect,23920549.59999997,23920549.59999997
1,16-17,block_fe_3,block_fixed_effect,24814228.53333331,24814228.53333331
1,16-17,block_fe_4,block_fixed_effect,30123864.933333308,30123864.933333308
1,16-17,block_fe_5,block_fixed_effect,28606699.200000003,28606699.200000003
1,16-17,block_fe_6,block_fixed_effect,20623432.866666663,20623432.866666663
1,16-17,block_fe_7,block_fixed_effect,12934041.066666659,12934041.066666659
1,16-17,block_fe_8,block_fixed_effect,-853295.0666666871,-853295.0666666871
1,16-17,block_fe_9,block_fixed_effect,-16953420.40000002,-16953420.40000002
1,16-17,block_fe_10,block_fixed_effect,-23620900.53333336,-23620900.53333336
1,16-17,block_fe_11,block_fixed_effect,-23861029.266666673,-23861029.266666673
1,16-17,block_fe_12,block_fixed_effect,-20813615.8666667,-20813615.8666667
1,17-18,intercept,intercept,25302075.066666674,-6274762.098903477
1,17-18,temperature_sep,weather,-3100133.0032109166,-2027863.478830871
1,17-18,temperature_oct,weather,1938228.6951272888,1390803.5449962658
1,17-18,temperature_nov,weather,1274170.9660388138,1269130.7106891742
1,17-18,temperature_dec,weather,-881807.2480356115,-923818.5772794754
1,17-18,temperature_jan,weather,738011.3517947228,652491.8697649036
1,17-18,temperature_feb,weather,-770053.6289838867,-782171.7266135789
1,17-18,temperature_mar,weather,1131429.9666813167,969565.8463802945
1,17-18,temperature_apr,weather,662507.7060452721,627550.7571801719
1,17-18,growing_season_total_rainfall,weather,651136.3582860727,3174.934713621386
1,17-18,block_fe_2,block_fixed_effect,22800964.39999998,22800964.39999998
1,17-18,block_fe_3,block_fixed_effect,22794434.46666666,22794434.46666666
1,17-18,block_fe_4,block_fixed_effect,28849993.26666667,28849993.26666667
1,17-18,block_fe_5,block_fixed_effect,27446564.399999965,27446564.399999965
1,17-18,block_fe_6,block_fixed_effect,19146966.866666663,19146966.866666663
1,17-18,block_fe_7,block_fixed_effect,11869707.666666664,11869707.666666664
1,17-18,block_fe_8,block_fixed_effect,-1854164.9333333448,-1854164.9333333448
1,17-18,block_fe_9,block_fixed_effect,-18272519.00000001,-18272519.00000001
1,17-18,block_fe_10,block_fixed_effect,-24799649.33333333,-24799649.33333333
1,17-18,block_fe_11,block_fixed_effect,-25060103.200000018,-25060103.200000018
1,17-18,block_fe_12,block_fixed_effect,-22094232.533333335,-22094232.533333335
1,18-19,intercept,intercept,24533282.133333344,-7884573.199224833
1,18-19,temperature_sep,weather,-3234173.395033931,-1953895.498894647
1,18-19,temperature_oct,weather,1888217.5526094881,1338886.3659998619
1,18-19,temperature_nov,weather,904822.2607094208,923592.1172852208
1,18-19,temperature_dec,weather,-581309.7377119828,-611800.7451333074
1,18-19,temperature_jan,weather,983821.5210785666,871571.3104854118
1,18-19,temperature_feb,weather,-1266381.9491707722,-1377826.470856775
1,18-19,temperature_mar,weather,1732994.6277148237,1475752.979311763
1,18-19,temperature_apr,weather,509519.2013269239,477027.59227856604
1,18-19,growing_season_total_rainfall,weather,942613.3304771904,4600.813298083884
1,18-19,block_fe_2,block_fixed_effect,23304725.266666662,23304725.266666662
1,18-19,block_fe_3,block_fixed_effect,23581615.000000015,23581615.000000015
1,18-19,block_fe_4,block_fixed_effect,29934297.33333333,29934297.33333333
1,18-19,block_fe_5,block_fixed_effect,28541326.333333313,28541326.333333313
1,18-19,block_fe_6,block_fixed_effect,20790008.13333334,20790008.13333334
1,18-19,block_fe_7,block_fixed_effect,13246652.73333333,13246652.73333333
1,18-19,block_fe_8,block_fixed_effect,-928963.066666669,-928963.066666669
1,18-19,block_fe_9,block_fixed_effect,-17408615.80000004,-17408615.80000004
1,18-19,block_fe_10,block_fixed_effect,-24040689.200000003,-24040689.200000003
1,18-19,block_fe_11,block_fixed_effect,-24283087.73333334,-24283087.73333334
1,18-19,block_fe_12,block_fixed_effect,-21096846.866666675,-21096846.866666675
1,19-20,intercept,intercept,25320610.933333334,-15840418.620631237
1,19-20,temperature_sep,weather,-3323131.956962993,-2035273.9257675665
1,19-20,temperature_oct,weather,1941876.3142697078,1389015.9505192009
1,19-20,temperature_nov,weather,795844.3561482385,803885.0804846674
1,19-20,temperature_dec,weather,-546149.014148398,-572633.0232507964
1,19-20,temperature_jan,weather,1247145.724245071,1151372.9620059114
1,19-20,temperature_feb,weather,-987836.1396957847,-1006317.7554543074
1,19-20,temperature_mar,weather,1240618.2410957906,1053282.1391038862
1,19-20,temperature_apr,weather,722496.9582879816,691652.9469486487
1,19-20,growing_season_total_rainfall,weather,1069457.4572765038,5240.092426100821
1,19-20,block_fe_2,block_fixed_effect,22245269.666666683,22245269.666666683
1,19-20,block_fe_3,block_fixed_effect,22833449.26666665,22833449.26666665
1,19-20,block_fe_4,block_fixed_effect,29256607.800000023,29256607.800000023
1,19-20,block_fe_5,block_fixed_effect,27182143.133333325,27182143.133333325
1,19-20,block_fe_6,block_fixed_effect,19685004.46666667,19685004.46666667
1,19-20,block_fe_7,block_fixed_effect,11465428.399999991,11465428.399999991
1,19-20,block_fe_8,block_fixed_effect,-1496934.666666658,-1496934.666666658
1,19-20,block_fe_9,block_fixed_effect,-17823007.200000014,-17823007.200000014
1,19-20,block_fe_10,block_fixed_effect,-24817812.80000001,-24817812.80000001
1,19-20,block_fe_11,block_fixed_effect,-25066101.266666673,-25066101.266666673
1,19-20,block_fe_12,block_fixed_effect,-21936593.333333347,-21936593.333333347
1,20-21,intercept,intercept,24467942.53333335,-5699024.9547880925
1,20-21,temperature_sep,weather,-3380432.883860095,-2067923.1425386728
1,20-21,temperature_oct,weather,1946144.2869269932,1462625.4426091001
1,20-21,temperature_nov,weather,1478911.9061828766,1524481.9971101815
1,20-21,temperature_dec,weather,-1076318.4422674037,-1123079.1409004845
1,20-21,temperature_jan,weather,792663.0011426739,691611.9985877166
1,20-21,temperature_feb,weather,-914296.6431494126,-957260.3759566023
1,20-21,temperature_mar,weather,993088.990008064,856899.1969608649
1,20-21,temperature_apr,weather,819153.1621706237,774163.7302051542
1,20-21,growing_season_total_rainfall,weather,518170.54644660803,2536.767568072593
1,20-21,block_fe_2,block_fixed_effect,22947669.799999997,22947669.799999997
1,20-21,block_fe_3,block_fixed_effect,23836082.333333313,23836082.333333313
1,20-21,block_fe_4,block_fixed_effect,29764467.06666667,29764467.06666667
1,20-21,block_fe_5,block_fixed_effect,28067931.933333308,28067931.933333308
1,20-21,block_fe_6,block_fixed_effect,20127461.933333315,20127461.933333315
1,20-21,block_fe_7,block_fixed_effect,12648733.266666664,12648733.266666664
1,20-21,block_fe_8,block_fixed_effect,-519168.46666670596,-519168.46666670596
1,20-21,block_fe_9,block_fixed_effect,-16927399.533333376,-16927399.533333376
1,20-21,block_fe_10,block_fixed_effect,-23964495.933333337,-23964495.933333337
1,20-21,block_fe_11,block_fixed_effect,-24214539.20000001,-24214539.20000001
1,20-21,block_fe_12,block_fixed_effect,-20886868.933333367,-20886868.933333367
1,21-22,intercept,intercept,25431097.599999964,-2660188.8071087077
1,21-22,temperature_sep,weather,-2336378.0964677925,-1499699.4397140143
1,21-22,temperature_oct,weather,1939340.0513506695,1448564.6260911906
1,21-22,temperature_nov,weather,746667.6733448566,745725.3724219524
1,21-22,temperature_dec,weather,-689894.4787836601,-733254.8348208746
1,21-22,temperature_jan,weather,636600.4866612051,565085.9200461357
1,21-22,temperature_feb,weather,-166094.28171692125,-169584.70480916384
1,21-22,temperature_mar,weather,860331.6367250517,751785.9760924743
1,21-22,temperature_apr,weather,-67337.74492585877,-62676.61042980725
1,21-22,growing_season_total_rainfall,weather,279866.23869982397,1536.914048066894
1,21-22,block_fe_2,block_fixed_effect,22093865.26666668,22093865.26666668
1,21-22,block_fe_3,block_fixed_effect,22969311.13333336,22969311.13333336
1,21-22,block_fe_4,block_fixed_effect,29051163.73333333,29051163.73333333
1,21-22,block_fe_5,block_fixed_effect,27186526.86666669,27186526.86666669
1,21-22,block_fe_6,block_fixed_effect,19598075.20000002,19598075.20000002
1,21-22,block_fe_7,block_fixed_effect,12921595.466666685,12921595.466666685
1,21-22,block_fe_8,block_fixed_effect,-935539.5333333202,-935539.5333333202
1,21-22,block_fe_9,block_fixed_effect,-17862132.133333333,-17862132.133333333
1,21-22,block_fe_10,block_fixed_effect,-24926966.666666638,-24926966.666666638
1,21-22,block_fe_11,block_fixed_effect,-25176587.933333304,-25176587.933333304
1,21-22,block_fe_12,block_fixed_effect,-21742683.86666663,-21742683.86666663
1,22-23,intercept,intercept,26020465.466666665,-22450949.138779636
1,22-23,temperature_sep,weather,-3673426.365687281,-2338443.7279273286
1,22-23,temperature_oct,weather,2722087.982269154,1950493.336064279
1,22-23,temperature_nov,weather,852192.7048637439,841264.484304631
1,22-23,temperature_dec,weather,-707940.4766707367,-744551.5485272928
1,22-23,temperature_jan,weather,1002675.3386750822,874735.7477360534
1,22-23,temperature_feb,weather,-126391.94429380358,-129786.07657758522
1,22-23,temperature_mar,weather,1122293.223370648,953212.3640135708
1,22-23,temperature_apr,weather,333632.17695182294,311945.5004982536
1,22-23,growing_season_total_rainfall,weather,1016039.2634192917,4958.224234677877
1,22-23,block_fe_2,block_fixed_effect,21887338.13333334,21887338.13333334
1,22-23,block_fe_3,block_fixed_effect,22471456.333333313,22471456.333333313
1,22-23,block_fe_4,block_fixed_effect,28355692.60000001,28355692.60000001
1,22-23,block_fe_5,block_fixed_effect,26820726.80000001,26820726.80000001
1,22-23,block_fe_6,block_fixed_effect,19453154.733333327,19453154.733333327
1,22-23,block_fe_7,block_fixed_effect,11172972.133333337,11172972.133333337
1,22-23,block_fe_8,block_fixed_effect,-2701266.5333333327,-2701266.5333333327
1,22-23,block_fe_9,block_fixed_effect,-18640438.733333327,-18640438.733333327
1,22-23,block_fe_10,block_fixed_effect,-25516334.533333316,-25516334.533333316
1,22-23,block_fe_11,block_fixed_effect,-25767121.133333344,-25767121.133333344
1,22-23,block_fe_12,block_fixed_effect,-22486657.26666667,-22486657.26666667
1,23-24,intercept,intercept,25699121.466666676,-9338915.377930932
1,23-24,temperature_sep,weather,-2565843.180176044,-1640594.5022639155
1,23-24,temperature_oct,weather,1859673.202050054,1315173.6745994359
1,23-24,temperature_nov,weather,1158770.215570229,1224749.4913126074
1,23-24,temperature_dec,weather,-816354.536646659,-879228.1160441093
1,23-24,temperature_jan,weather,536915.2325000166,486260.0691863187
1,23-24,temperature_feb,weather,-329798.4397198138,-347371.6830154918
1,23-24,temperature_mar,weather,579302.6445045593,492154.7078938405
1,23-24,temperature_apr,weather,706462.9008158762,680227.9104990291
1,23-24,growing_season_total_rainfall,weather,608649.9926971936,3001.0886485559404
1,23-24,block_fe_2,block_fixed_effect,21585050.26666669,21585050.26666669
1,23-24,block_fe_3,block_fixed_effect,22804258.86666668,22804258.86666668
1,23-24,block_fe_4,block_fixed_effect,28416247.066666648,28416247.066666648
1,23-24,block_fe_5,block_fixed_effect,26613339.533333354,26613339.533333354
1,23-24,block_fe_6,block_fixed_effect,18759592.200000014,18759592.200000014
1,23-24,block_fe_7,block_fixed_effect,11381258.066666665,11381258.066666665
1,23-24,block_fe_8,block_fixed_effect,-3280838.933333309,-3280838.933333309
1,23-24,block_fe_9,block_fixed_effect,-19248110.200000007,-19248110.200000007
1,23-24,block_fe_10,block_fixed_effect,-25258234.133333333,-25258234.133333333
1,23-24,block_fe_11,block_fixed_effect,-25468864.666666664,-25468864.666666664
1,23-24,block_fe_12,block_fixed_effect,-22270974.86666668,-22270974.86666668
1,24-25,intercept,intercept,24862338.199999962,46577755.85275214
1,24-25,temperature_sep,weather,-1840167.1556414964,-1224762.524478349
1,24-25,temperature_oct,weather,2093308.8061698168,1552623.3587780439
1,24-25,temperature_nov,weather,-130302.68740953175,-178920.00499037188
1,24-25,temperature_dec,weather,-1061767.3801263438,-2000799.7832979958
1,24-25,temperature_jan,weather,500949.57445566566,495784.0979911711
1,24-25,temperature_feb,weather,529982.9344623612,637160.3007967519
1,24-25,temperature_mar,weather,18246.318589184102,18222.65523312521
1,24-25,temperature_apr,weather,-279685.5915260426,-320289.7000072427
1,24-25,growing_season_total_rainfall,weather,345377.80307626526,1764.6850072433738
1,24-25,block_fe_2,block_fixed_effect,22535265.800000057,22535265.800000057
1,24-25,block_fe_3,block_fixed_effect,22986804.266666733,22986804.266666733
1,24-25,block_fe_4,block_fixed_effect,29545421.933333408,29545421.933333408
1,24-25,block_fe_5,block_fixed_effect,27837675.20000001,27837675.20000001
1,24-25,block_fe_6,block_fixed_effect,19873672.73333335,19873672.73333335
1,24-25,block_fe_7,block_fixed_effect,12443070.000000054,12443070.000000054
1,24-25,block_fe_8,block_fixed_effect,-1238980.4666666389,-1238980.4666666389
1,24-25,block_fe_9,block_fixed_effect,-17570306.799999975,-17570306.799999975
1,24-25,block_fe_10,block_fixed_effect,-24358207.26666663,-24358207.26666663
1,24-25,block_fe_11,block_fixed_effect,-24607828.533333305,-24607828.533333305
1,24-25,block_fe_12,block_fixed_effect,-21362255.79999999,-21362255.79999999
1,25-26,intercept,intercept,25780475.066666678,1218435.6277680025
1,25-26,temperature_sep,weather,-3455022.3201387324,-2272471.287693824
1,25-26,temperature_oct,weather,1723415.5071278722,1240924.0630864806
1,25-26,temperature_nov,weather,1739438.525378811,1714372.3458414164
1,25-26,temperature_dec,weather,-497020.9622438425,-518590.6164523805
1,25-26,temperature_jan,weather,704311.0761445351,633774.7418249667
1,25-26,temperature_feb,weather,-1415062.3415074737,-1570490.3554321236
1,25-26,temperature_mar,weather,661366.7379165041,688604.3779538141
1,25-26,temperature_apr,weather,1026892.1977197721,1011832.6306376614
1,25-26,growing_season_total_rainfall,weather,496010.3372135583,2513.8829133490826
1,25-26,block_fe_2,block_fixed_effect,21657225.066666648,21657225.066666648
1,25-26,block_fe_3,block_fixed_effect,22846337.53333331,22846337.53333331
1,25-26,block_fe_4,block_fixed_effect,28492052.133333307,28492052.133333307
1,25-26,block_fe_5,block_fixed_effect,26502335.999999996,26502335.999999996
1,25-26,block_fe_6,block_fixed_effect,18817758.599999975,18817758.599999975
1,25-26,block_fe_7,block_fixed_effect,11414669.533333324,11414669.533333324
1,25-26,block_fe_8,block_fixed_effect,-2196058.4000000143,-2196058.4000000143
1,25-26,block_fe_9,block_fixed_effect,-18480139.26666665,-18480139.26666665
1,25-26,block_fe_10,block_fixed_effect,-25287185.13333334,-25287185.13333334
1,25-26,block_fe_11,block_fixed_effect,-25529128.666666687,-25529128.666666687
1,25-26,block_fe_12,block_fixed_effect,-22336753.533333354,-22336753.533333354
2,10-11,intercept,intercept,72112990.73333338,-5515600.275983632
2,10-11,temperature_sep,weather,-7167416.835530791,-4431004.044738752
2,10-11,temperature_oct,weather,3207140.8897674954,2390902.660773514
2,10-11,temperature_nov,weather,3923652.057086985,3925103.868258472
2,10-11,temperature_dec,weather,-2556935.463665666,-2831631.9060604353
2,10-11,temperature_jan,weather,1818241.4253108946,1609709.3592695177
2,10-11,temperature_feb,weather,-1601297.5075499564,-1624709.5586804384
2,10-11,temperature_mar,weather,3627915.933230305,3099359.496189498
2,10-11,temperature_apr,weather,611060.0068100907,606624.020212506
2,10-11,growing_season_total_rainfall,weather,1902881.2218893308,10773.037608546834
2,10-11,block_fe_2,block_fixed_effect,30609654.266666632,30609654.266666632
2,10-11,block_fe_3,block_fixed_effect,25708531.79999995,25708531.79999995
2,10-11,block_fe_4,block_fixed_effect,-11801850.466666674,-11801850.466666674
2,10-11,block_fe_5,block_fixed_effect,-64420566.26666676,-64420566.26666676
2,10-11,block_fe_6,block_fixed_effect,-68236912.66666669,-68236912.66666669
2,11-12,intercept,intercept,73730509.46666655,11766257.180651687
2,11-12,temperature_sep,weather,-5186896.993910562,-3150006.3132424313
2,11-12,temperature_oct,weather,3059766.397910152,2367759.958315101
2,11-12,temperature_nov,weather,1723657.6675623143,1704491.4642552142
2,11-12,temperature_dec,weather,-1037778.2833864188,-1084684.411324199
2,11-12,temperature_jan,weather,1362605.3831297148,1190002.611132148
2,11-12,temperature_feb,weather,-937099.211603943,-957390.5252476484
2,11-12,temperature_mar,weather,1393060.8233749215,1287217.550464476
2,11-12,temperature_apr,weather,848797.4178745952,798899.8954340786
2,11-12,growing_season_total_rainfall,weather,1663154.9646899442,8580.795339044575
2,11-12,block_fe_2,block_fixed_effect,29206116.266666777,29206116.266666777
2,11-12,block_fe_3,block_fixed_effect,23877397.933333468,23877397.933333468
2,11-12,block_fe_4,block_fixed_effect,-11961320.999999868,-11961320.999999868
2,11-12,block_fe_5,block_fixed_effect,-65691530.06666655,-65691530.06666655
2,11-12,block_fe_6,block_fixed_effect,-69793112.73333319,-69793112.73333319
2,12-13,intercept,intercept,75201240.93333335,18290679.30340565
2,12-13,temperature_sep,weather,-6347959.183272033,-3951078.0924781994
2,12-13,temperature_oct,weather,3824843.8766049156,2759400.2300687213
2,12-13,temperature_nov,weather,2283407.5074507175,2430588.908953665
2,12-13,temperature_dec,weather,-1751306.702597492,-1831017.4239217564
2,12-13,temperature_jan,weather,835184.8503433823,800273.5631177659
2,12-13,temperature_feb,weather,-1422111.271062072,-1442079.6837939867
2,12-13,temperature_mar,weather,1996222.1642865988,1691966.407141825
2,12-13,temperature_apr,weather,1799159.1102804083,1712745.9327720057
2,12-13,growing_season_total_rainfall,weather,1085686.6032685041,5331.560789709211
2,12-13,block_fe_2,block_fixed_effect,28702383.933333337,28702383.933333337
2,12-13,block_fe_3,block_fixed_effect,21989765.93333339,21989765.93333339
2,12-13,block_fe_4,block_fixed_effect,-16232644.533333357,-16232644.533333357
2,12-13,block_fe_5,block_fixed_effect,-68120743.8,-68120743.8
2,12-13,block_fe_6,block_fixed_effect,-71333702.20000002,-71333702.20000002
2,13-14,intercept,intercept,73023645.46666671,13811753.770207316
2,13-14,temperature_sep,weather,-8388807.505927598,-5080502.137363957
2,13-14,temperature_oct,weather,3155390.963586768,2296603.748525222
2,13-14,temperature_nov,weather,4526635.22948662,4473670.315622206
2,13-14,temperature_dec,weather,-4411469.96042265,-4690918.997687598
2,13-14,temperature_jan,weather,2674482.119378119,2428817.838511772
2,13-14,temperature_feb,weather,-3557920.6304310462,-3687507.769416062
2,13-14,temperature_mar,weather,3090667.8378546145,2676899.8836946995
2,13-14,temperature_apr,weather,3978969.266024976,4132319.0607491587
2,13-14,growing_season_total_rainfall,weather,728409.3655349577,3562.035074370341
2,13-14,block_fe_2,block_fixed_effect,30555794.99999997,30555794.99999997
2,13-14,block_fe_3,block_fixed_effect,23970908.999999955,23970908.999999955
2,13-14,block_fe_4,block_fixed_effect,-13720676.73333335,-13720676.73333335
2,13-14,block_fe_5,block_fixed_effect,-66004972.93333336,-66004972.93333336
2,13-14,block_fe_6,block_fixed_effect,-69273590.93333338,-69273590.93333338
2,14-15,intercept,intercept,73124370.93333334,4678279.1538921
2,14-15,temperature_sep,weather,-6141844.842036104,-3827472.260178211
2,14-15,temperature_oct,weather,3745785.212520668,2816328.751598757
2,14-15,temperature_nov,weather,2381964.63341792,2347712.393935752
2,14-15,temperature_dec,weather,-1594660.7093153927,-1674009.545469844
2,14-15,temperature_jan,weather,1450555.572552123,1309914.4593461307
2,14-15,temperature_feb,weather,-1537396.9678290242,-1759611.3732386988
2,14-15,temperature_mar,weather,2371125.080474737,2008741.535180622
2,14-15,temperature_apr,weather,1361574.0662214158,1273895.7594738782
2,14-15,growing_season_total_rainfall,weather,1559297.4171756667,7908.438744810413
2,14-15,block_fe_2,block_fixed_effect,29811687.46666666,29811687.46666666
2,14-15,block_fe_3,block_fixed_effect,24574273.666666675,24574273.666666675
2,14-15,block_fe_4,block_fixed_effect,-12629759.59999999,-12629759.59999999
2,14-15,block_fe_5,block_fixed_effect,-65417220.800000004,-65417220.800000004
2,14-15,block_fe_6,block_fixed_effect,-69288655.8,-69288655.8
2,15-16,intercept,intercept,73702084.93333335,-3667666.7606187314
2,15-16,temperature_sep,weather,-6259711.672151247,-3785042.2096512173
2,15-16,temperature_oct,weather,3400351.7522807205,2418160.459547308
2,15-16,temperature_nov,weather,2381939.976826866,2349770.8839559997
2,15-16,temperature_dec,weather,-924425.6266996933,-973693.9482596373
2,15-16,temperature_jan,weather,599850.555005669,541992.7286056476
2,15-16,temperature_feb,weather,-1169609.7504377272,-1198375.0832585802
2,15-16,temperature_mar,weather,3076038.090756315,2685263.717680151
2,15-16,temperature_apr,weather,792857.272767978,738240.0508031534
2,15-16,growing_season_total_rainfall,weather,1833762.7685570938,8955.502989121818
2,15-16,block_fe_2,block_fixed_effect,29459562.733333346,29459562.733333346
2,15-16,block_fe_3,block_fixed_effect,23816430.79999999,23816430.79999999
2,15-16,block_fe_4,block_fixed_effect,-13926690.666666687,-13926690.666666687
2,15-16,block_fe_5,block_fixed_effect,-67168014.26666673,-67168014.26666673
2,15-16,block_fe_6,block_fixed_effect,-70686287.93333337,-70686287.93333337
2,16-17,intercept,intercept,72077630.9333333,-14585890.240820542
2,16-17,temperature_sep,weather,-6091277.285611461,-3678854.54020336
2,16-17,temperature_oct,weather,4915445.758343959,3564221.9829962957
2,16-17,temperature_nov,weather,2158815.525522228,2128330.7218789137
2,16-17,temperature_dec,weather,-2111755.8895470668,-2220392.28816633
2,16-17,temperature_jan,weather,736952.55881268,653413.9094680323
2,16-17,temperature_feb,weather,-184897.9208623313,-187486.8936700352
2,16-17,temperature_mar,weather,1171053.691188832,999900.9052082592
2,16-17,temperature_apr,weather,2065446.5288724513,1938074.1603886045
2,16-17,growing_season_total_rainfall,weather,1995888.1049712626,10752.104748925412
2,16-17,block_fe_2,block_fixed_effect,31017543.86666672,31017543.86666672
2,16-17,block_fe_3,block_fixed_effect,25309582.466666747,25309582.466666747
2,16-17,block_fe_4,block_fixed_effect,-11839803.599999905,-11839803.599999905
2,16-17,block_fe_5,block_fixed_effect,-64494870.53333326,-64494870.53333326
2,16-17,block_fe_6,block_fixed_effect,-68595194.73333327,-68595194.73333327
2,17-18,intercept,intercept,73405114.53333332,10251440.202194184
2,17-18,temperature_sep,weather,-6200266.006421839,-4055726.9576617456
2,17-18,temperature_oct,weather,3876457.3902546135,2781607.089992557
2,17-18,temperature_nov,weather,2548341.9320776686,2538261.421378389
2,17-18,temperature_dec,weather,-1763614.4960712895,-1847637.1545590204
2,17-18,temperature_jan,weather,1476022.7035893705,1304983.7395297408
2,17-18,temperature_feb,weather,-1540107.2579676914,-1564343.4532270744
2,17-18,temperature_mar,weather,2262859.933362523,1939131.6927604945
2,17-18,temperature_apr,weather,1325015.4120906023,1255101.514360399
2,17-18,growing_season_total_rainfall,weather,1302272.716572082,6349.869427242462
2,17-18,block_fe_2,block_fixed_effect,28843463.333333362,28843463.333333362
2,17-18,block_fe_3,block_fixed_effect,23792566.86666667,23792566.86666667
2,17-18,block_fe_4,block_fixed_effect,-12785421.666666636,-12785421.666666636
2,17-18,block_fe_5,block_fixed_effect,-65873132.73333332,-65873132.73333332
2,17-18,block_fe_6,block_fixed_effect,-69955300.13333331,-69955300.13333331
2,18-19,intercept,intercept,72371289.53333333,7535578.868216947
2,18-19,temperature_sep,weather,-6468346.790067846,-3907790.9977892847
2,18-19,temperature_oct,weather,3776435.1052189623,2677772.731999714
2,18-19,temperature_nov,weather,1809644.5214188397,1847184.2345704397
2,18-19,temperature_dec,weather,-1162619.4754239575,-1223601.4902666062
2,18-19,temperature_jan,weather,1967643.0421571368,1743142.6209708268
2,18-19,temperature_feb,weather,-2532763.8983415468,-2755652.941713553
2,18-19,temperature_mar,weather,3465989.255429675,2951505.9586235494
2,18-19,temperature_apr,weather,1019038.402653812,954055.1845570985
2,18-19,growing_season_total_rainfall,weather,1885226.6609543923,9201.626596167822
2,18-19,block_fe_2,block_fixed_effect,30211187.066666678,30211187.066666678
2,18-19,block_fe_3,block_fixed_effect,26026609.200000007,26026609.200000007
2,18-19,block_fe_4,block_fixed_effect,-10987035.599999988,-10987035.599999988
2,18-19,block_fe_5,block_fixed_effect,-64754030.26666662,-64754030.26666662
2,18-19,block_fe_6,block_fixed_effect,-68684659.86666667,-68684659.86666667
2,19-20,intercept,intercept,72886491.53333332,-9435567.574592084
2,19-20,temperature_sep,weather,-6646263.913925999,-4070547.851535141
2,19-20,temperature_oct,weather,3883752.628539465,2778031.901038437
2,19-20,temperature_nov,weather,1591688.712296686,1607770.1609695458
2,19-20,temperature_dec,weather,-1092298.0282970031,-1145266.04650181
2,19-20,temperature_jan,weather,2494291.4484899184,2302745.9240116165
2,19-20,temperature_feb,weather,-1975672.2793914378,-2012635.510908481
2,19-20,temperature_mar,weather,2481236.482191383,2106564.278207604
2,19-20,temperature_apr,weather,1444993.9165760914,1383305.89389742
2,19-20,growing_season_total_rainfall,weather,2138914.9145528,10480.184852200626
2,19-20,block_fe_2,block_fixed_effect,29844787.39999998,29844787.39999998
2,19-20,block_fe_3,block_fixed_effect,24621877.933333337,24621877.933333337
2,19-20,block_fe_4,block_fixed_effect,-12276775.933333313,-12276775.933333313
2,19-20,block_fe_5,block_fixed_effect,-64886089.66666665,-64886089.66666665
2,19-20,block_fe_6,block_fixed_effect,-69247964.26666662,-69247964.26666662
2,20-21,intercept,intercept,71883554.86666666,11549619.890424386
2,20-21,temperature_sep,weather,-6760865.7677202085,-4135846.2850773567
2,20-21,temperature_oct,weather,3892288.5738539947,2925250.885218207
2,20-21,temperature_nov,weather,2957823.8123657973,3048963.9942204086
2,20-21,temperature_dec,weather,-2152636.8845348563,-2246158.28180102
2,20-21,temperature_jan,weather,1585326.0022853203,1383223.9971754092
2,20-21,temperature_feb,weather,-1828593.286298805,-1914520.7519131834
2,20-21,temperature_mar,weather,1986177.9800161342,1713798.3939217352
2,20-21,temperature_apr,weather,1638306.3243412373,1548327.460410299
2,20-21,growing_season_total_rainfall,weather,1036341.0928931856,5073.535136145037
2,20-21,block_fe_2,block_fixed_effect,30652879.600000028,30652879.600000028
2,20-21,block_fe_3,block_fixed_effect,25247724.066666663,25247724.066666663
2,20-21,block_fe_4,block_fixed_effect,-10818104.999999998,-10818104.999999998
2,20-21,block_fe_5,block_fixed_effect,-63839565.26666666,-63839565.26666666
2,20-21,block_fe_6,block_fixed_effect,-68049077.93333334,-68049077.93333334
2,21-22,intercept,intercept,72956060.46666664,16773487.652449287
2,21-22,temperature_sep,weather,-4672756.192935588,-2999398.8794280305
2,21-22,temperature_oct,weather,3878680.1027013324,2897129.2521823766
2,21-22,temperature_nov,weather,1493335.3466897202,1491450.7448439116
2,21-22,temperature_dec,weather,-1379788.9575673223,-1466509.6696417516
2,21-22,temperature_jan,weather,1273200.9733224108,1130171.840092272
2,21-22,temperature_feb,weather,-332188.56343385216,-339169.4096183375
2,21-22,temperature_mar,weather,1720663.2734501176,1503571.9521849612
2,21-22,temperature_apr,weather,-134675.48985171644,-125353.22085961347
2,21-22,growing_season_total_rainfall,weather,559732.4773996433,3073.8280961337628
2,21-22,block_fe_2,block_fixed_effect,29926609.59999999,29926609.59999999
2,21-22,block_fe_3,block_fixed_effect,24690736.800000053,24690736.800000053
2,21-22,block_fe_4,block_fixed_effect,-10107809.33333333,-10107809.33333333
2,21-22,block_fe_5,block_fixed_effect,-64882964.06666667,-64882964.06666667
2,21-22,block_fe_6,block_fixed_effect,-69013137.06666669,-69013137.06666669
2,22-23,intercept,intercept,73928269.06666669,-23014560.144223765
2,22-23,temperature_sep,weather,-7346852.731374583,-4676887.45585467
2,22-23,temperature_oct,weather,5444175.964538338,3900986.672128579
2,22-23,temperature_nov,weather,1704385.4097276102,1682528.968609383
2,22-23,temperature_dec,weather,-1415880.9533416177,-1489103.0970547376
2,22-23,temperature_jan,weather,2005350.6773500396,1749471.495471998
2,22-23,temperature_feb,weather,-252783.88858751487,-259572.15315507568
2,22-23,temperature_mar,weather,2244586.44674117,1906424.7280270343
2,22-23,temperature_apr,weather,667264.3539037409,623891.0009965961
2,22-23,growing_season_total_rainfall,weather,2032078.526838468,9916.44846935519
2,22-23,block_fe_2,block_fixed_effect,28939810.799999952,28939810.799999952
2,22-23,block_fe_3,block_fixed_effect,24386543.399999976,24386543.399999976
2,22-23,block_fe_4,block_fixed_effect,-13415632.533333365,-13415632.533333365
2,22-23,block_fe_5,block_fixed_effect,-66044111.40000004,-66044111.40000004
2,22-23,block_fe_6,block_fixed_effect,-70141116.53333333,-70141116.53333333
2,23-24,intercept,intercept,72983293.2,2907219.510805711
2,23-24,temperature_sep,weather,-5131686.360352091,-3281189.004527833
2,23-24,temperature_oct,weather,3719346.404100136,2630347.3491988913
2,23-24,temperature_nov,weather,2317540.4311405113,2449498.9826252707
2,23-24,temperature_dec,weather,-1632709.073293381,-1758456.2320882864
2,23-24,temperature_jan,weather,1073830.4649999714,972520.1383725816
2,23-24,temperature_feb,weather,-659596.8794395833,-694743.3660309368
2,23-24,temperature_mar,weather,1158605.2890089932,984309.4157875744
2,23-24,temperature_apr,weather,1412925.8016318479,1360455.8209981502
2,23-24,growing_season_total_rainfall,weather,1217299.9853943256,6002.177297111576
2,23-24,block_fe_2,block_fixed_effect,29635455.666666675,29635455.666666675
2,23-24,block_fe_3,block_fixed_effect,23787881.466666672,23787881.466666672
2,23-24,block_fe_4,block_fixed_effect,-13484631.133333314,-13484631.133333314
2,23-24,block_fe_5,block_fixed_effect,-66091394.599999934,-66091394.599999934
2,23-24,block_fe_6,block_fixed_effect,-69324889.79999997,-69324889.79999997
2,24-25,intercept,intercept,72259942.2,115690777.50550699
2,24-25,temperature_sep,weather,-3680334.3112829714,-2449525.048956684
2,24-25,temperature_oct,weather,4186617.612339611,3105246.7175560715
2,24-25,temperature_nov,weather,-260605.3748190666,-357840.009980748
2,24-25,temperature_dec,weather,-2123534.760252718,-4001599.566596049
2,24-25,temperature_jan,weather,1001899.1489113421,991568.195982353
2,24-25,temperature_feb,weather,1059965.8689247202,1274320.6015935014
2,24-25,temperature_mar,weather,36492.63717835606,36445.31046623829
2,24-25,temperature_apr,weather,-559371.1830521123,-640579.4000145164
2,24-25,growing_season_total_rainfall,weather,690755.6061524826,3529.3700144865024
2,24-25,block_fe_2,block_fixed_effect,29996960.400000002,29996960.400000002
2,24-25,block_fe_3,block_fixed_effect,25176082.133333344,25176082.133333344
2,24-25,block_fe_4,block_fixed_effect,-11331176.266666695,-11331176.266666695
2,24-25,block_fe_5,block_fixed_effect,-64463779.86666667,-64463779.86666667
2,24-25,block_fe_6,block_fixed_effect,-68505350.1333334,-68505350.1333334
2,25-26,intercept,intercept,73218175.19999999,24094096.322201557
2,25-26,temperature_sep,weather,-6910044.640277474,-4544942.575387655
2,25-26,temperature_oct,weather,3446831.014255722,2481848.1261729454
2,25-26,temperature_nov,weather,3478877.0507575637,3428744.6916827755
2,25-26,temperature_dec,weather,-994041.9244875945,-1037181.2329046666
2,25-26,temperature_jan,weather,1408622.1522891428,1267549.483649999
2,25-26,temperature_feb,weather,-2830124.683015017,-3140980.710864324
2,25-26,temperature_mar,weather,1322733.4758330747,1377208.7559076971
2,25-26,temperature_apr,weather,2053784.3954394946,2023665.261275274
2,25-26,growing_season_total_rainfall,weather,992020.6744271854,5027.765826698514
2,25-26,block_fe_2,block_fixed_effect,29681164.600000028,29681164.600000028
2,25-26,block_fe_3,block_fixed_effect,23662869.53333332,23662869.53333332
2,25-26,block_fe_4,block_fixed_effect,-12438613.933333326,-12438613.933333326
2,25-26,block_fe_5,block_fixed_effect,-65424549.466666676,-65424549.466666676
2,25-26,block_fe_6,block_fixed_effect,-69523107.26666668,-69523107.26666668
3,10-11,intercept,intercept,120260943.13333341,3818056.619356975
3,10-11,temperature_sep,weather,-10751125.253296185,-6646506.067108126
3,10-11,temperature_oct,weather,4810711.334651304,3586353.991160316
3,10-11,temperature_nov,weather,5885478.085630866,5887655.802388096
3,10-11,temperature_dec,weather,-3835403.195499017,-4247447.859091226
3,10-11,temperature_jan,weather,2727362.13796609,2414564.0389040536
3,10-11,temperature_feb,weather,-2401946.2613242446,-2437064.3380199573
3,10-11,temperature_mar,weather,5441873.899845341,4649039.244284147
3,10-11,temperature_apr,weather,916590.0102149209,909936.0303185452
3,10-11,growing_season_total_rainfall,weather,2854321.832834019,16159.55641282038
3,10-11,block_fe_2,block_fixed_effect,32135271.99999988,32135271.99999988
3,10-11,block_fe_3,block_fixed_effect,-52741870.86666671,-52741870.86666671
3,10-11,block_fe_4,block_fixed_effect,-115900372.60000004,-115900372.60000004
3,11-12,intercept,intercept,122141692.66666663,29195314.2376415
3,11-12,temperature_sep,weather,-7780345.490865833,-4725009.469863641
3,11-12,temperature_oct,weather,4589649.596865119,3551639.9374725674
3,11-12,temperature_nov,weather,2585486.50134331,2556737.1963826614
3,11-12,temperature_dec,weather,-1556667.4250793855,-1627026.616986045
3,11-12,temperature_jan,weather,2043908.0746948093,1785003.9166984288
3,11-12,temperature_feb,weather,-1405648.8174061642,-1436085.7878717277
3,11-12,temperature_mar,weather,2089591.2350626348,1930826.3256969473
3,11-12,temperature_apr,weather,1273196.1268117444,1198349.8431509784
3,11-12,growing_season_total_rainfall,weather,2494732.447035106,12871.19300856784
3,11-12,block_fe_2,block_fixed_effect,29991657.26666668,29991657.26666668
3,11-12,block_fe_3,block_fixed_effect,-52837655.73333331,-52837655.73333331
3,11-12,block_fe_4,block_fixed_effect,-117700164.99999997,-117700164.99999997
3,12-13,intercept,intercept,124658211.26666667,39292368.82177603
3,12-13,temperature_sep,weather,-9521938.774908047,-5926617.138717297
3,12-13,temperature_oct,weather,5737265.81490739,4139100.3451030934
3,12-13,temperature_nov,weather,3425111.2611761005,3645883.3634305233
3,12-13,temperature_dec,weather,-2626960.053896277,-2746526.1358826756
3,12-13,temperature_jan,weather,1252777.2755149936,1200410.3446765724
3,12-13,temperature_feb,weather,-2133166.9065930434,-2163119.5256909146
3,12-13,temperature_mar,weather,2994333.246429831,2537949.6107126805
3,12-13,temperature_apr,weather,2698738.665420661,2569118.899158055
3,12-13,growing_season_total_rainfall,weather,1628529.9049027031,7997.341184563556
3,12-13,block_fe_2,block_fixed_effect,26979450.133333378,26979450.133333378
3,12-13,block_fe_3,block_fixed_effect,-59074454.59999998,-59074454.59999998
3,12-13,block_fe_4,block_fixed_effect,-120325335.66666658,-120325335.66666658
3,13-14,intercept,intercept,122046959.60000005,33229122.05531171
3,13-14,temperature_sep,weather,-12583211.258891402,-7620753.20604594
3,13-14,temperature_oct,weather,4733086.445380085,3444905.622787784
3,13-14,temperature_nov,weather,6789952.844230015,6710505.473433392
3,13-14,temperature_dec,weather,-6617204.940633958,-7036378.4965313785
3,13-14,temperature_jan,weather,4011723.1790671335,3643226.7577676172
3,13-14,temperature_feb,weather,-5336880.945646579,-5531261.6541241035
3,13-14,temperature_mar,weather,4636001.756782049,4015349.82554216
3,13-14,temperature_apr,weather,5968453.899037327,6198478.591123595
3,13-14,growing_season_total_rainfall,weather,1092614.048302386,5343.052611555264
3,13-14,block_fe_2,block_fixed_effect,29503721.19999995,29503721.19999995
3,13-14,block_fe_3,block_fixed_effect,-56194440.26666673,-56194440.26666673
3,13-14,block_fe_4,block_fixed_effect,-117827783.13333336,-117827783.13333336
3,14-15,intercept,intercept,121181534.13333336,18512396.464170933
3,14-15,temperature_sep,weather,-9212767.263054183,-5741208.390267334
3,14-15,temperature_oct,weather,5618677.818781083,4224493.127398198
3,14-15,temperature_nov,weather,3572946.950126953,3521568.5909037
3,14-15,temperature_dec,weather,-2391991.0639731516,-2511014.318204832
3,14-15,temperature_jan,weather,2175833.358828029,1964871.6890190556
3,14-15,temperature_feb,weather,-2306095.4517434523,-2639417.059857952
3,14-15,temperature_mar,weather,3556687.6207120377,3013112.3027708754
3,14-15,temperature_apr,weather,2042361.099332218,1910843.6392109054
3,14-15,growing_season_total_rainfall,weather,2338946.1257634712,11862.658117215473
3,14-15,block_fe_2,block_fixed_effect,31396005.666666664,31396005.666666664
3,14-15,block_fe_3,block_fixed_effect,-53445672.06666668,-53445672.06666668
3,14-15,block_fe_4,block_fixed_effect,-116879919.59999996,-116879919.59999996
3,15-16,intercept,intercept,121914274.80000004,5859647.2590726465
3,15-16,temperature_sep,weather,-9389567.50822687,-5677563.314476825
3,15-16,temperature_oct,weather,5100527.628421158,3627240.6893210164
3,15-16,temperature_nov,weather,3572909.965240306,3524656.325934007
3,15-16,temperature_dec,weather,-1386638.4400496273,-1460540.922389548
3,15-16,temperature_jan,weather,899775.8325084923,812989.0929084612
3,15-16,temperature_feb,weather,-1754414.6256565237,-1797562.6248878017
3,15-16,temperature_mar,weather,4614057.136134333,4027895.576520105
3,15-16,temperature_apr,weather,1189285.9091520528,1107360.07620481
3,15-16,growing_season_total_rainfall,weather,2750644.1528355917,13433.254483682487
3,15-16,block_fe_2,block_fixed_effect,30553698.73333325,30553698.73333325
3,15-16,block_fe_3,block_fixed_effect,-55872318.66666672,-55872318.66666672
3,15-16,block_fe_4,block_fixed_effect,-118630969.00000004,-118630969.00000004
3,16-17,intercept,intercept,120970400.13333338,-9024881.627897292
3,16-17,temperature_sep,weather,-9136915.928417185,-5518281.810305036
3,16-17,temperature_oct,weather,7373168.63751591,5346332.974494423
3,16-17,temperature_nov,weather,3238223.2882833336,3192496.0828183624
3,16-17,temperature_dec,weather,-3167633.8343205736,-3330588.4322494674
3,16-17,temperature_jan,weather,1105428.8382190233,980120.8642020514
3,16-17,temperature_feb,weather,-277346.88129351824,-281230.3405050744
3,16-17,temperature_mar,weather,1756580.5367832852,1499851.3578124205
3,16-17,temperature_apr,weather,3098169.7933086515,2907111.240582883
3,16-17,growing_season_total_rainfall,weather,2993832.1574569074,16128.157123388191
3,16-17,block_fe_2,block_fixed_effect,30619218.86666662,30619218.86666662
3,16-17,block_fe_3,block_fixed_effect,-53607452.53333335,-53607452.53333335
3,16-17,block_fe_4,block_fixed_effect,-117030323.80000004,-117030323.80000004
3,17-18,intercept,intercept,121501624.06666663,26771112.56995645
3,17-18,temperature_sep,weather,-9300399.009632744,-6083590.436492609
3,17-18,temperature_oct,weather,5814686.085381873,4172410.634988802
3,17-18,temperature_nov,weather,3822512.89811644,3807392.132067521
3,17-18,temperature_dec,weather,-2645421.744106839,-2771455.7318384307
3,17-18,temperature_jan,weather,2214034.055384147,1957475.6092946918
3,17-18,temperature_feb,weather,-2310160.8869516402,-2346515.1798407165
3,17-18,temperature_mar,weather,3394289.9000439076,2908697.539140847
3,17-18,temperature_apr,weather,1987523.1181358434,1882652.2715405414
3,17-18,growing_season_total_rainfall,weather,1953409.0748582128,9524.804140864131
3,17-18,block_fe_2,block_fixed_effect,29848125.66666669,29848125.66666669
3,17-18,block_fe_3,block_fixed_effect,-53852375.133333296,-53852375.133333296
3,17-18,block_fe_4,block_fixed_effect,-117549383.93333331,-117549383.93333331
3,18-19,intercept,intercept,120486186.66666669,23232620.668992355
3,18-19,temperature_sep,weather,-9702520.185101774,-5861686.496683929
3,18-19,temperature_oct,weather,5664652.657828422,4016659.097999556
3,18-19,temperature_nov,weather,2714466.782128247,2770776.351855647
3,18-19,temperature_dec,weather,-1743929.2131359293,-1835402.2353999023
3,18-19,temperature_jan,weather,2951464.56323573,2614713.9314562622
3,18-19,temperature_feb,weather,-3799145.847512329,-4133479.4125703387
3,18-19,temperature_mar,weather,5198983.8831445705,4427258.937935374
3,18-19,temperature_apr,weather,1528557.6039806604,1431082.7768355939
3,18-19,growing_season_total_rainfall,weather,2827839.991431599,13802.439894251786
3,18-19,block_fe_2,block_fixed_effect,32379291.53333339,32379291.53333339
3,18-19,block_fe_3,block_fixed_effect,-51977266.40000003,-51977266.40000003
3,18-19,block_fe_4,block_fixed_effect,-116306964.06666668,-116306964.06666668
3,19-20,intercept,intercept,121040551.73333335,-2442536.9285609275
3,19-20,temperature_sep,weather,-9969395.87088897,-6105821.7773026945
3,19-20,temperature_oct,weather,5825628.94280912,4167047.8515576003
3,19-20,temperature_nov,weather,2387533.0684446823,2411655.2414539685
3,19-20,temperature_dec,weather,-1638447.0424451618,-1717899.0697523556
3,19-20,temperature_jan,weather,3741437.1727352506,3454118.8860177686
3,19-20,temperature_feb,weather,-2963508.419087371,-3018953.2663629395
3,19-20,temperature_mar,weather,3721854.723287398,3159846.4173116805
3,19-20,temperature_apr,weather,2167490.874863919,2074958.840845921
3,19-20,growing_season_total_rainfall,weather,3208372.371829537,15720.27727830259
3,19-20,block_fe_2,block_fixed_effect,31045036.466666635,31045036.466666635
3,19-20,block_fe_3,block_fixed_effect,-52933232.400000036,-52933232.400000036
3,19-20,block_fe_4,block_fixed_effect,-116899226.33333339,-116899226.33333339
3,20-21,intercept,intercept,120187579.73333341,29686677.268969655
3,20-21,temperature_sep,weather,-10141298.651580283,-6203769.427616017
3,20-21,temperature_oct,weather,5838432.860780981,4387876.327827302
3,20-21,temperature_nov,weather,4436735.718548637,4573445.991330552
3,20-21,temperature_dec,weather,-3228955.3268022146,-3369237.422701457
3,20-21,temperature_jan,weather,2377989.003428013,2074835.9957631421
3,20-21,temperature_feb,weather,-2742889.9294482376,-2871781.1278698067
3,20-21,temperature_mar,weather,2979266.9700241834,2570697.5908825877
3,20-21,temperature_apr,weather,2457459.486511859,2322491.1906154514
3,20-21,growing_season_total_rainfall,weather,1554511.639339814,7610.302704217729
3,20-21,block_fe_2,block_fixed_effect,31176108.799999937,31176108.799999937
3,20-21,block_fe_3,block_fixed_effect,-51581586.866666794,-51581586.866666794
3,20-21,block_fe_4,block_fixed_effect,-115849656.20000008,-115849656.20000008
3,21-22,intercept,intercept,121356469.19999991,37082609.9786744
3,21-22,temperature_sep,weather,-7009134.28940338,-4499098.3191420445
3,21-22,temperature_oct,weather,5818020.154052031,4345693.87827359
3,21-22,temperature_nov,weather,2240003.0200345935,2237176.117265881
3,21-22,temperature_dec,weather,-2069683.4363510155,-2199764.504462661
3,21-22,temperature_jan,weather,1909801.459983582,1695257.7601383775
3,21-22,temperature_feb,weather,-498282.8451507464,-508754.1144274738
3,21-22,temperature_mar,weather,2580994.9101751144,2255357.9282773877
3,21-22,temperature_apr,weather,-202013.23477753764,-188029.83128938577
3,21-22,growing_season_total_rainfall,weather,839598.716099442,4610.742144200518
3,21-22,block_fe_2,block_fixed_effect,30772589.40000006,30772589.40000006
3,21-22,block_fe_3,block_fixed_effect,-50939252.59999994,-50939252.59999994
3,21-22,block_fe_4,block_fixed_effect,-116909414.86666657,-116909414.86666657
3,22-23,intercept,intercept,122420190.86666664,-22994052.949669063
3,22-23,temperature_sep,weather,-11020279.097061852,-7015331.183781991
3,22-23,temperature_oct,weather,8166263.946807478,5851480.008192848
3,22-23,temperature_nov,weather,2556578.114591382,2523793.4529140415
3,22-23,temperature_dec,weather,-2123821.430012377,-2233654.6455820543
3,22-23,temperature_jan,weather,3008026.016025084,2624207.2432080186
3,22-23,temperature_feb,weather,-379175.83288130397,-389358.229732646
3,22-23,temperature_mar,weather,3366879.6701117735,2859637.0920405677
3,22-23,temperature_apr,weather,1000896.530855586,935836.5014948704
3,22-23,growing_season_total_rainfall,weather,3048117.7902577193,14874.67270403287
3,22-23,block_fe_2,block_fixed_effect,30270779.66666676,30270779.66666676
3,22-23,block_fe_3,block_fixed_effect,-54527527.59999993,-54527527.59999993
3,22-23,block_fe_4,block_fixed_effect,-118128907.4,-118128907.4
3,23-24,intercept,intercept,121486673.53333335,16372562.999541923
3,23-24,temperature_sep,weather,-7697529.540528127,-4921783.506791743
3,23-24,temperature_oct,weather,5579019.606150209,3945521.0237983405
3,23-24,temperature_nov,weather,3476310.646710766,3674248.4739379054
3,23-24,temperature_dec,weather,-2449063.6099400814,-2637684.3481324404
3,23-24,temperature_jan,weather,1610745.6974999465,1458780.2075588626
3,23-24,temperature_feb,weather,-989395.319159349,-1042115.049046378
3,23-24,temperature_mar,weather,1737907.9335134602,1476464.1236813364
3,23-24,temperature_apr,weather,2119388.702447783,2040683.731497236
3,23-24,growing_season_total_rainfall,weather,1825949.978091483,9003.26594566734
3,23-24,block_fe_2,block_fixed_effect,29399869.666666716,29399869.666666716
3,23-24,block_fe_3,block_fixed_effect,-55537000.19999997,-55537000.19999997
3,23-24,block_fe_4,block_fixed_effect,-117387382.79999997,-117387382.79999997
3,24-25,intercept,intercept,120109084.66666666,185255337.6249138
3,24-25,temperature_sep,weather,-5520501.466924476,-3674287.5734350383
3,24-25,temperature_oct,weather,6279926.418509524,4657870.076334187
3,24-25,temperature_nov,weather,-390908.0622285935,-536760.0149711133
3,24-25,temperature_dec,weather,-3185302.1403789157,-6002399.349893769
3,24-25,temperature_jan,weather,1502848.7233668854,1487352.293973403
3,24-25,temperature_feb,weather,1589948.8033871618,1911480.90239035
3,24-25,temperature_mar,weather,54738.95576753095,54667.965699354296
3,24-25,temperature_apr,weather,-839056.7745780319,-960869.1000216182
3,24-25,growing_season_total_rainfall,weather,1036133.4092289638,5294.055021730979
3,24-25,block_fe_2,block_fixed_effect,31734699.799999986,31734699.799999986
3,24-25,block_fe_3,block_fixed_effect,-51888287.333333336,-51888287.333333336
3,24-25,block_fe_4,block_fixed_effect,-115850361.66666666,-115850361.66666666
3,25-26,intercept,intercept,121844987.80000003,48158869.48330119
3,25-26,temperature_sep,weather,-10365066.960416213,-6817413.863081482
3,25-26,temperature_oct,weather,5170246.521383524,3722772.189259375
3,25-26,temperature_nov,weather,5218315.576136272,5143117.037524091
3,25-26,temperature_dec,weather,-1491062.8867312493,-1555771.849356851
3,25-26,temperature_jan,weather,2112933.22843382,1901324.2254750933
3,25-26,temperature_feb,weather,-4245187.024522661,-4711471.066296637
3,25-26,temperature_mar,weather,1984100.213749724,2065813.1338616624
3,25-26,temperature_apr,weather,3080676.593159173,3035497.891912843
3,25-26,growing_season_total_rainfall,weather,1488031.011640858,7541.648740048176
3,25-26,block_fe_2,block_fixed_effect,29308584.133333307,29308584.133333307
3,25-26,block_fe_3,block_fixed_effect,-53765090.73333335,-53765090.73333335
3,25-26,block_fe_4,block_fixed_effect,-117656629.93333341,-117656629.93333341
4,10-11,intercept,intercept,174835635.7333334,19578453.714699477
4,10-11,temperature_sep,weather,-14334833.67106157,-8862008.089477496
4,10-11,temperature_oct,weather,6414281.779534989,4781805.321547026
4,10-11,temperature_nov,weather,7847304.114174092,7850207.736517066
4,10-11,temperature_dec,weather,-5113870.927331468,-5663263.812121021
4,10-11,temperature_jan,weather,3636482.850621711,3219418.718538966
4,10-11,temperature_feb,weather,-3202595.0150997182,-3249419.1173606794
4,10-11,temperature_mar,weather,7255831.866460558,6198718.992378952
4,10-11,temperature_apr,weather,1222120.0136201151,1213248.040424946
4,10-11,growing_season_total_rainfall,weather,3805762.4437786574,21546.075217093643
4,10-11,block_fe_2,block_fixed_effect,-16702972.93333333,-16702972.93333333
4,10-11,block_fe_3,block_fixed_effect,-163267133.20000008,-163267133.20000008
4,11-12,intercept,intercept,176667135.2,52738630.62797102
4,11-12,temperature_sep,weather,-10373793.987821111,-6300012.626484855
4,11-12,temperature_oct,weather,6119532.795820334,4735519.916630225
4,11-12,temperature_nov,weather,3447315.335124658,3408982.9285104573
4,11-12,temperature_dec,weather,-2075556.5667729056,-2169368.8226484694
4,11-12,temperature_jan,weather,2725210.7662593746,2380005.222264248
4,11-12,temperature_feb,weather,-1874198.4232078164,-1914781.0504952257
4,11-12,temperature_mar,weather,2786121.6467497684,2574435.100928883
4,11-12,temperature_apr,weather,1697594.8357492296,1597799.7908681943
4,11-12,growing_season_total_rainfall,weather,3326309.9293798488,17161.590678088945
4,11-12,block_fe_2,block_fixed_effect,-17290039.33333332,-17290039.33333332
4,11-12,block_fe_3,block_fixed_effect,-164690759.06666672,-164690759.06666672
4,12-13,intercept,intercept,179104865.80000007,65283742.54014574
4,12-13,temperature_sep,weather,-12695918.36654405,-7902156.184956388
4,12-13,temperature_oct,weather,7649687.753209862,5518800.460137464
4,12-13,temperature_nov,weather,4566815.014901461,4861177.817907358
4,12-13,temperature_dec,weather,-3502613.4051950383,-3662034.8478435697
4,12-13,temperature_jan,weather,1670369.700686681,1600547.1262354518
4,12-13,temperature_feb,weather,-2844222.54212407,-2884159.3675878984
4,12-13,temperature_mar,weather,3992444.3285731114,3383932.814283577
4,12-13,temperature_apr,weather,3598318.2205608655,3425491.865544058
4,12-13,growing_season_total_rainfall,weather,2171373.206536946,10663.121579418117
4,12-13,block_fe_2,block_fixed_effect,-22945262.533333376,-22945262.533333376
4,12-13,block_fe_3,block_fixed_effect,-168156829.9333333,-168156829.9333333
4,13-14,intercept,intercept,176603085.93333334,58179302.54041323
4,13-14,temperature_sep,weather,-16777615.011855166,-10161004.274727898
4,13-14,temperature_oct,weather,6310781.927173579,4593207.497050474
4,13-14,temperature_nov,weather,9053270.45897318,8947340.631244352
4,13-14,temperature_dec,weather,-8822939.920845265,-9381837.995375156
4,13-14,temperature_jan,weather,5348964.238756239,4857635.677023546
4,13-14,temperature_feb,weather,-7115841.260862063,-7375015.538832094
4,13-14,temperature_mar,weather,6181335.675709199,5353799.767389373
4,13-14,temperature_apr,weather,7957938.5320499595,8264638.121498325
4,13-14,growing_season_total_rainfall,weather,1456818.7310699574,7124.070148740887
4,13-14,block_fe_2,block_fixed_effect,-20305562.73333328,-20305562.73333328
4,13-14,block_fe_3,block_fixed_effect,-165834358.86666667,-165834358.86666667
4,14-15,intercept,intercept,176060429.3333333,39168245.774451554
4,14-15,temperature_sep,weather,-12283689.684072213,-7654944.520356426
4,14-15,temperature_oct,weather,7491570.425041361,5632657.503197533
4,14-15,temperature_nov,weather,4763929.2668358935,4695424.787871557
4,14-15,temperature_dec,weather,-3189321.418630838,-3348019.0909397434
4,14-15,temperature_jan,weather,2901111.1451041806,2619828.9186922023
4,14-15,temperature_feb,weather,-3074793.935658,-3519222.746477342
4,14-15,temperature_mar,weather,4742250.160949405,4017483.0703611854
4,14-15,temperature_apr,weather,2723148.132442872,2547791.518947794
4,14-15,growing_season_total_rainfall,weather,3118594.8343512653,15816.87748962048
4,14-15,block_fe_2,block_fixed_effect,-17867173.399999913,-17867173.399999913
4,14-15,block_fe_3,block_fixed_effect,-164517564.0666667,-164517564.0666667
4,15-16,intercept,intercept,176863732.60000002,22124229.212094903
4,15-16,temperature_sep,weather,-12519423.344302498,-7570084.4193024365
4,15-16,temperature_oct,weather,6800703.50456143,4836320.919094607
4,15-16,temperature_nov,weather,4763879.953653736,4699541.767912003
4,15-16,temperature_dec,weather,-1848851.2533993707,-1947387.896519258
4,15-16,temperature_jan,weather,1199701.1100113273,1083985.4572112856
4,15-16,temperature_feb,weather,-2339219.500875448,-2396750.166517154
4,15-16,temperature_mar,weather,6152076.181512693,5370527.435360357
4,15-16,temperature_apr,weather,1585714.545535919,1476480.1016062724
4,15-16,growing_season_total_rainfall,weather,3667525.537114217,17911.00597824378
4,15-16,block_fe_2,block_fixed_effect,-19569822.599999998,-19569822.599999998
4,15-16,block_fe_3,block_fixed_effect,-167313864.93333337,-167313864.93333337
4,16-17,intercept,intercept,175172805.73333338,1845763.3850259185
4,16-17,temperature_sep,weather,-12182554.571222898,-7357709.080406705
4,16-17,temperature_oct,weather,9830891.516687892,7128443.965992573
4,16-17,temperature_nov,weather,4317631.0510444455,4256661.443757817
4,16-17,temperature_dec,weather,-4223511.779094117,-4440784.576332643
4,16-17,temperature_jan,weather,1473905.1176253557,1306827.8189360609
4,16-17,temperature_feb,weather,-369795.841724664,-374973.78734007187
4,16-17,temperature_mar,weather,2342107.3823776846,1999801.810416536
4,16-17,temperature_apr,weather,4130893.0577448756,3876148.320777184
4,16-17,growing_season_total_rainfall,weather,3991776.209942527,21504.209497850836
4,16-17,block_fe_2,block_fixed_effect,-17547764.99999998,-17547764.99999998
4,16-17,block_fe_3,block_fixed_effect,-164107609.1333334,-164107609.1333334
4,17-18,intercept,intercept,175653692.39999998,49346343.737722546
4,17-18,temperature_sep,weather,-12400532.012843685,-8111453.915323496
4,17-18,temperature_oct,weather,7752914.780509234,5563214.17998512
4,17-18,temperature_nov,weather,5096683.864155406,5076522.842756847
4,17-18,temperature_dec,weather,-3527228.9921426424,-3695274.3091181074
4,17-18,temperature_jan,weather,2952045.407178683,2609967.4790594303
4,17-18,temperature_feb,weather,-3080214.5159353428,-3128686.906454108
4,17-18,temperature_mar,weather,4525719.866724985,3878263.3855209365
4,17-18,temperature_apr,weather,2650030.824181249,2510203.02872084
4,17-18,growing_season_total_rainfall,weather,2604545.4331441005,12699.738854484616
4,17-18,block_fe_2,block_fixed_effect,-17836318.1333333,-17836318.1333333
4,17-18,block_fe_3,block_fixed_effect,-164671896.19999993,-164671896.19999993
4,18-19,intercept,intercept,174953766.13333338,45282344.80310044
4,18-19,temperature_sep,weather,-12936693.580135722,-7815581.995578587
4,18-19,temperature_oct,weather,7552870.21043791,5355545.463999418
4,18-19,temperature_nov,weather,3619289.042837684,3694368.469140884
4,18-19,temperature_dec,weather,-2325238.950847914,-2447202.9805332115
4,18-19,temperature_jan,weather,3935286.0843143086,3486285.241941685
4,18-19,temperature_feb,weather,-5065527.796683125,-5511305.88342714
4,18-19,temperature_mar,weather,6931978.510859445,5903011.91724718
4,18-19,temperature_apr,weather,2038076.8053075687,1908110.3691141454
4,18-19,growing_season_total_rainfall,weather,3770453.321908791,18403.253192335676
4,18-19,block_fe_2,block_fixed_effect,-15171613.466666758,-15171613.466666758
4,18-19,block_fe_3,block_fixed_effect,-163649877.20000002,-163649877.20000002
4,19-20,intercept,intercept,175617770.46666664,10973652.250807643
4,19-20,temperature_sep,weather,-13292527.827851985,-8141095.703070274
4,19-20,temperature_oct,weather,7767505.257078843,5556063.802076812
4,19-20,temperature_nov,weather,3183377.4245929006,3215540.3219386158
4,19-20,temperature_dec,weather,-2184596.056593548,-2290532.0930031394
4,19-20,temperature_jan,weather,4988582.896980346,4605491.848023703
4,19-20,temperature_feb,weather,-3951344.5587831577,-4025271.0218172492
4,19-20,temperature_mar,weather,4962472.964383176,4213128.556415556
4,19-20,temperature_apr,weather,2889987.833151906,2766611.7877945746
4,19-20,growing_season_total_rainfall,weather,4277829.829106051,20960.36970440346
4,19-20,block_fe_2,block_fixed_effect,-17499685.40000003,-17499685.40000003
4,19-20,block_fe_3,block_fixed_effect,-163978841.33333328,-163978841.33333328
4,20-21,intercept,intercept,174419989.33333337,53752119.38084848
4,20-21,temperature_sep,weather,-13521731.53544038,-8271692.570154691
4,20-21,temperature_oct,weather,7784577.147707976,5850501.770436403
4,20-21,temperature_nov,weather,5915647.624731548,6097927.988440769
4,20-21,temperature_dec,weather,-4305273.769069651,-4492316.563601975
4,20-21,temperature_jan,weather,3170652.0045706593,2766447.9943508347
4,20-21,temperature_feb,weather,-3657186.572597635,-3829041.5038263933
4,20-21,temperature_mar,weather,3972355.9600322586,3427596.787843462
4,20-21,temperature_apr,weather,3276612.648682469,3096654.9208205924
4,20-21,growing_season_total_rainfall,weather,2072682.1857864014,10147.07027229022
4,20-21,block_fe_2,block_fixed_effect,-16223260.533333361,-16223260.533333361
4,20-21,block_fe_3,block_fixed_effect,-162541522.80000007,-162541522.80000007
4,21-22,intercept,intercept,175838730.5333333,63473584.90489912
4,21-22,temperature_sep,weather,-9345512.38587118,-5998797.758856064
4,21-22,temperature_oct,weather,7757360.205402712,5794258.5043647885
4,21-22,temperature_nov,weather,2986670.6933794846,2982901.4896878675
4,21-22,temperature_dec,weather,-2759577.915134715,-2933019.3392835776
4,21-22,temperature_jan,weather,2546401.946644755,2260343.680184485
4,21-22,temperature_feb,weather,-664377.1268676263,-678338.8192365954
4,21-22,temperature_mar,weather,3441326.5469001303,3007143.9043698306
4,21-22,temperature_apr,weather,-269350.9797033677,-250706.44171916627
4,21-22,growing_season_total_rainfall,weather,1119464.9547992493,6147.656192267321
4,21-22,block_fe_2,block_fixed_effect,-15343682.13333339,-15343682.13333339
4,21-22,block_fe_3,block_fixed_effect,-163822710.73333338,-163822710.73333338
4,22-23,intercept,intercept,176796348.9333333,-17089309.488450527
4,22-23,temperature_sep,weather,-14693705.46274912,-9353774.91170931
4,22-23,temperature_oct,weather,10888351.929076614,7801973.344257114
4,22-23,temperature_nov,weather,3408770.8194550434,3365057.937218591
4,22-23,temperature_dec,weather,-2831761.906683004,-2978206.1941092317
4,22-23,temperature_jan,weather,4010701.3547002515,3498942.990944146
4,22-23,temperature_feb,weather,-505567.7771751713,-519144.30631029676
4,22-23,temperature_mar,weather,4489172.8934825035,3812849.456054208
4,22-23,temperature_apr,weather,1334528.7078073453,1247782.0019930645
4,22-23,growing_season_total_rainfall,weather,4064157.0536771193,19832.896938711274
4,22-23,block_fe_2,block_fixed_effect,-17968899.933333352,-17968899.933333352
4,22-23,block_fe_3,block_fixed_effect,-165125038.73333323,-165125038.73333323
4,23-24,intercept,intercept,175602042.06666672,35449894.68827611
4,23-24,temperature_sep,weather,-10263372.720704196,-6562378.009055675
4,23-24,temperature_oct,weather,7438692.80820022,5260694.698397746
4,23-24,temperature_nov,weather,4635080.862280925,4898997.965250438
4,23-24,temperature_dec,weather,-3265418.146586639,-3516912.4641764406
4,23-24,temperature_jan,weather,2147660.9300000765,1945040.2767452842
4,23-24,temperature_feb,weather,-1319193.7588792355,-1389486.7320619463
4,23-24,temperature_mar,weather,2317210.578018234,1968618.8315753592
4,23-24,temperature_apr,weather,2825851.603263486,2720911.641996098
4,23-24,growing_season_total_rainfall,weather,2434599.9707887815,12004.354594223796
4,23-24,block_fe_2,block_fixed_effect,-19332205.333333317,-19332205.333333317
4,23-24,block_fe_3,block_fixed_effect,-165051740.06666672,-165051740.06666672
4,24-25,intercept,intercept,174516844.79999995,261378515.4110139
4,24-25,temperature_sep,weather,-7360668.622565964,-4899050.097913382
4,24-25,temperature_oct,weather,8373235.224679219,6210493.43511214
4,24-25,temperature_nov,weather,-521210.7496381351,-715680.0199614986
4,24-25,temperature_dec,weather,-4247069.520505426,-8003199.13319208
4,24-25,temperature_jan,weather,2003798.2978226999,1983136.3919647213
4,24-25,temperature_feb,weather,2119931.737849426,2548641.203186985
4,24-25,temperature_mar,weather,72985.27435672516,72890.6209324896
4,24-25,temperature_apr,weather,-1118742.3661042345,-1281158.800029044
4,24-25,growing_season_total_rainfall,weather,1381511.212304979,7058.740028973076
4,24-25,block_fe_2,block_fixed_effect,-16152054.53333332,-16152054.53333332
4,24-25,block_fe_3,block_fixed_effect,-162966090.39999995,-162966090.39999995
4,25-26,intercept,intercept,176117515.00000003,77869357.24440552
4,25-26,temperature_sep,weather,-13820089.280554963,-9089885.150775319
4,25-26,temperature_oct,weather,6893662.028511574,4963696.252345984
4,25-26,temperature_nov,weather,6957754.101515259,6857489.38336568
4,25-26,temperature_dec,weather,-1988083.8489754372,-2074362.465809592
4,25-26,temperature_jan,weather,2817244.30457809,2535098.967299822
4,25-26,temperature_feb,weather,-5660249.366029827,-6281961.421728419
4,25-26,temperature_mar,weather,2645466.951665925,2754417.5118151605
4,25-26,temperature_apr,weather,4107568.7908791765,4047330.5225507324
4,25-26,growing_season_total_rainfall,weather,1984041.3488541953,10055.531653396138
4,25-26,block_fe_2,block_fixed_effect,-18456909.000000134,-18456909.000000134
4,25-26,block_fe_3,block_fixed_effect,-164628821.3333333,-164628821.3333333
5,10-11,intercept,intercept,227418894.2000001,2430463.5890043974
5,10-11,temperature_sep,weather,-20164272.633631628,-12465854.246946404
5,10-11,temperature_oct,weather,8504966.87665096,6340397.4549585655
5,10-11,temperature_nov,weather,11478295.652993344,11482542.797647404
5,10-11,temperature_dec,weather,-6614812.080451972,-7325453.9294273555
5,10-11,temperature_jan,weather,4337808.113006041,3840309.774609353
5,10-11,temperature_feb,weather,-4267635.960036671,-4330031.680277024
5,10-11,temperature_mar,weather,10997229.909185426,9395027.221720714
5,10-11,temperature_apr,weather,992872.1048808536,985664.3555579035
5,10-11,growing_season_total_rainfall,weather,5437057.777915968,30781.54708110172
5,10-11,block_fe_2,block_fixed_effect,-114177065.40000005,-114177065.40000005
5,11-12,intercept,intercept,229445440.7333333,46218119.83667642
5,11-12,temperature_sep,weather,-15064222.83050728,-9148513.470751012
5,11-12,temperature_oct,weather,8301039.680250643,6423650.308960421
5,11-12,temperature_nov,weather,5578049.691421517,5516024.594179274
5,11-12,temperature_dec,weather,-2573103.318195628,-2689403.9918294684
5,11-12,temperature_jan,weather,3110252.0260592136,2716272.868222756
5,11-12,temperature_feb,weather,-2591887.855102694,-2648010.844798931
5,11-12,temperature_mar,weather,4932178.269192931,4557436.634204997
5,11-12,temperature_apr,weather,1764503.4541066065,1660775.1099298324
5,11-12,growing_season_total_rainfall,weather,4674866.855376149,24119.265236804884
5,11-12,block_fe_2,block_fixed_effect,-114807670.99999997,-114807670.99999997
5,12-13,intercept,intercept,231380654.06666675,55888438.55095726
5,12-13,temperature_sep,weather,-17741866.394445874,-11042840.321893457
5,12-13,temperature_oct,weather,10226719.498111496,7377977.519172885
5,12-13,temperature_nov,weather,6791668.391292001,7229438.37720644
5,12-13,temperature_dec,weather,-4259463.009680118,-4453332.460674654
5,12-13,temperature_jan,weather,2105137.8507263144,2017141.6758364001
5,12-13,temperature_feb,weather,-3772691.999024278,-3825665.822156027
5,12-13,temperature_mar,weather,6642340.116595796,5629942.670287407
5,12-13,temperature_apr,weather,3804211.981777533,3621496.599139863
5,12-13,growing_season_total_rainfall,weather,3478296.5620810855,17081.125906446792
5,12-13,block_fe_2,block_fixed_effect,-120416341.93333337,-120416341.93333337
5,13-14,intercept,intercept,228799553.53333336,54524020.64004257
5,13-14,temperature_sep,weather,-23390184.94005702,-14165766.051650247
5,13-14,temperature_oct,weather,8409421.368453577,6120670.579523102
5,13-14,temperature_nov,weather,12968892.642653015,12817147.19666247
5,13-14,temperature_dec,weather,-11514006.311711643,-12243372.715141052
5,13-14,temperature_jan,weather,6633812.879925758,6024464.677991317
5,13-14,temperature_feb,weather,-9534260.661800504,-9881518.987613812
5,13-14,temperature_mar,weather,9402193.397750799,8143460.162443417
5,13-14,temperature_apr,weather,10162353.096267816,10554010.999869615
5,13-14,growing_season_total_rainfall,weather,2245646.9211384496,10981.562670974517
5,13-14,block_fe_2,block_fixed_effect,-117679825.40000002,-117679825.40000002
5,14-15,intercept,intercept,228465679.93333334,27338905.254422694
5,14-15,temperature_sep,weather,-17263851.782649253,-10758479.82184011
5,14-15,temperature_oct,weather,10070516.580820274,7571679.576077577
5,14-15,temperature_nov,weather,7198221.093327933,7094711.918894694
5,14-15,temperature_dec,weather,-3843932.64907944,-4035203.168368459
5,14-15,temperature_jan,weather,3316806.234007274,2995219.5744774844
5,14-15,temperature_feb,weather,-4372294.331926091,-5004263.046302466
5,14-15,temperature_mar,weather,7636392.360239656,6469308.025655972
5,14-15,temperature_apr,weather,3143921.56019048,2941469.3206956717
5,14-15,growing_season_total_rainfall,weather,4645617.938684143,23561.627496582307
5,14-15,block_fe_2,block_fixed_effect,-114970524.46666662,-114970524.46666662
5,15-16,intercept,intercept,229137967.60000002,11605913.410052449
5,15-16,temperature_sep,weather,-17705732.912231516,-10706075.604689257
5,15-16,temperature_oct,weather,9342451.33948687,6643885.124307827
5,15-16,temperature_nov,weather,7172002.828594268,7075141.939022014
5,15-16,temperature_dec,weather,-2499596.3498431575,-2632815.1975008086
5,15-16,temperature_jan,weather,1507543.402708115,1362135.2110235055
5,15-16,temperature_feb,weather,-3222432.395909007,-3301684.762201551
5,15-16,temperature_mar,weather,8846765.800136862,7722888.508210961
5,15-16,temperature_apr,weather,1756724.3128795074,1635709.5917903283
5,15-16,growing_season_total_rainfall,weather,5018815.568967305,24510.26850387187
5,15-16,block_fe_2,block_fixed_effect,-117584221.93333335,-117584221.93333335
5,16-17,intercept,intercept,227858045.60000008,-28072074.519457012
5,16-17,temperature_sep,weather,-17086649.22045412,-10319559.283569837
5,16-17,temperature_oct,weather,13559235.596070684,9831890.729768327
5,16-17,temperature_nov,weather,6504112.684031698,6412267.597824653
5,16-17,temperature_dec,weather,-5470530.305080478,-5751954.26787049
5,16-17,temperature_jan,weather,1116155.7860678667,989631.838615201
5,16-17,temperature_feb,weather,25267.817971773446,25621.622348447003
5,16-17,temperature_mar,weather,3857631.7690724386,3293828.051504506
5,16-17,temperature_apr,weather,5232422.9475057125,4909748.8456024965
5,16-17,growing_season_total_rainfall,weather,5888438.072819984,31721.769776984842
5,16-17,block_fe_2,block_fixed_effect,-115335484.33333337,-115335484.33333337
5,17-18,intercept,intercept,228402331.86666664,51283146.16309732
5,17-18,temperature_sep,weather,-18184956.156124122,-11895169.792699322
5,17-18,temperature_oct,weather,10392241.721748333,7457100.735017481
5,17-18,temperature_nov,weather,8124101.448609808,8091964.830464545
5,17-18,temperature_dec,weather,-4619229.471661333,-4839300.207776542
5,17-18,temperature_jan,weather,3345477.564932943,2957809.397228355
5,17-18,temperature_feb,weather,-4363570.120627961,-4432238.284435659
5,17-18,temperature_mar,weather,7331215.012585631,6282400.0583286695
5,17-18,temperature_apr,weather,3145925.3116097106,2979931.845801103
5,17-18,growing_season_total_rainfall,weather,3422655.705010674,16688.836788681438
5,17-18,block_fe_2,block_fixed_effect,-115801615.26666667,-115801615.26666667
5,18-19,intercept,intercept,228028374.60000002,38910651.86334768
5,18-19,temperature_sep,weather,-18232772.108808372,-11015158.126795111
5,18-19,temperature_oct,weather,10048863.757785536,7125390.112222807
5,18-19,temperature_nov,weather,5487854.990316961,5601696.410394619
5,18-19,temperature_dec,weather,-2614269.0475137415,-2751393.3579421607
5,18-19,temperature_jan,weather,4835987.481602468,4284220.111601638
5,18-19,temperature_feb,weather,-7083217.567698102,-7706556.990963649
5,18-19,temperature_mar,weather,10759122.026225705,9162063.246507768
5,18-19,temperature_apr,weather,2048481.9275743314,1917851.9655237636
5,18-19,growing_season_total_rainfall,weather,5480627.443066689,26750.463638297613
5,18-19,block_fe_2,block_fixed_effect,-113703571.13333333,-113703571.13333333
5,19-20,intercept,intercept,228120524.5333333,-1034797.9380766749
5,19-20,temperature_sep,weather,-18504905.497624822,-11333450.535779646
5,19-20,temperature_oct,weather,10368215.09417326,7416340.597179946
5,19-20,temperature_nov,weather,5379655.476685232,5434008.223398596
5,19-20,temperature_dec,weather,-2823539.7519442895,-2960459.622811543
5,19-20,temperature_jan,weather,5639264.62442143,5206205.4080212405
5,19-20,temperature_feb,weather,-4993411.586314902,-5086834.281186997
5,19-20,temperature_mar,weather,7652172.165842088,6496677.221600719
5,19-20,temperature_apr,weather,3168823.316995483,3033543.5470247515
5,19-20,growing_season_total_rainfall,weather,5716955.667541498,28011.751089312398
5,19-20,block_fe_2,block_fixed_effect,-114504791.66666666,-114504791.66666666
5,20-21,intercept,intercept,226955863.80000004,36682884.96350899
5,20-21,temperature_sep,weather,-18003584.314846225,-11013390.868096167
5,20-21,temperature_oct,weather,9964736.938946836,7489001.649936304
5,20-21,temperature_nov,weather,7230575.648536914,7453373.225852408
5,20-21,temperature_dec,weather,-4373823.477067372,-4563844.416460166
5,20-21,temperature_jan,weather,3513496.6898661708,3065585.834341585
5,20-21,temperature_feb,weather,-3923546.0441953638,-4107917.478961715
5,20-21,temperature_mar,weather,6846843.523048554,5907884.163099386
5,20-21,temperature_apr,weather,2952587.6185985697,2790425.954671111
5,20-21,growing_season_total_rainfall,weather,3953520.260248499,19354.944129287185
5,20-21,block_fe_2,block_fixed_effect,-113251019.86666673,-113251019.86666673
5,21-22,intercept,intercept,228456354.99999994,62761238.72257641
5,21-22,temperature_sep,weather,-13252019.168216642,-8506348.245474508
5,21-22,temperature_oct,weather,10372815.831514638,7747838.794968431
5,21-22,temperature_nov,weather,4732057.772618311,4726085.875661263
5,21-22,temperature_dec,weather,-3318461.3887982965,-3527029.034632675
5,21-22,temperature_jan,weather,2827591.626850377,2509945.0117509123
5,21-22,temperature_feb,weather,-772718.1460942854,-788956.5935172926
5,21-22,temperature_mar,weather,5673367.567670357,4957574.489330936
5,21-22,temperature_apr,weather,-1077019.3874035096,-1002467.852821083
5,21-22,growing_season_total_rainfall,weather,1723320.6451155576,9463.791420881626
5,21-22,block_fe_2,block_fixed_effect,-112505834.66666669,-112505834.66666669
5,22-23,intercept,intercept,229637541.20000002,-44205515.80601314
5,22-23,temperature_sep,weather,-20436361.246747054,-13009456.57316085
5,22-23,temperature_oct,weather,14457394.826569438,10359346.372987885
5,22-23,temperature_nov,weather,5405680.54226394,5336359.989646195
5,22-23,temperature_dec,weather,-3443387.9197038086,-3621462.3860079963
5,22-23,temperature_jan,weather,4763777.628566291,4155928.070873351
5,22-23,temperature_feb,weather,-706670.6577667054,-725647.6084491926
5,22-23,temperature_mar,weather,7137497.699930303,6062186.70309573
5,22-23,temperature_apr,weather,1207767.937871877,1129260.9043509339
5,22-23,growing_season_total_rainfall,weather,5718120.443398998,27904.16116780315
5,22-23,block_fe_2,block_fixed_effect,-115767126.79999997,-115767126.79999997
5,23-24,intercept,intercept,227914503.06666675,22815839.65728429
5,23-24,temperature_sep,weather,-14218659.553751728,-9091379.735782176
5,23-24,temperature_oct,weather,9852838.115600405,6967994.858151851
5,23-24,temperature_nov,weather,6999790.991954323,7398352.444252179
5,23-24,temperature_dec,weather,-4026763.335428163,-4336894.550383813
5,23-24,temperature_jan,weather,2165883.2803311967,1961543.4429741313
5,23-24,temperature_feb,weather,-1439207.2846150787,-1515895.1542937215
5,23-24,temperature_mar,weather,3802849.2686583158,3230764.072519452
5,23-24,temperature_apr,weather,3264193.009859612,3142974.936119168
5,23-24,growing_season_total_rainfall,weather,3477929.070462351,17148.728463125142
5,23-24,block_fe_2,block_fixed_effect,-117065228.73333338,-117065228.73333338
5,24-25,intercept,intercept,227216858.2,295049801.69806105
5,24-25,temperature_sep,weather,-11283315.595616605,-7509851.510503553
5,24-25,temperature_oct,weather,11051372.168693267,8196888.354498599
5,24-25,temperature_nov,weather,459593.77349706925,631073.0951326814
5,24-25,temperature_dec,weather,-5128070.754899247,-9663362.283665465
5,24-25,temperature_jan,weather,2272555.4723420152,2249122.3117900845
5,24-25,temperature_feb,weather,2200985.921268279,2646086.8085636604
5,24-25,temperature_mar,weather,1606009.370619595,1603926.5629899278
5,24-25,temperature_apr,weather,-1529400.382630601,-1751435.1993284768
5,24-25,growing_season_total_rainfall,weather,2353901.701633296,12027.104823756414
5,24-25,block_fe_2,block_fixed_effect,-113755919.00000001,-113755919.00000001
5,25-26,intercept,intercept,228400326.06666666,84306384.82178855
5,25-26,temperature_sep,weather,-19524505.572562672,-12841849.982111016
5,25-26,temperature_oct,weather,9124616.679797573,6570067.611420737
5,25-26,temperature_nov,weather,10337997.712142583,10189021.992145058
5,25-26,temperature_dec,weather,-2165081.1708691968,-2259041.0955738486
5,25-26,temperature_jan,weather,3201792.763482284,2881135.127337691
5,25-26,temperature_feb,weather,-7841895.781266642,-8703236.1271541
5,25-26,temperature_mar,weather,4366527.1312675895,4546357.605641444
5,25-26,temperature_apr,weather,5085820.595888201,5011236.0809786245
5,25-26,growing_season_total_rainfall,weather,2875664.5786401844,14574.462478700825
5,25-26,block_fe_2,block_fixed_effect,-115228905.4,-115228905.4
