ibge_code,municipality,state,harvest_year,growing_season_total_rainfall,growing_season_average_temperature,growing_season_observation_days,growing_season_start_date,growing_season_end_date,growing_season_max_consecutive_dry_days
3500105,Adamantina,SP,2020,884.76,26.94,243,2019-09-01,2020-04-30,16
3500105,Adamantina,SP,2021,538.19,27.83,242,2020-09-01,2021-04-30,26
3500204,Adolfo,SP,2020,948.71,26.18,243,2019-09-01,2020-04-30,16
3500204,Adolfo,SP,2021,648.53,27.03,242,2020-09-01,2021-04-30,18
3500303,Aguaí,SP,2020,1037.72,23.46,243,2019-09-01,2020-04-30,19
3500303,Aguaí,SP,2021,648.85,24.27,242,2020-09-01,2021-04-30,18
3500402,Águas da Prata,SP,2020,1037.72,23.46,243,2019-09-01,2020-04-30,19
3500402,Águas da Prata,SP,2021,648.85,24.27,242,2020-09-01,2021-04-30,18
3500501,Águas de Lindóia,SP,2020,984.72,23.31,243,2019-09-01,2020-04-30,19
3500501,Águas de Lindóia,SP,2021,617.74,24.24,242,2020-09-01,2021-04-30,19
3500550,Águas de Santa Bárbara,SP,2020,751.68,24.16,243,2019-09-01,2020-04-30,18
3500550,Águas de Santa Bárbara,SP,2021,680.11,24.27,242,2020-09-01,2021-04-30,20
3500600,Águas de São Pedro,SP,2020,799.35,24.36,243,2019-09-01,2020-04-30,16
3500600,Águas de São Pedro,SP,2021,487.81,25.21,242,2020-09-01,2021-04-30,21
3500709,Agudos,SP,2020,606.36,24.73,243,2019-09-01,2020-04-30,16
3500709,Agudos,SP,2021,476.13,25.12,242,2020-09-01,2021-04-30,17
3500758,Alambari,SP,2020,875.42,22.51,243,2019-09-01,2020-04-30,16
3500758,Alambari,SP,2021,616.28,23.27,242,2020-09-01,2021-04-30,20
3500808,Alfredo Marcondes,SP,2020,883.99,26.4,243,2019-09-01,2020-04-30,16
3500808,Alfredo Marcondes,SP,2021,657.07,26.82,242,2020-09-01,2021-04-30,27
3500907,Altair,SP,2020,999.57,26.21,243,2019-09-01,2020-04-30,17
3500907,Altair,SP,2021,705.81,26.88,242,2020-09-01,2021-04-30,21
3501004,Altinópolis,SP,2020,1092.84,24.28,243,2019-09-01,2020-04-30,15
3501004,Altinópolis,SP,2021,616.62,25.26,242,2020-09-01,2021-04-30,20
3501103,Alto Alegre,SP,2020,928.34,26.33,243,2019-09-01,2020-04-30,16
3501103,Alto Alegre,SP,2021,581.98,27.22,242,2020-09-01,2021-04-30,18
3501152,Alumínio,SP,2020,1047.14,21.97,243,2019-09-01,2020-04-30,22
3501152,Alumínio,SP,2021,662.21,22.83,242,2020-09-01,2021-04-30,19
3501202,Álvares Florence,SP,2020,948.78,26.52,243,2019-09-01,2020-04-30,17
3501202,Álvares Florence,SP,2021,560.35,27.7,242,2020-09-01,2021-04-30,18
3501301,Álvares Machado,SP,2020,883.99,26.4,243,2019-09-01,2020-04-30,16
3501301,Álvares Machado,SP,2021,657.07,26.82,242,2020-09-01,2021-04-30,27
3501400,Álvaro de Carvalho,SP,2020,907.92,25.58,243,2019-09-01,2020-04-30,18
3501400,Álvaro de Carvalho,SP,2021,636.73,26.08,242,2020-09-01,2021-04-30,19
3501509,Alvinlândia,SP,2020,896.41,24.94,243,2019-09-01,2020-04-30,17
3501509,Alvinlândia,SP,2021,697.17,25.19,242,2020-09-01,2021-04-30,20
3501608,Americana,SP,2020,965.42,23.84,243,2019-09-01,2020-04-30,21
3501608,Americana,SP,2021,572.88,24.9,242,2020-09-01,2021-04-30,21
3501707,Américo Brasiliense,SP,2020,988.92,24.73,243,2019-09-01,2020-04-30,18
3501707,Américo Brasiliense,SP,2021,501.23,25.99,242,2020-09-01,2021-04-30,19
3501806,Américo de Campos,SP,2020,948.78,26.52,243,2019-09-01,2020-04-30,17
3501806,Américo de Campos,SP,2021,560.35,27.7,242,2020-09-01,2021-04-30,18
3501905,Amparo,SP,2020,984.72,23.31,243,2019-09-01,2020-04-30,19
3501905,Amparo,SP,2021,617.74,24.24,242,2020-09-01,2021-04-30,19
3502002,Analândia,SP,2020,1036.59,23.98,243,2019-09-01,2020-04-30,19
3502002,Analândia,SP,2021,620.13,25.04,242,2020-09-01,2021-04-30,18
3502101,Andradina,SP,2020,886.29,27.14,243,2019-09-01,2020-04-30,16
3502101,Andradina,SP,2021,411.7,28.51,242,2020-09-01,2021-04-30,21
3502200,Angatuba,SP,2020,875.42,22.51,243,2019-09-01,2020-04-30,16
3502200,Angatuba,SP,2021,616.28,23.27,242,2020-09-01,2021-04-30,20
3502309,Anhembi,SP,2020,804.62,23.62,243,2019-09-01,2020-04-30,16
3502309,Anhembi,SP,2021,554.68,24.43,242,2020-09-01,2021-04-30,21
3502408,Anhumas,SP,2020,856.66,26.1,243,2019-09-01,2020-04-30,16
3502408,Anhumas,SP,2021,688.9,26.23,242,2020-09-01,2021-04-30,19
3502507,Aparecida,SP,2020,901.62,21.04,243,2019-09-01,2020-04-30,14
3502507,Aparecida,SP,2021,982.13,21.56,242,2020-09-01,2021-04-30,19
3502606,Aparecida d'Oeste,SP,2020,942.26,27.01,243,2019-09-01,2020-04-30,17
3502606,Aparecida d'Oeste,SP,2021,489.72,28.4,242,2020-09-01,2021-04-30,18
3502705,Apiaí,SP,2020,801.02,21.56,243,2019-09-01,2020-04-30,16
3502705,Apiaí,SP,2021,692.27,22.01,242,2020-09-01,2021-04-30,26
3502754,Araçariguama,SP,2020,1119.16,21.26,243,2019-09-01,2020-04-30,12
3502754,Araçariguama,SP,2021,691.92,21.98,242,2020-09-01,2021-04-30,19
3502804,Araçatuba,SP,2020,954.38,26.82,243,2019-09-01,2020-04-30,16
3502804,Araçatuba,SP,2021,520.05,28.04,242,2020-09-01,2021-04-30,18
3502903,Araçoiaba da Serra,SP,2020,1047.14,21.97,243,2019-09-01,2020-04-30,22
3502903,Araçoiaba da Serra,SP,2021,662.21,22.83,242,2020-09-01,2021-04-30,19
3503000,Aramina,SP,2020,1217.43,23.84,243,2019-09-01,2020-04-30,17
3503000,Aramina,SP,2021,769.63,24.5,242,2020-09-01,2021-04-30,14
3503109,Arandu,SP,2020,714.91,23.09,243,2019-09-01,2020-04-30,17
3503109,Arandu,SP,2021,616.33,23.4,242,2020-09-01,2021-04-30,16
3503158,Arapeí,SP,2020,1174.65,21.19,243,2019-09-01,2020-04-30,16
3503158,Arapeí,SP,2021,998.62,21.85,242,2020-09-01,2021-04-30,19
3503208,Araraquara,SP,2020,878.69,24.28,243,2019-09-01,2020-04-30,18
3503208,Araraquara,SP,2021,471.48,25.33,242,2020-09-01,2021-04-30,21
3503307,Araras,SP,2020,965.42,23.84,243,2019-09-01,2020-04-30,21
3503307,Araras,SP,2021,572.88,24.9,242,2020-09-01,2021-04-30,21
3503356,Arco-Íris,SP,2020,927.79,25.95,243,2019-09-01,2020-04-30,17
3503356,Arco-Íris,SP,2021,648.32,26.43,242,2020-09-01,2021-04-30,19
3503406,Arealva,SP,2020,797.71,25.76,243,2019-09-01,2020-04-30,17
3503406,Arealva,SP,2021,549.9,26.42,242,2020-09-01,2021-04-30,18
3503505,Areias,SP,2020,1061.58,20.58,243,2019-09-01,2020-04-30,16
3503505,Areias,SP,2021,927.19,21.12,242,2020-09-01,2021-04-30,19
3503604,Areiópolis,SP,2020,606.36,24.73,243,2019-09-01,2020-04-30,16
3503604,Areiópolis,SP,2021,476.13,25.12,242,2020-09-01,2021-04-30,17
3503703,Ariranha,SP,2020,920.4,25.78,243,2019-09-01,2020-04-30,22
3503703,Ariranha,SP,2021,609.43,26.65,242,2020-09-01,2021-04-30,18
3503802,Artur Nogueira,SP,2020,984.72,23.31,243,2019-09-01,2020-04-30,19
3503802,Artur Nogueira,SP,2021,617.74,24.24,242,2020-09-01,2021-04-30,19
3503901,Arujá,SP,2020,994.6,21.53,243,2019-09-01,2020-04-30,13
3503901,Arujá,SP,2021,850.67,22.12,242,2020-09-01,2021-04-30,19
3503950,Aspásia,SP,2020,917.22,27.21,243,2019-09-01,2020-04-30,17
3503950,Aspásia,SP,2021,535.28,28.32,242,2020-09-01,2021-04-30,20
3504008,Assis,SP,2020,896.41,25.6,243,2019-09-01,2020-04-30,17
3504008,Assis,SP,2021,689.38,25.86,242,2020-09-01,2021-04-30,20
3504107,Atibaia,SP,2020,983.55,21.17,243,2019-09-01,2020-04-30,22
3504107,Atibaia,SP,2021,823.86,21.75,242,2020-09-01,2021-04-30,19
3504206,Auriflama,SP,2020,942.26,27.01,243,2019-09-01,2020-04-30,17
3504206,Auriflama,SP,2021,489.72,28.4,242,2020-09-01,2021-04-30,18
3504305,Avaí,SP,2020,798.9,25.65,243,2019-09-01,2020-04-30,17
3504305,Avaí,SP,2021,563.23,26.29,242,2020-09-01,2021-04-30,18
3504404,Avanhandava,SP,2020,928.34,26.33,243,2019-09-01,2020-04-30,16
3504404,Avanhandava,SP,2021,581.98,27.22,242,2020-09-01,2021-04-30,18
3504503,Avaré,SP,2020,714.91,23.09,243,2019-09-01,2020-04-30,17
3504503,Avaré,SP,2021,616.33,23.4,242,2020-09-01,2021-04-30,16
3504602,Bady Bassitt,SP,2020,948.71,26.18,243,2019-09-01,2020-04-30,16
3504602,Bady Bassitt,SP,2021,648.53,27.03,242,2020-09-01,2021-04-30,18
3504701,Balbinos,SP,2020,798.9,25.65,243,2019-09-01,2020-04-30,17
3504701,Balbinos,SP,2021,563.23,26.29,242,2020-09-01,2021-04-30,18
3504800,Bálsamo,SP,2020,995.23,26.25,243,2019-09-01,2020-04-30,17
3504800,Bálsamo,SP,2021,689.18,27.06,242,2020-09-01,2021-04-30,18
3504909,Bananal,SP,2020,1174.65,21.19,243,2019-09-01,2020-04-30,16
3504909,Bananal,SP,2021,998.62,21.85,242,2020-09-01,2021-04-30,19
3505005,Barão de Antonina,SP,2020,785.34,23.63,243,2019-09-01,2020-04-30,18
3505005,Barão de Antonina,SP,2021,647.32,23.86,242,2020-09-01,2021-04-30,17
3505104,Barbosa,SP,2020,928.34,26.33,243,2019-09-01,2020-04-30,16
3505104,Barbosa,SP,2021,581.98,27.22,242,2020-09-01,2021-04-30,18
3505203,Bariri,SP,2020,797.71,25.76,243,2019-09-01,2020-04-30,17
3505203,Bariri,SP,2021,549.9,26.42,242,2020-09-01,2021-04-30,18
3505302,Barra Bonita,SP,2020,606.36,24.73,243,2019-09-01,2020-04-30,16
3505302,Barra Bonita,SP,2021,476.13,25.12,242,2020-09-01,2021-04-30,17
3505351,Barra do Chapéu,SP,2020,801.02,21.56,243,2019-09-01,2020-04-30,16
3505351,Barra do Chapéu,SP,2021,692.27,22.01,242,2020-09-01,2021-04-30,26
3505401,Barra do Turvo,SP,2020,703.48,20.95,243,2019-09-01,2020-04-30,16
3505401,Barra do Turvo,SP,2021,740.01,21.17,242,2020-09-01,2021-04-30,25
3505500,Barretos,SP,2020,999.57,26.21,243,2019-09-01,2020-04-30,17
3505500,Barretos,SP,2021,705.81,26.88,242,2020-09-01,2021-04-30,21
3505609,Barrinha,SP,2020,1073.79,25.24,243,2019-09-01,2020-04-30,18
3505609,Barrinha,SP,2021,570.11,26.39,242,2020-09-01,2021-04-30,20
3505708,Barueri,SP,2020,1119.16,21.26,243,2019-09-01,2020-04-30,12
3505708,Barueri,SP,2021,691.92,21.98,242,2020-09-01,2021-04-30,19
3505807,Bastos,SP,2020,927.79,25.95,243,2019-09-01,2020-04-30,17
3505807,Bastos,SP,2021,648.32,26.43,242,2020-09-01,2021-04-30,19
3505906,Batatais,SP,2020,1092.84,24.28,243,2019-09-01,2020-04-30,15
3505906,Batatais,SP,2021,616.62,25.26,242,2020-09-01,2021-04-30,20
3506003,Bauru,SP,2020,772.47,24.74,243,2019-09-01,2020-04-30,17
3506003,Bauru,SP,2021,629.64,24.96,242,2020-09-01,2021-04-30,16
3506102,Bebedouro,SP,2020,920.4,25.78,243,2019-09-01,2020-04-30,22
3506102,Bebedouro,SP,2021,609.43,26.65,242,2020-09-01,2021-04-30,18
3506201,Bento de Abreu,SP,2020,930.46,26.29,243,2019-09-01,2020-04-30,16
3506201,Bento de Abreu,SP,2021,617.0,27.07,242,2020-09-01,2021-04-30,18
3506300,Bernardino de Campos,SP,2020,751.68,24.16,243,2019-09-01,2020-04-30,18
3506300,Bernardino de Campos,SP,2021,680.11,24.27,242,2020-09-01,2021-04-30,20
3506359,Bertioga,SP,2020,949.7,23.41,243,2019-09-01,2020-04-30,13
3506359,Bertioga,SP,2021,1079.4,23.98,242,2020-09-01,2021-04-30,19
3506409,Bilac,SP,2020,930.46,26.29,243,2019-09-01,2020-04-30,16
3506409,Bilac,SP,2021,617.0,27.07,242,2020-09-01,2021-04-30,18
3506508,Birigui,SP,2020,930.46,26.29,243,2019-09-01,2020-04-30,16
3506508,Birigui,SP,2021,617.0,27.07,242,2020-09-01,2021-04-30,18
3506607,Biritiba-Mirim,SP,2020,994.6,21.53,243,2019-09-01,2020-04-30,13
3506607,Biritiba-Mirim,SP,2021,850.67,22.12,242,2020-09-01,2021-04-30,19
3506706,Boa Esperança do Sul,SP,2020,878.69,24.28,243,2019-09-01,2020-04-30,18
3506706,Boa Esperança do Sul,SP,2021,471.48,25.33,242,2020-09-01,2021-04-30,21
3506805,Bocaina,SP,2020,797.71,25.76,243,2019-09-01,2020-04-30,17
3506805,Bocaina,SP,2021,549.9,26.42,242,2020-09-01,2021-04-30,18
3506904,Bofete,SP,2020,804.62,23.62,243,2019-09-01,2020-04-30,16
3506904,Bofete,SP,2021,554.68,24.43,242,2020-09-01,2021-04-30,21
3507001,Boituva,SP,2020,1047.14,21.97,243,2019-09-01,2020-04-30,22
3507001,Boituva,SP,2021,662.21,22.83,242,2020-09-01,2021-04-30,19
3507100,Bom Jesus dos Perdões,SP,2020,983.55,21.17,243,2019-09-01,2020-04-30,22
3507100,Bom Jesus dos Perdões,SP,2021,823.86,21.75,242,2020-09-01,2021-04-30,19
3507159,Bom Sucesso de Itararé,SP,2020,777.79,21.12,243,2019-09-01,2020-04-30,16
3507159,Bom Sucesso de Itararé,SP,2021,658.49,21.41,242,2020-09-01,2021-04-30,26
3507209,Borá,SP,2020,896.41,25.6,243,2019-09-01,2020-04-30,17
3507209,Borá,SP,2021,689.38,25.86,242,2020-09-01,2021-04-30,20
3507308,Boracéia,SP,2020,797.71,25.76,243,2019-09-01,2020-04-30,17
3507308,Boracéia,SP,2021,549.9,26.42,242,2020-09-01,2021-04-30,18
3507407,Borborema,SP,2020,822.81,26.63,243,2019-09-01,2020-04-30,16
3507407,Borborema,SP,2021,538.96,27.46,242,2020-09-01,2021-04-30,18
3507456,Borebi,SP,2020,606.36,24.73,243,2019-09-01,2020-04-30,16
3507456,Borebi,SP,2021,476.13,25.12,242,2020-09-01,2021-04-30,17
3507506,Botucatu,SP,2020,714.91,23.09,243,2019-09-01,2020-04-30,17
3507506,Botucatu,SP,2021,616.33,23.4,242,2020-09-01,2021-04-30,16
3507605,Bragança Paulista,SP,2020,983.55,21.17,243,2019-09-01,2020-04-30,22
3507605,Bragança Paulista,SP,2021,823.86,21.75,242,2020-09-01,2021-04-30,19
3507704,Braúna,SP,2020,930.46,26.29,243,2019-09-01,2020-04-30,16
3507704,Braúna,SP,2021,617.0,27.07,242,2020-09-01,2021-04-30,18
3507753,Brejo Alegre,SP,2020,949.44,26.59,243,2019-09-01,2020-04-30,16
3507753,Brejo Alegre,SP,2021,580.34,27.65,242,2020-09-01,2021-04-30,16
3507803,Brodowski,SP,2020,1092.84,24.28,243,2019-09-01,2020-04-30,15
3507803,Brodowski,SP,2021,616.62,25.26,242,2020-09-01,2021-04-30,20
3507902,Brotas,SP,2020,799.35,24.36,243,2019-09-01,2020-04-30,16
3507902,Brotas,SP,2021,487.81,25.21,242,2020-09-01,2021-04-30,21
3508009,Buri,SP,2020,817.75,21.47,243,2019-09-01,2020-04-30,16
3508009,Buri,SP,2021,631.48,21.98,242,2020-09-01,2021-04-30,17
3508108,Buritama,SP,2020,949.44,26.59,243,2019-09-01,2020-04-30,16
3508108,Buritama,SP,2021,580.34,27.65,242,2020-09-01,2021-04-30,16
3508207,Buritizal,SP,2020,1217.43,23.84,243,2019-09-01,2020-04-30,17
3508207,Buritizal,SP,2021,769.63,24.5,242,2020-09-01,2021-04-30,14
3508306,Cabrália Paulista,SP,2020,772.47,24.74,243,2019-09-01,2020-04-30,17
3508306,Cabrália Paulista,SP,2021,629.64,24.96,242,2020-09-01,2021-04-30,16
3508405,Cabreúva,SP,2020,1119.16,21.26,243,2019-09-01,2020-04-30,12
3508405,Cabreúva,SP,2021,691.92,21.98,242,2020-09-01,2021-04-30,19
3508504,Caçapava,SP,2020,817.58,21.55,243,2019-09-01,2020-04-30,14
3508504,Caçapava,SP,2021,875.69,21.95,242,2020-09-01,2021-04-30,19
3508603,Cachoeira Paulista,SP,2020,1061.58,20.58,243,2019-09-01,2020-04-30,16
3508603,Cachoeira Paulista,SP,2021,927.19,21.12,242,2020-09-01,2021-04-30,19
3508702,Caconde,SP,2020,1067.18,23.14,243,2019-09-01,2020-04-30,18
3508702,Caconde,SP,2021,650.57,23.85,242,2020-09-01,2021-04-30,18
3508801,Cafelândia,SP,2020,798.9,25.65,243,2019-09-01,2020-04-30,17
3508801,Cafelândia,SP,2021,563.23,26.29,242,2020-09-01,2021-04-30,18
3508900,Caiabu,SP,2020,883.99,26.4,243,2019-09-01,2020-04-30,16
3508900,Caiabu,SP,2021,657.07,26.82,242,2020-09-01,2021-04-30,27
3509007,Caieiras,SP,2020,1119.16,21.26,243,2019-09-01,2020-04-30,12
3509007,Caieiras,SP,2021,691.92,21.98,242,2020-09-01,2021-04-30,19
3509106,Caiuá,SP,2020,845.55,26.83,243,2019-09-01,2020-04-30,16
3509106,Caiuá,SP,2021,696.68,27.08,242,2020-09-01,2021-04-30,27
3509205,Cajamar,SP,2020,1119.16,21.26,243,2019-09-01,2020-04-30,12
3509205,Cajamar,SP,2021,691.92,21.98,242,2020-09-01,2021-04-30,19
3509254,Cajati,SP,2020,968.42,22.04,243,2019-09-01,2020-04-30,13
3509254,Cajati,SP,2021,906.46,22.92,242,2020-09-01,2021-04-30,13
3509304,Cajobi,SP,2020,920.4,25.78,243,2019-09-01,2020-04-30,22
3509304,Cajobi,SP,2021,609.43,26.65,242,2020-09-01,2021-04-30,18
3509403,Cajuru,SP,2020,1041.62,24.36,243,2019-09-01,2020-04-30,18
3509403,Cajuru,SP,2021,620.79,25.36,242,2020-09-01,2021-04-30,18
3509452,Campina do Monte Alegre,SP,2020,785.66,22.95,243,2019-09-01,2020-04-30,18
3509452,Campina do Monte Alegre,SP,2021,652.07,23.34,242,2020-09-01,2021-04-30,20
3509502,Campinas,SP,2020,1046.12,22.37,243,2019-09-01,2020-04-30,23
3509502,Campinas,SP,2021,662.36,23.22,242,2020-09-01,2021-04-30,20
3509601,Campo Limpo Paulista,SP,2020,1046.12,22.37,243,2019-09-01,2020-04-30,23
3509601,Campo Limpo Paulista,SP,2021,662.36,23.22,242,2020-09-01,2021-04-30,20
3509700,Campos do Jordão,SP,2020,1012.28,20.43,243,2019-09-01,2020-04-30,18
3509700,Campos do Jordão,SP,2021,899.98,20.91,242,2020-09-01,2021-04-30,19
3509809,Campos Novos Paulista,SP,2020,896.41,24.94,243,2019-09-01,2020-04-30,17
3509809,Campos Novos Paulista,SP,2021,697.17,25.19,242,2020-09-01,2021-04-30,20
3509908,Cananéia,SP,2020,951.99,22.21,243,2019-09-01,2020-04-30,12
3509908,Cananéia,SP,2021,1115.86,22.83,242,2020-09-01,2021-04-30,12
3509957,Canas,SP,2020,1061.58,20.58,243,2019-09-01,2020-04-30,16
3509957,Canas,SP,2021,927.19,21.12,242,2020-09-01,2021-04-30,19
3510005,Cândido Mota,SP,2020,896.41,25.6,243,2019-09-01,2020-04-30,17
3510005,Cândido Mota,SP,2021,689.38,25.86,242,2020-09-01,2021-04-30,20
3510104,Cândido Rodrigues,SP,2020,827.25,25.89,243,2019-09-01,2020-04-30,16
3510104,Cândido Rodrigues,SP,2021,562.57,26.69,242,2020-09-01,2021-04-30,18
3510153,Canitar,SP,2020,824.95,25.21,243,2019-09-01,2020-04-30,17
3510153,Canitar,SP,2021,728.1,25.17,242,2020-09-01,2021-04-30,20
3510203,Capão Bonito,SP,2020,898.84,21.52,243,2019-09-01,2020-04-30,16
3510203,Capão Bonito,SP,2021,718.52,22.35,242,2020-09-01,2021-04-30,19
3510302,Capela do Alto,SP,2020,1047.14,21.97,243,2019-09-01,2020-04-30,22
3510302,Capela do Alto,SP,2021,662.21,22.83,242,2020-09-01,2021-04-30,19
3510401,Capivari,SP,2020,999.25,23.59,243,2019-09-01,2020-04-30,16
3510401,Capivari,SP,2021,590.56,24.63,242,2020-09-01,2021-04-30,21
3510500,Caraguatatuba,SP,2020,951.33,21.9,243,2019-09-01,2020-04-30,14
3510500,Caraguatatuba,SP,2021,1035.97,22.53,242,2020-09-01,2021-04-30,19
3510609,Carapicuíba,SP,2020,1119.16,21.26,243,2019-09-01,2020-04-30,12
3510609,Carapicuíba,SP,2021,691.92,21.98,242,2020-09-01,2021-04-30,19
3510708,Cardoso,SP,2020,928.6,27.11,243,2019-09-01,2020-04-30,17
3510708,Cardoso,SP,2021,558.34,28.07,242,2020-09-01,2021-04-30,20
3510807,Casa Branca,SP,2020,1037.72,23.46,243,2019-09-01,2020-04-30,19
3510807,Casa Branca,SP,2021,648.85,24.27,242,2020-09-01,2021-04-30,18
3510906,Cássia dos Coqueiros,SP,2020,1067.18,23.14,243,2019-09-01,2020-04-30,18
3510906,Cássia dos Coqueiros,SP,2021,650.57,23.85,242,2020-09-01,2021-04-30,18
3511003,Castilho,SP,2020,886.29,27.14,243,2019-09-01,2020-04-30,16
3511003,Castilho,SP,2021,411.7,28.51,242,2020-09-01,2021-04-30,21
3511102,Catanduva,SP,2020,920.4,25.78,243,2019-09-01,2020-04-30,22
3511102,Catanduva,SP,2021,609.43,26.65,242,2020-09-01,2021-04-30,18
3511201,Catiguá,SP,2020,920.4,25.78,243,2019-09-01,2020-04-30,22
3511201,Catiguá,SP,2021,609.43,26.65,242,2020-09-01,2021-04-30,18
3511300,Cedral,SP,2020,948.71,26.18,243,2019-09-01,2020-04-30,16
3511300,Cedral,SP,2021,648.53,27.03,242,2020-09-01,2021-04-30,18
3511409,Cerqueira César,SP,2020,751.68,24.16,243,2019-09-01,2020-04-30,18
3511409,Cerqueira César,SP,2021,680.11,24.27,242,2020-09-01,2021-04-30,20
3511508,Cerquilho,SP,2020,999.25,23.59,243,2019-09-01,2020-04-30,16
3511508,Cerquilho,SP,2021,590.56,24.63,242,2020-09-01,2021-04-30,21
3511607,Cesário Lange,SP,2020,804.62,23.62,243,2019-09-01,2020-04-30,16
3511607,Cesário Lange,SP,2021,554.68,24.43,242,2020-09-01,2021-04-30,21
3511706,Charqueada,SP,2020,965.42,23.84,243,2019-09-01,2020-04-30,21
3511706,Charqueada,SP,2021,572.88,24.9,242,2020-09-01,2021-04-30,21
3511904,Clementina,SP,2020,930.46,26.29,243,2019-09-01,2020-04-30,16
3511904,Clementina,SP,2021,617.0,27.07,242,2020-09-01,2021-04-30,18
3512001,Colina,SP,2020,999.57,26.21,243,2019-09-01,2020-04-30,17
3512001,Colina,SP,2021,705.81,26.88,242,2020-09-01,2021-04-30,21
3512100,Colômbia,SP,2020,1061.64,26.28,243,2019-09-01,2020-04-30,17
3512100,Colômbia,SP,2021,780.18,26.83,242,2020-09-01,2021-04-30,20
3512209,Conchal,SP,2020,984.72,23.31,243,2019-09-01,2020-04-30,19
3512209,Conchal,SP,2021,617.74,24.24,242,2020-09-01,2021-04-30,19
3512308,Conchas,SP,2020,804.62,23.62,243,2019-09-01,2020-04-30,16
3512308,Conchas,SP,2021,554.68,24.43,242,2020-09-01,2021-04-30,21
3512407,Cordeirópolis,SP,2020,965.42,23.84,243,2019-09-01,2020-04-30,21
3512407,Cordeirópolis,SP,2021,572.88,24.9,242,2020-09-01,2021-04-30,21
3512506,Coroados,SP,2020,928.34,26.33,243,2019-09-01,2020-04-30,16
3512506,Coroados,SP,2021,581.98,27.22,242,2020-09-01,2021-04-30,18
3512605,Coronel Macedo,SP,2020,785.34,23.63,243,2019-09-01,2020-04-30,18
3512605,Coronel Macedo,SP,2021,647.32,23.86,242,2020-09-01,2021-04-30,17
3512704,Corumbataí,SP,2020,1036.59,23.98,243,2019-09-01,2020-04-30,19
3512704,Corumbataí,SP,2021,620.13,25.04,242,2020-09-01,2021-04-30,18
3512803,Cosmópolis,SP,2020,965.42,23.84,243,2019-09-01,2020-04-30,21
3512803,Cosmópolis,SP,2021,572.88,24.9,242,2020-09-01,2021-04-30,21
3512902,Cosmorama,SP,2020,948.78,26.52,243,2019-09-01,2020-04-30,17
3512902,Cosmorama,SP,2021,560.35,27.7,242,2020-09-01,2021-04-30,18
3513009,Cotia,SP,2020,1119.16,21.26,243,2019-09-01,2020-04-30,12
3513009,Cotia,SP,2021,691.92,21.98,242,2020-09-01,2021-04-30,19
3513108,Cravinhos,SP,2020,1041.62,24.36,243,2019-09-01,2020-04-30,18
3513108,Cravinhos,SP,2021,620.79,25.36,242,2020-09-01,2021-04-30,18
3513207,Cristais Paulista,SP,2020,1188.87,24.08,243,2019-09-01,2020-04-30,15
3513207,Cristais Paulista,SP,2021,695.47,24.91,242,2020-09-01,2021-04-30,20
3513306,Cruzália,SP,2020,896.41,25.6,243,2019-09-01,2020-04-30,17
3513306,Cruzália,SP,2021,689.38,25.86,242,2020-09-01,2021-04-30,20
3513405,Cruzeiro,SP,2020,1061.58,20.58,243,2019-09-01,2020-04-30,16
3513405,Cruzeiro,SP,2021,927.19,21.12,242,2020-09-01,2021-04-30,19
3513504,Cubatão,SP,2020,949.7,23.41,243,2019-09-01,2020-04-30,13
3513504,Cubatão,SP,2021,1079.4,23.98,242,2020-09-01,2021-04-30,19
3513603,Cunha,SP,2020,901.62,21.04,243,2019-09-01,2020-04-30,14
3513603,Cunha,SP,2021,982.13,21.56,242,2020-09-01,2021-04-30,19
3513702,Descalvado,SP,2020,1036.59,23.98,243,2019-09-01,2020-04-30,19
3513702,Descalvado,SP,2021,620.13,25.04,242,2020-09-01,2021-04-30,18
3513850,Dirce Reis,SP,2020,942.26,27.01,243,2019-09-01,2020-04-30,17
3513850,Dirce Reis,SP,2021,489.72,28.4,242,2020-09-01,2021-04-30,18
3513900,Divinolândia,SP,2020,1067.18,23.14,243,2019-09-01,2020-04-30,18
3513900,Divinolândia,SP,2021,650.57,23.85,242,2020-09-01,2021-04-30,18
3514007,Dobrada,SP,2020,988.92,24.73,243,2019-09-01,2020-04-30,18
3514007,Dobrada,SP,2021,501.23,25.99,242,2020-09-01,2021-04-30,19
3514106,Dois Córregos,SP,2020,799.35,24.36,243,2019-09-01,2020-04-30,16
3514106,Dois Córregos,SP,2021,487.81,25.21,242,2020-09-01,2021-04-30,21
3514205,Dolcinópolis,SP,2020,917.22,27.21,243,2019-09-01,2020-04-30,17
3514205,Dolcinópolis,SP,2021,535.28,28.32,242,2020-09-01,2021-04-30,20
3514304,Dourado,SP,2020,878.69,24.28,243,2019-09-01,2020-04-30,18
3514304,Dourado,SP,2021,471.48,25.33,242,2020-09-01,2021-04-30,21
3514403,Dracena,SP,2020,884.76,26.94,243,2019-09-01,2020-04-30,16
3514403,Dracena,SP,2021,538.19,27.83,242,2020-09-01,2021-04-30,26
3514502,Duartina,SP,2020,772.47,24.74,243,2019-09-01,2020-04-30,17
3514502,Duartina,SP,2021,629.64,24.96,242,2020-09-01,2021-04-30,16
3514601,Dumont,SP,2020,1073.79,25.24,243,2019-09-01,2020-04-30,18
3514601,Dumont,SP,2021,570.11,26.39,242,2020-09-01,2021-04-30,20
3514700,Echaporã,SP,2020,896.41,24.94,243,2019-09-01,2020-04-30,17
3514700,Echaporã,SP,2021,697.17,25.19,242,2020-09-01,2021-04-30,20
3514809,Eldorado,SP,2020,968.42,22.04,243,2019-09-01,2020-04-30,13
3514809,Eldorado,SP,2021,906.46,22.92,242,2020-09-01,2021-04-30,13
3514908,Elias Fausto,SP,2020,999.25,23.59,243,2019-09-01,2020-04-30,16
3514908,Elias Fausto,SP,2021,590.56,24.63,242,2020-09-01,2021-04-30,21
3514924,Elisiário,SP,2020,948.71,26.18,243,2019-09-01,2020-04-30,16
3514924,Elisiário,SP,2021,648.53,27.03,242,2020-09-01,2021-04-30,18
3514957,Embaúba,SP,2020,920.4,25.78,243,2019-09-01,2020-04-30,22
3514957,Embaúba,SP,2021,609.43,26.65,242,2020-09-01,2021-04-30,18
3515004,Embu das Artes,SP,2020,1119.16,21.26,243,2019-09-01,2020-04-30,12
3515004,Embu das Artes,SP,2021,691.92,21.98,242,2020-09-01,2021-04-30,19
3515103,Embu-Guaçu,SP,2020,1062.26,21.75,243,2019-09-01,2020-04-30,12
3515103,Embu-Guaçu,SP,2021,807.26,22.4,242,2020-09-01,2021-04-30,14
3515129,Emilianópolis,SP,2020,883.99,26.4,243,2019-09-01,2020-04-30,16
3515129,Emilianópolis,SP,2021,657.07,26.82,242,2020-09-01,2021-04-30,27
3515152,Engenheiro Coelho,SP,2020,965.42,23.84,243,2019-09-01,2020-04-30,21
3515152,Engenheiro Coelho,SP,2021,572.88,24.9,242,2020-09-01,2021-04-30,21
3515186,Espírito Santo do Pinhal,SP,2020,1037.72,23.46,243,2019-09-01,2020-04-30,19
3515186,Espírito Santo do Pinhal,SP,2021,648.85,24.27,242,2020-09-01,2021-04-30,18
3515194,Espírito Santo do Turvo,SP,2020,772.47,24.74,243,2019-09-01,2020-04-30,17
3515194,Espírito Santo do Turvo,SP,2021,629.64,24.96,242,2020-09-01,2021-04-30,16
3515202,Estrela d'Oeste,SP,2020,942.26,27.01,243,2019-09-01,2020-04-30,17
3515202,Estrela d'Oeste,SP,2021,489.72,28.4,242,2020-09-01,2021-04-30,18
3515301,Estrela do Norte,SP,2020,839.85,26.28,243,2019-09-01,2020-04-30,16
3515301,Estrela do Norte,SP,2021,700.22,26.21,242,2020-09-01,2021-04-30,19
3515350,Euclides da Cunha Paulista,SP,2020,857.59,26.61,243,2019-09-01,2020-04-30,15
3515350,Euclides da Cunha Paulista,SP,2021,646.47,26.49,242,2020-09-01,2021-04-30,24
3515400,Fartura,SP,2020,785.34,23.63,243,2019-09-01,2020-04-30,18
3515400,Fartura,SP,2021,647.32,23.86,242,2020-09-01,2021-04-30,17
3515509,Fernandópolis,SP,2020,948.78,26.52,243,2019-09-01,2020-04-30,17
3515509,Fernandópolis,SP,2021,560.35,27.7,242,2020-09-01,2021-04-30,18
3515608,Fernando Prestes,SP,2020,827.25,25.89,243,2019-09-01,2020-04-30,16
3515608,Fernando Prestes,SP,2021,562.57,26.69,242,2020-09-01,2021-04-30,18
3515657,Fernão,SP,2020,772.47,24.74,243,2019-09-01,2020-04-30,17
3515657,Fernão,SP,2021,629.64,24.96,242,2020-09-01,2021-04-30,16
3515707,Ferraz de Vasconcelos,SP,2020,994.6,21.53,243,2019-09-01,2020-04-30,13
3515707,Ferraz de Vasconcelos,SP,2021,850.67,22.12,242,2020-09-01,2021-04-30,19
3515806,Flora Rica,SP,2020,884.76,26.94,243,2019-09-01,2020-04-30,16
3515806,Flora Rica,SP,2021,538.19,27.83,242,2020-09-01,2021-04-30,26
3515905,Floreal,SP,2020,948.78,26.52,243,2019-09-01,2020-04-30,17
3515905,Floreal,SP,2021,560.35,27.7,242,2020-09-01,2021-04-30,18
3516002,Flórida Paulista,SP,2020,884.76,26.94,243,2019-09-01,2020-04-30,16
3516002,Flórida Paulista,SP,2021,538.19,27.83,242,2020-09-01,2021-04-30,26
3516101,Florínia,SP,2020,864.61,25.42,243,2019-09-01,2020-04-30,17
3516101,Florínia,SP,2021,704.69,25.42,242,2020-09-01,2021-04-30,20
3516200,Franca,SP,2020,1188.87,24.08,243,2019-09-01,2020-04-30,15
3516200,Franca,SP,2021,695.47,24.91,242,2020-09-01,2021-04-30,20
3516309,Francisco Morato,SP,2020,1119.16,21.26,243,2019-09-01,2020-04-30,12
3516309,Francisco Morato,SP,2021,691.92,21.98,242,2020-09-01,2021-04-30,19
3516408,Franco da Rocha,SP,2020,1119.16,21.26,243,2019-09-01,2020-04-30,12
3516408,Franco da Rocha,SP,2021,691.92,21.98,242,2020-09-01,2021-04-30,19
3516507,Gabriel Monteiro,SP,2020,930.46,26.29,243,2019-09-01,2020-04-30,16
3516507,Gabriel Monteiro,SP,2021,617.0,27.07,242,2020-09-01,2021-04-30,18
3516606,Gália,SP,2020,772.47,24.74,243,2019-09-01,2020-04-30,17
3516606,Gália,SP,2021,629.64,24.96,242,2020-09-01,2021-04-30,16
3516705,Garça,SP,2020,798.9,25.65,243,2019-09-01,2020-04-30,17
3516705,Garça,SP,2021,563.23,26.29,242,2020-09-01,2021-04-30,18
3516804,Gastão Vidigal,SP,2020,949.44,26.59,243,2019-09-01,2020-04-30,16
3516804,Gastão Vidigal,SP,2021,580.34,27.65,242,2020-09-01,2021-04-30,16
3516853,Gavião Peixoto,SP,2020,797.71,25.76,243,2019-09-01,2020-04-30,17
3516853,Gavião Peixoto,SP,2021,549.9,26.42,242,2020-09-01,2021-04-30,18
3516903,General Salgado,SP,2020,942.26,27.01,243,2019-09-01,2020-04-30,17
3516903,General Salgado,SP,2021,489.72,28.4,242,2020-09-01,2021-04-30,18
3517000,Getulina,SP,2020,907.92,25.58,243,2019-09-01,2020-04-30,18
3517000,Getulina,SP,2021,636.73,26.08,242,2020-09-01,2021-04-30,19
3517109,Glicério,SP,2020,928.34,26.33,243,2019-09-01,2020-04-30,16
3517109,Glicério,SP,2021,581.98,27.22,242,2020-09-01,2021-04-30,18
3517208,Guaiçara,SP,2020,928.34,26.33,243,2019-09-01,2020-04-30,16
3517208,Guaiçara,SP,2021,581.98,27.22,242,2020-09-01,2021-04-30,18
3517307,Guaimbê,SP,2020,907.92,25.58,243,2019-09-01,2020-04-30,18
3517307,Guaimbê,SP,2021,636.73,26.08,242,2020-09-01,2021-04-30,19
3517406,Guaíra,SP,2020,1139.3,25.43,243,2019-09-01,2020-04-30,18
3517406,Guaíra,SP,2021,688.06,26.25,242,2020-09-01,2021-04-30,20
3517505,Guapiaçu,SP,2020,948.71,26.18,243,2019-09-01,2020-04-30,16
3517505,Guapiaçu,SP,2021,648.53,27.03,242,2020-09-01,2021-04-30,18
3517604,Guapiara,SP,2020,817.75,21.47,243,2019-09-01,2020-04-30,16
3517604,Guapiara,SP,2021,631.48,21.98,242,2020-09-01,2021-04-30,17
3517703,Guará,SP,2020,1139.3,25.43,243,2019-09-01,2020-04-30,18
3517703,Guará,SP,2021,688.06,26.25,242,2020-09-01,2021-04-30,20
3517802,Guaraçaí,SP,2020,886.29,27.14,243,2019-09-01,2020-04-30,16
3517802,Guaraçaí,SP,2021,411.7,28.51,242,2020-09-01,2021-04-30,21
3517901,Guaraci,SP,2020,999.57,26.21,243,2019-09-01,2020-04-30,17
3517901,Guaraci,SP,2021,705.81,26.88,242,2020-09-01,2021-04-30,21
3518008,Guarani d'Oeste,SP,2020,917.22,27.21,243,2019-09-01,2020-04-30,17
3518008,Guarani d'Oeste,SP,2021,535.28,28.32,242,2020-09-01,2021-04-30,20
3518107,Guarantã,SP,2020,798.9,25.65,243,2019-09-01,2020-04-30,17
3518107,Guarantã,SP,2021,563.23,26.29,242,2020-09-01,2021-04-30,18
3518206,Guararapes,SP,2020,930.46,26.29,243,2019-09-01,2020-04-30,16
3518206,Guararapes,SP,2021,617.0,27.07,242,2020-09-01,2021-04-30,18
3518305,Guararema,SP,2020,994.6,21.53,243,2019-09-01,2020-04-30,13
3518305,Guararema,SP,2021,850.67,22.12,242,2020-09-01,2021-04-30,19
3518404,Guaratinguetá,SP,2020,901.62,21.04,243,2019-09-01,2020-04-30,14
3518404,Guaratinguetá,SP,2021,982.13,21.56,242,2020-09-01,2021-04-30,19
3518503,Guareí,SP,2020,875.42,22.51,243,2019-09-01,2020-04-30,16
3518503,Guareí,SP,2021,616.28,23.27,242,2020-09-01,2021-04-30,20
3518602,Guariba,SP,2020,988.92,24.73,243,2019-09-01,2020-04-30,18
3518602,Guariba,SP,2021,501.23,25.99,242,2020-09-01,2021-04-30,19
3518701,Guarujá,SP,2020,949.7,23.41,243,2019-09-01,2020-04-30,13
3518701,Guarujá,SP,2021,1079.4,23.98,242,2020-09-01,2021-04-30,19
3518800,Guarulhos,SP,2020,994.6,21.53,243,2019-09-01,2020-04-30,13
3518800,Guarulhos,SP,2021,850.67,22.12,242,2020-09-01,2021-04-30,19
3518859,Guatapará,SP,2020,988.92,24.73,243,2019-09-01,2020-04-30,18
3518859,Guatapará,SP,2021,501.23,25.99,242,2020-09-01,2021-04-30,19
3518909,Guzolândia,SP,2020,942.26,27.01,243,2019-09-01,2020-04-30,17
3518909,Guzolândia,SP,2021,489.72,28.4,242,2020-09-01,2021-04-30,18
3519006,Herculândia,SP,2020,927.79,25.95,243,2019-09-01,2020-04-30,17
3519006,Herculândia,SP,2021,648.32,26.43,242,2020-09-01,2021-04-30,19
3519055,Holambra,SP,2020,984.72,23.31,243,2019-09-01,2020-04-30,19
3519055,Holambra,SP,2021,617.74,24.24,242,2020-09-01,2021-04-30,19
3519071,Hortolândia,SP,2020,999.25,23.59,243,2019-09-01,2020-04-30,16
3519071,Hortolândia,SP,2021,590.56,24.63,242,2020-09-01,2021-04-30,21
3519105,Iacanga,SP,2020,797.71,25.76,243,2019-09-01,2020-04-30,17
3519105,Iacanga,SP,2021,549.9,26.42,242,2020-09-01,2021-04-30,18
3519204,Iacri,SP,2020,927.79,25.95,243,2019-09-01,2020-04-30,17
3519204,Iacri,SP,2021,648.32,26.43,242,2020-09-01,2021-04-30,19
3519253,Iaras,SP,2020,751.68,24.16,243,2019-09-01,2020-04-30,18
3519253,Iaras,SP,2021,680.11,24.27,242,2020-09-01,2021-04-30,20
3519303,Ibaté,SP,2020,878.69,24.28,243,2019-09-01,2020-04-30,18
3519303,Ibaté,SP,2021,471.48,25.33,242,2020-09-01,2021-04-30,21
3519402,Ibirá,SP,2020,948.71,26.18,243,2019-09-01,2020-04-30,16
3519402,Ibirá,SP,2021,648.53,27.03,242,2020-09-01,2021-04-30,18
3519501,Ibirarema,SP,2020,824.95,25.21,243,2019-09-01,2020-04-30,17
3519501,Ibirarema,SP,2021,728.1,25.17,242,2020-09-01,2021-04-30,20
3519600,Ibitinga,SP,2020,797.71,25.76,243,2019-09-01,2020-04-30,17
3519600,Ibitinga,SP,2021,549.9,26.42,242,2020-09-01,2021-04-30,18
3519709,Ibiúna,SP,2020,1047.14,21.97,243,2019-09-01,2020-04-30,22
3519709,Ibiúna,SP,2021,662.21,22.83,242,2020-09-01,2021-04-30,19
3519808,Icém,SP,2020,995.23,26.25,243,2019-09-01,2020-04-30,17
3519808,Icém,SP,2021,689.18,27.06,242,2020-09-01,2021-04-30,18
3519907,Iepê,SP,2020,856.66,26.1,243,2019-09-01,2020-04-30,16
3519907,Iepê,SP,2021,688.9,26.23,242,2020-09-01,2021-04-30,19
3520004,Igaraçu do Tietê,SP,2020,606.36,24.73,243,2019-09-01,2020-04-30,16
3520004,Igaraçu do Tietê,SP,2021,476.13,25.12,242,2020-09-01,2021-04-30,17
3520103,Igarapava,SP,2020,1217.43,23.84,243,2019-09-01,2020-04-30,17
3520103,Igarapava,SP,2021,769.63,24.5,242,2020-09-01,2021-04-30,14
3520202,Igaratá,SP,2020,983.55,21.17,243,2019-09-01,2020-04-30,22
3520202,Igaratá,SP,2021,823.86,21.75,242,2020-09-01,2021-04-30,19
3520301,Iguape,SP,2020,904.62,23.72,243,2019-09-01,2020-04-30,10
3520301,Iguape,SP,2021,962.53,24.12,242,2020-09-01,2021-04-30,14
3520400,Ilhabela,SP,2020,958.36,23.38,243,2019-09-01,2020-04-30,16
3520400,Ilhabela,SP,2021,1120.33,23.97,242,2020-09-01,2021-04-30,19
3520442,Ilha Solteira,SP,2020,882.49,27.65,243,2019-09-01,2020-04-30,16
3520442,Ilha Solteira,SP,2021,403.25,28.94,242,2020-09-01,2021-04-30,21
3520509,Indaiatuba,SP,2020,999.25,23.59,243,2019-09-01,2020-04-30,16
3520509,Indaiatuba,SP,2021,590.56,24.63,242,2020-09-01,2021-04-30,21
3520608,Indiana,SP,2020,883.99,26.4,243,2019-09-01,2020-04-30,16
3520608,Indiana,SP,2021,657.07,26.82,242,2020-09-01,2021-04-30,27
3520707,Indiaporã,SP,2020,928.6,27.11,243,2019-09-01,2020-04-30,17
3520707,Indiaporã,SP,2021,558.34,28.07,242,2020-09-01,2021-04-30,20
3520806,Inúbia Paulista,SP,2020,883.99,26.4,243,2019-09-01,2020-04-30,16
3520806,Inúbia Paulista,SP,2021,657.07,26.82,242,2020-09-01,2021-04-30,27
3520905,Ipaussu,SP,2020,751.68,24.16,243,2019-09-01,2020-04-30,18
3520905,Ipaussu,SP,2021,680.11,24.27,242,2020-09-01,2021-04-30,20
3521002,Iperó,SP,2020,1047.14,21.97,243,2019-09-01,2020-04-30,22
3521002,Iperó,SP,2021,662.21,22.83,242,2020-09-01,2021-04-30,19
3521101,Ipeúna,SP,2020,965.42,23.84,243,2019-09-01,2020-04-30,21
3521101,Ipeúna,SP,2021,572.88,24.9,242,2020-09-01,2021-04-30,21
3521150,Ipiguá,SP,2020,995.23,26.25,243,2019-09-01,2020-04-30,17
3521150,Ipiguá,SP,2021,689.18,27.06,242,2020-09-01,2021-04-30,18
3521200,Iporanga,SP,2020,801.02,21.56,243,2019-09-01,2020-04-30,16
3521200,Iporanga,SP,2021,692.27,22.01,242,2020-09-01,2021-04-30,26
3521309,Ipuã,SP,2020,1139.3,25.43,243,2019-09-01,2020-04-30,18
3521309,Ipuã,SP,2021,688.06,26.25,242,2020-09-01,2021-04-30,20
3521408,Iracemápolis,SP,2020,965.42,23.84,243,2019-09-01,2020-04-30,21
3521408,Iracemápolis,SP,2021,572.88,24.9,242,2020-09-01,2021-04-30,21
3521507,Irapuã,SP,2020,822.81,26.63,243,2019-09-01,2020-04-30,16
3521507,Irapuã,SP,2021,538.96,27.46,242,2020-09-01,2021-04-30,18
3521606,Irapuru,SP,2020,884.76,26.94,243,2019-09-01,2020-04-30,16
3521606,Irapuru,SP,2021,538.19,27.83,242,2020-09-01,2021-04-30,26
3521705,Itaberá,SP,2020,827.28,22.38,243,2019-09-01,2020-04-30,16
3521705,Itaberá,SP,2021,601.6,22.86,242,2020-09-01,2021-04-30,21
3521804,Itaí,SP,2020,785.34,23.63,243,2019-09-01,2020-04-30,18
3521804,Itaí,SP,2021,647.32,23.86,242,2020-09-01,2021-04-30,17
3521903,Itajobi,SP,2020,822.81,26.63,243,2019-09-01,2020-04-30,16
3521903,Itajobi,SP,2021,538.96,27.46,242,2020-09-01,2021-04-30,18
3522000,Itaju,SP,2020,797.71,25.76,243,2019-09-01,2020-04-30,17
3522000,Itaju,SP,2021,549.9,26.42,242,2020-09-01,2021-04-30,18
3522109,Itanhaém,SP,2020,1062.26,21.75,243,2019-09-01,2020-04-30,12
3522109,Itanhaém,SP,2021,807.26,22.4,242,2020-09-01,2021-04-30,14
3522158,Itaóca,SP,2020,801.02,21.56,243,2019-09-01,2020-04-30,16
3522158,Itaóca,SP,2021,692.27,22.01,242,2020-09-01,2021-04-30,26
3522208,Itapecerica da Serra,SP,2020,1119.16,21.26,243,2019-09-01,2020-04-30,12
3522208,Itapecerica da Serra,SP,2021,691.92,21.98,242,2020-09-01,2021-04-30,19
3522307,Itapetininga,SP,2020,875.42,22.51,243,2019-09-01,2020-04-30,16
3522307,Itapetininga,SP,2021,616.28,23.27,242,2020-09-01,2021-04-30,20
3522406,Itapeva,SP,2020,817.75,21.47,243,2019-09-01,2020-04-30,16
3522406,Itapeva,SP,2021,631.48,21.98,242,2020-09-01,2021-04-30,17
3522505,Itapevi,SP,2020,1119.16,21.26,243,2019-09-01,2020-04-30,12
3522505,Itapevi,SP,2021,691.92,21.98,242,2020-09-01,2021-04-30,19
3522604,Itapira,SP,2020,984.72,23.31,243,2019-09-01,2020-04-30,19
3522604,Itapira,SP,2021,617.74,24.24,242,2020-09-01,2021-04-30,19
3522653,Itapirapuã Paulista,SP,2020,777.79,21.12,243,2019-09-01,2020-04-30,16
3522653,Itapirapuã Paulista,SP,2021,658.49,21.41,242,2020-09-01,2021-04-30,26
3522703,Itápolis,SP,2020,827.25,25.89,243,2019-09-01,2020-04-30,16
3522703,Itápolis,SP,2021,562.57,26.69,242,2020-09-01,2021-04-30,18
3522802,Itaporanga,SP,2020,785.34,23.63,243,2019-09-01,2020-04-30,18
3522802,Itaporanga,SP,2021,647.32,23.86,242,2020-09-01,2021-04-30,17
3522901,Itapuí,SP,2020,797.71,25.76,243,2019-09-01,2020-04-30,17
3522901,Itapuí,SP,2021,549.9,26.42,242,2020-09-01,2021-04-30,18
3523008,Itapura,SP,2020,882.49,27.65,243,2019-09-01,2020-04-30,16
3523008,Itapura,SP,2021,403.25,28.94,242,2020-09-01,2021-04-30,21
3523107,Itaquaquecetuba,SP,2020,994.6,21.53,243,2019-09-01,2020-04-30,13
3523107,Itaquaquecetuba,SP,2021,850.67,22.12,242,2020-09-01,2021-04-30,19
3523206,Itararé,SP,2020,827.28,22.38,243,2019-09-01,2020-04-30,16
3523206,Itararé,SP,2021,601.6,22.86,242,2020-09-01,2021-04-30,21
3523305,Itariri,SP,2020,905.64,23.64,243,2019-09-01,2020-04-30,11
3523305,Itariri,SP,2021,914.69,24.26,242,2020-09-01,2021-04-30,13
3523404,Itatiba,SP,2020,1046.12,22.37,243,2019-09-01,2020-04-30,23
3523404,Itatiba,SP,2021,662.36,23.22,242,2020-09-01,2021-04-30,20
3523503,Itatinga,SP,2020,714.91,23.09,243,2019-09-01,2020-04-30,17
3523503,Itatinga,SP,2021,616.33,23.4,242,2020-09-01,2021-04-30,16
3523602,Itirapina,SP,2020,799.35,24.36,243,2019-09-01,2020-04-30,16
3523602,Itirapina,SP,2021,487.81,25.21,242,2020-09-01,2021-04-30,21
3523701,Itirapuã,SP,2020,1188.87,24.08,243,2019-09-01,2020-04-30,15
3523701,Itirapuã,SP,2021,695.47,24.91,242,2020-09-01,2021-04-30,20
3523800,Itobi,SP,2020,1067.18,23.14,243,2019-09-01,2020-04-30,18
3523800,Itobi,SP,2021,650.57,23.85,242,2020-09-01,2021-04-30,18
3523909,Itu,SP,2020,1047.14,21.97,243,2019-09-01,2020-04-30,22
3523909,Itu,SP,2021,662.21,22.83,242,2020-09-01,2021-04-30,19
3524006,Itupeva,SP,2020,1046.12,22.37,243,2019-09-01,2020-04-30,23
3524006,Itupeva,SP,2021,662.36,23.22,242,2020-09-01,2021-04-30,20
3524105,Ituverava,SP,2020,1188.87,24.08,243,2019-09-01,2020-04-30,15
3524105,Ituverava,SP,2021,695.47,24.91,242,2020-09-01,2021-04-30,20
3524204,Jaborandi,SP,2020,1139.3,25.43,243,2019-09-01,2020-04-30,18
3524204,Jaborandi,SP,2021,688.06,26.25,242,2020-09-01,2021-04-30,20
3524303,Jaboticabal,SP,2020,988.92,24.73,243,2019-09-01,2020-04-30,18
3524303,Jaboticabal,SP,2021,501.23,25.99,242,2020-09-01,2021-04-30,19
3524402,Jacareí,SP,2020,994.6,21.53,243,2019-09-01,2020-04-30,13
3524402,Jacareí,SP,2021,850.67,22.12,242,2020-09-01,2021-04-30,19
3524501,Jaci,SP,2020,948.71,26.18,243,2019-09-01,2020-04-30,16
3524501,Jaci,SP,2021,648.53,27.03,242,2020-09-01,2021-04-30,18
3524600,Jacupiranga,SP,2020,968.42,22.04,243,2019-09-01,2020-04-30,13
3524600,Jacupiranga,SP,2021,906.46,22.92,242,2020-09-01,2021-04-30,13
3524709,Jaguariúna,SP,2020,984.72,23.31,243,2019-09-01,2020-04-30,19
3524709,Jaguariúna,SP,2021,617.74,24.24,242,2020-09-01,2021-04-30,19
3524808,Jales,SP,2020,942.26,27.01,243,2019-09-01,2020-04-30,17
3524808,Jales,SP,2021,489.72,28.4,242,2020-09-01,2021-04-30,18
3524907,Jambeiro,SP,2020,951.33,21.9,243,2019-09-01,2020-04-30,14
3524907,Jambeiro,SP,2021,1035.97,22.53,242,2020-09-01,2021-04-30,19
3525003,Jandira,SP,2020,1119.16,21.26,243,2019-09-01,2020-04-30,12
3525003,Jandira,SP,2021,691.92,21.98,242,2020-09-01,2021-04-30,19
3525102,Jardinópolis,SP,2020,1092.84,24.28,243,2019-09-01,2020-04-30,15
3525102,Jardinópolis,SP,2021,616.62,25.26,242,2020-09-01,2021-04-30,20
3525201,Jarinu,SP,2020,1046.12,22.37,243,2019-09-01,2020-04-30,23
3525201,Jarinu,SP,2021,662.36,23.22,242,2020-09-01,2021-04-30,20
3525300,Jaú,SP,2020,606.36,24.73,243,2019-09-01,2020-04-30,16
3525300,Jaú,SP,2021,476.13,25.12,242,2020-09-01,2021-04-30,17
3525409,Jeriquara,SP,2020,1188.87,24.08,243,2019-09-01,2020-04-30,15
3525409,Jeriquara,SP,2021,695.47,24.91,242,2020-09-01,2021-04-30,20
3525508,Joanópolis,SP,2020,983.55,21.17,243,2019-09-01,2020-04-30,22
3525508,Joanópolis,SP,2021,823.86,21.75,242,2020-09-01,2021-04-30,19
3525607,João Ramalho,SP,2020,927.79,25.95,243,2019-09-01,2020-04-30,17
3525607,João Ramalho,SP,2021,648.32,26.43,242,2020-09-01,2021-04-30,19
3525706,José Bonifácio,SP,2020,949.44,26.59,243,2019-09-01,2020-04-30,16
3525706,José Bonifácio,SP,2021,580.34,27.65,242,2020-09-01,2021-04-30,16
3525805,Júlio Mesquita,SP,2020,907.92,25.58,243,2019-09-01,2020-04-30,18
3525805,Júlio Mesquita,SP,2021,636.73,26.08,242,2020-09-01,2021-04-30,19
3525854,Jumirim,SP,2020,999.25,23.59,243,2019-09-01,2020-04-30,16
3525854,Jumirim,SP,2021,590.56,24.63,242,2020-09-01,2021-04-30,21
3525904,Jundiaí,SP,2020,1046.12,22.37,243,2019-09-01,2020-04-30,23
3525904,Jundiaí,SP,2021,662.36,23.22,242,2020-09-01,2021-04-30,20
3526001,Junqueirópolis,SP,2020,884.76,26.94,243,2019-09-01,2020-04-30,16
3526001,Junqueirópolis,SP,2021,538.19,27.83,242,2020-09-01,2021-04-30,26
3526100,Juquiá,SP,2020,904.62,23.72,243,2019-09-01,2020-04-30,10
3526100,Juquiá,SP,2021,962.53,24.12,242,2020-09-01,2021-04-30,14
3526209,Juquitiba,SP,2020,1062.26,21.75,243,2019-09-01,2020-04-30,12
3526209,Juquitiba,SP,2021,807.26,22.4,242,2020-09-01,2021-04-30,14
3526308,Lagoinha,SP,2020,901.62,21.04,243,2019-09-01,2020-04-30,14
3526308,Lagoinha,SP,2021,982.13,21.56,242,2020-09-01,2021-04-30,19
3526407,Laranjal Paulista,SP,2020,804.62,23.62,243,2019-09-01,2020-04-30,16
3526407,Laranjal Paulista,SP,2021,554.68,24.43,242,2020-09-01,2021-04-30,21
3526506,Lavínia,SP,2020,886.29,27.14,243,2019-09-01,2020-04-30,16
3526506,Lavínia,SP,2021,411.7,28.51,242,2020-09-01,2021-04-30,21
3526605,Lavrinhas,SP,2020,1061.58,20.58,243,2019-09-01,2020-04-30,16
3526605,Lavrinhas,SP,2021,927.19,21.12,242,2020-09-01,2021-04-30,19
3526704,Leme,SP,2020,1036.59,23.98,243,2019-09-01,2020-04-30,19
3526704,Leme,SP,2021,620.13,25.04,242,2020-09-01,2021-04-30,18
3526803,Lençóis Paulista,SP,2020,606.36,24.73,243,2019-09-01,2020-04-30,16
3526803,Lençóis Paulista,SP,2021,476.13,25.12,242,2020-09-01,2021-04-30,17
3526902,Limeira,SP,2020,965.42,23.84,243,2019-09-01,2020-04-30,21
3526902,Limeira,SP,2021,572.88,24.9,242,2020-09-01,2021-04-30,21
3527009,Lindóia,SP,2020,984.72,23.31,243,2019-09-01,2020-04-30,19
3527009,Lindóia,SP,2021,617.74,24.24,242,2020-09-01,2021-04-30,19
3527108,Lins,SP,2020,928.34,26.33,243,2019-09-01,2020-04-30,16
3527108,Lins,SP,2021,581.98,27.22,242,2020-09-01,2021-04-30,18
3527207,Lorena,SP,2020,1061.58,20.58,243,2019-09-01,2020-04-30,16
3527207,Lorena,SP,2021,927.19,21.12,242,2020-09-01,2021-04-30,19
3527256,Lourdes,SP,2020,949.44,26.59,243,2019-09-01,2020-04-30,16
3527256,Lourdes,SP,2021,580.34,27.65,242,2020-09-01,2021-04-30,16
3527306,Louveira,SP,2020,1046.12,22.37,243,2019-09-01,2020-04-30,23
3527306,Louveira,SP,2021,662.36,23.22,242,2020-09-01,2021-04-30,20
3527405,Lucélia,SP,2020,884.76,26.94,243,2019-09-01,2020-04-30,16
3527405,Lucélia,SP,2021,538.19,27.83,242,2020-09-01,2021-04-30,26
3527504,Lucianópolis,SP,2020,772.47,24.74,243,2019-09-01,2020-04-30,17
3527504,Lucianópolis,SP,2021,629.64,24.96,242,2020-09-01,2021-04-30,16
3527603,Luís Antônio,SP,2020,1041.62,24.36,243,2019-09-01,2020-04-30,18
3527603,Luís Antônio,SP,2021,620.79,25.36,242,2020-09-01,2021-04-30,18
3527702,Luiziânia,SP,2020,930.46,26.29,243,2019-09-01,2020-04-30,16
3527702,Luiziânia,SP,2021,617.0,27.07,242,2020-09-01,2021-04-30,18
3527801,Lupércio,SP,2020,896.41,24.94,243,2019-09-01,2020-04-30,17
3527801,Lupércio,SP,2021,697.17,25.19,242,2020-09-01,2021-04-30,20
3527900,Lutécia,SP,2020,896.41,25.6,243,2019-09-01,2020-04-30,17
3527900,Lutécia,SP,2021,689.38,25.86,242,2020-09-01,2021-04-30,20
3528007,Macatuba,SP,2020,606.36,24.73,243,2019-09-01,2020-04-30,16
3528007,Macatuba,SP,2021,476.13,25.12,242,2020-09-01,2021-04-30,17
3528106,Macaubal,SP,2020,949.44,26.59,243,2019-09-01,2020-04-30,16
3528106,Macaubal,SP,2021,580.34,27.65,242,2020-09-01,2021-04-30,16
3528205,Macedônia,SP,2020,928.6,27.11,243,2019-09-01,2020-04-30,17
3528205,Macedônia,SP,2021,558.34,28.07,242,2020-09-01,2021-04-30,20
3528304,Magda,SP,2020,948.78,26.52,243,2019-09-01,2020-04-30,17
3528304,Magda,SP,2021,560.35,27.7,242,2020-09-01,2021-04-30,18
3528403,Mairinque,SP,2020,1119.16,21.26,243,2019-09-01,2020-04-30,12
3528403,Mairinque,SP,2021,691.92,21.98,242,2020-09-01,2021-04-30,19
3528502,Mairiporã,SP,2020,1119.16,21.26,243,2019-09-01,2020-04-30,12
3528502,Mairiporã,SP,2021,691.92,21.98,242,2020-09-01,2021-04-30,19
3528601,Manduri,SP,2020,751.68,24.16,243,2019-09-01,2020-04-30,18
3528601,Manduri,SP,2021,680.11,24.27,242,2020-09-01,2021-04-30,20
3528700,Marabá Paulista,SP,2020,845.55,26.83,243,2019-09-01,2020-04-30,16
3528700,Marabá Paulista,SP,2021,696.68,27.08,242,2020-09-01,2021-04-30,27
3528809,Maracaí,SP,2020,896.41,25.6,243,2019-09-01,2020-04-30,17
3528809,Maracaí,SP,2021,689.38,25.86,242,2020-09-01,2021-04-30,20
3528858,Marapoama,SP,2020,822.81,26.63,243,2019-09-01,2020-04-30,16
3528858,Marapoama,SP,2021,538.96,27.46,242,2020-09-01,2021-04-30,18
3528908,Mariápolis,SP,2020,883.99,26.4,243,2019-09-01,2020-04-30,16
3528908,Mariápolis,SP,2021,657.07,26.82,242,2020-09-01,2021-04-30,27
3529005,Marília,SP,2020,907.92,25.58,243,2019-09-01,2020-04-30,18
3529005,Marília,SP,2021,636.73,26.08,242,2020-09-01,2021-04-30,19
3529104,Marinópolis,SP,2020,942.26,27.01,243,2019-09-01,2020-04-30,17
3529104,Marinópolis,SP,2021,489.72,28.4,242,2020-09-01,2021-04-30,18
3529203,Martinópolis,SP,2020,883.99,26.4,243,2019-09-01,2020-04-30,16
3529203,Martinópolis,SP,2021,657.07,26.82,242,2020-09-01,2021-04-30,27
3529302,Matão,SP,2020,988.92,24.73,243,2019-09-01,2020-04-30,18
3529302,Matão,SP,2021,501.23,25.99,242,2020-09-01,2021-04-30,19
3529401,Mauá,SP,2020,994.6,21.53,243,2019-09-01,2020-04-30,13
3529401,Mauá,SP,2021,850.67,22.12,242,2020-09-01,2021-04-30,19
3529500,Mendonça,SP,2020,948.71,26.18,243,2019-09-01,2020-04-30,16
3529500,Mendonça,SP,2021,648.53,27.03,242,2020-09-01,2021-04-30,18
3529609,Meridiano,SP,2020,948.78,26.52,243,2019-09-01,2020-04-30,17
3529609,Meridiano,SP,2021,560.35,27.7,242,2020-09-01,2021-04-30,18
3529658,Mesópolis,SP,2020,917.22,27.21,243,2019-09-01,2020-04-30,17
3529658,Mesópolis,SP,2021,535.28,28.32,242,2020-09-01,2021-04-30,20
3529708,Miguelópolis,SP,2020,1125.41,25.67,243,2019-09-01,2020-04-30,17
3529708,Miguelópolis,SP,2021,761.34,26.27,242,2020-09-01,2021-04-30,22
3529807,Mineiros do Tietê,SP,2020,606.36,24.73,243,2019-09-01,2020-04-30,16
3529807,Mineiros do Tietê,SP,2021,476.13,25.12,242,2020-09-01,2021-04-30,17
3529906,Miracatu,SP,2020,904.62,23.72,243,2019-09-01,2020-04-30,10
3529906,Miracatu,SP,2021,962.53,24.12,242,2020-09-01,2021-04-30,14
3530003,Mira Estrela,SP,2020,928.6,27.11,243,2019-09-01,2020-04-30,17
3530003,Mira Estrela,SP,2021,558.34,28.07,242,2020-09-01,2021-04-30,20
3530102,Mirandópolis,SP,2020,886.29,27.14,243,2019-09-01,2020-04-30,16
3530102,Mirandópolis,SP,2021,411.7,28.51,242,2020-09-01,2021-04-30,21
3530201,Mirante do Paranapanema,SP,2020,839.85,26.28,243,2019-09-01,2020-04-30,16
3530201,Mirante do Paranapanema,SP,2021,700.22,26.21,242,2020-09-01,2021-04-30,19
3530300,Mirassol,SP,2020,948.71,26.18,243,2019-09-01,2020-04-30,16
3530300,Mirassol,SP,2021,648.53,27.03,242,2020-09-01,2021-04-30,18
3530409,Mirassolândia,SP,2020,995.23,26.25,243,2019-09-01,2020-04-30,17
3530409,Mirassolândia,SP,2021,689.18,27.06,242,2020-09-01,2021-04-30,18
3530508,Mococa,SP,2020,1067.18,23.14,243,2019-09-01,2020-04-30,18
3530508,Mococa,SP,2021,650.57,23.85,242,2020-09-01,2021-04-30,18
3530607,Mogi das Cruzes,SP,2020,994.6,21.53,243,2019-09-01,2020-04-30,13
3530607,Mogi das Cruzes,SP,2021,850.67,22.12,242,2020-09-01,2021-04-30,19
3530706,Mogi Guaçu,SP,2020,984.72,23.31,243,2019-09-01,2020-04-30,19
3530706,Mogi Guaçu,SP,2021,617.74,24.24,242,2020-09-01,2021-04-30,19
3530805,Mogi Mirim,SP,2020,984.72,23.31,243,2019-09-01,2020-04-30,19
3530805,Mogi Mirim,SP,2021,617.74,24.24,242,2020-09-01,2021-04-30,19
3530904,Mombuca,SP,2020,999.25,23.59,243,2019-09-01,2020-04-30,16
3530904,Mombuca,SP,2021,590.56,24.63,242,2020-09-01,2021-04-30,21
3531001,Monções,SP,2020,949.44,26.59,243,2019-09-01,2020-04-30,16
3531001,Monções,SP,2021,580.34,27.65,242,2020-09-01,2021-04-30,16
3531100,Mongaguá,SP,2020,1062.26,21.75,243,2019-09-01,2020-04-30,12
3531100,Mongaguá,SP,2021,807.26,22.4,242,2020-09-01,2021-04-30,14
3531209,Monte Alegre do Sul,SP,2020,984.72,23.31,243,2019-09-01,2020-04-30,19
3531209,Monte Alegre do Sul,SP,2021,617.74,24.24,242,2020-09-01,2021-04-30,19
3531308,Monte Alto,SP,2020,827.25,25.89,243,2019-09-01,2020-04-30,16
3531308,Monte Alto,SP,2021,562.57,26.69,242,2020-09-01,2021-04-30,18
3531407,Monte Aprazível,SP,2020,949.44,26.59,243,2019-09-01,2020-04-30,16
3531407,Monte Aprazível,SP,2021,580.34,27.65,242,2020-09-01,2021-04-30,16
3531506,Monte Azul Paulista,SP,2020,920.4,25.78,243,2019-09-01,2020-04-30,22
3531506,Monte Azul Paulista,SP,2021,609.43,26.65,242,2020-09-01,2021-04-30,18
3531605,Monte Castelo,SP,2020,894.14,27.27,243,2019-09-01,2020-04-30,16
3531605,Monte Castelo,SP,2021,554.29,28.19,242,2020-09-01,2021-04-30,20
3531704,Monteiro Lobato,SP,2020,817.58,21.55,243,2019-09-01,2020-04-30,14
3531704,Monteiro Lobato,SP,2021,875.69,21.95,242,2020-09-01,2021-04-30,19
3531803,Monte Mor,SP,2020,999.25,23.59,243,2019-09-01,2020-04-30,16
3531803,Monte Mor,SP,2021,590.56,24.63,242,2020-09-01,2021-04-30,21
3531902,Morro Agudo,SP,2020,1139.3,25.43,243,2019-09-01,2020-04-30,18
3531902,Morro Agudo,SP,2021,688.06,26.25,242,2020-09-01,2021-04-30,20
3532009,Morungaba,SP,2020,1046.12,22.37,243,2019-09-01,2020-04-30,23
3532009,Morungaba,SP,2021,662.36,23.22,242,2020-09-01,2021-04-30,20
3532058,Motuca,SP,2020,988.92,24.73,243,2019-09-01,2020-04-30,18
3532058,Motuca,SP,2021,501.23,25.99,242,2020-09-01,2021-04-30,19
3532108,Murutinga do Sul,SP,2020,886.29,27.14,243,2019-09-01,2020-04-30,16
3532108,Murutinga do Sul,SP,2021,411.7,28.51,242,2020-09-01,2021-04-30,21
3532157,Nantes,SP,2020,856.66,26.1,243,2019-09-01,2020-04-30,16
3532157,Nantes,SP,2021,688.9,26.23,242,2020-09-01,2021-04-30,19
3532207,Narandiba,SP,2020,856.66,26.1,243,2019-09-01,2020-04-30,16
3532207,Narandiba,SP,2021,688.9,26.23,242,2020-09-01,2021-04-30,19
3532306,Natividade da Serra,SP,2020,951.33,21.9,243,2019-09-01,2020-04-30,14
3532306,Natividade da Serra,SP,2021,1035.97,22.53,242,2020-09-01,2021-04-30,19
3532405,Nazaré Paulista,SP,2020,983.55,21.17,243,2019-09-01,2020-04-30,22
3532405,Nazaré Paulista,SP,2021,823.86,21.75,242,2020-09-01,2021-04-30,19
3532504,Neves Paulista,SP,2020,948.71,26.18,243,2019-09-01,2020-04-30,16
3532504,Neves Paulista,SP,2021,648.53,27.03,242,2020-09-01,2021-04-30,18
3532603,Nhandeara,SP,2020,948.78,26.52,243,2019-09-01,2020-04-30,17
3532603,Nhandeara,SP,2021,560.35,27.7,242,2020-09-01,2021-04-30,18
3532702,Nipoã,SP,2020,949.44,26.59,243,2019-09-01,2020-04-30,16
3532702,Nipoã,SP,2021,580.34,27.65,242,2020-09-01,2021-04-30,16
3532801,Nova Aliança,SP,2020,948.71,26.18,243,2019-09-01,2020-04-30,16
3532801,Nova Aliança,SP,2021,648.53,27.03,242,2020-09-01,2021-04-30,18
3532827,Nova Campina,SP,2020,817.75,21.47,243,2019-09-01,2020-04-30,16
3532827,Nova Campina,SP,2021,631.48,21.98,242,2020-09-01,2021-04-30,17
3532843,Nova Canaã Paulista,SP,2020,882.49,27.65,243,2019-09-01,2020-04-30,16
3532843,Nova Canaã Paulista,SP,2021,403.25,28.94,242,2020-09-01,2021-04-30,21
3532868,Nova Castilho,SP,2020,954.38,26.82,243,2019-09-01,2020-04-30,16
3532868,Nova Castilho,SP,2021,520.05,28.04,242,2020-09-01,2021-04-30,18
3532900,Nova Europa,SP,2020,797.71,25.76,243,2019-09-01,2020-04-30,17
3532900,Nova Europa,SP,2021,549.9,26.42,242,2020-09-01,2021-04-30,18
3533007,Nova Granada,SP,2020,995.23,26.25,243,2019-09-01,2020-04-30,17
3533007,Nova Granada,SP,2021,689.18,27.06,242,2020-09-01,2021-04-30,18
3533106,Nova Guataporanga,SP,2020,894.14,27.27,243,2019-09-01,2020-04-30,16
3533106,Nova Guataporanga,SP,2021,554.29,28.19,242,2020-09-01,2021-04-30,20
3533205,Nova Independência,SP,2020,886.29,27.14,243,2019-09-01,2020-04-30,16
3533205,Nova Independência,SP,2021,411.7,28.51,242,2020-09-01,2021-04-30,21
3533254,Novais,SP,2020,920.4,25.78,243,2019-09-01,2020-04-30,22
3533254,Novais,SP,2021,609.43,26.65,242,2020-09-01,2021-04-30,18
3533304,Nova Luzitânia,SP,2020,949.44,26.59,243,2019-09-01,2020-04-30,16
3533304,Nova Luzitânia,SP,2021,580.34,27.65,242,2020-09-01,2021-04-30,16
3533403,Nova Odessa,SP,2020,999.25,23.59,243,2019-09-01,2020-04-30,16
3533403,Nova Odessa,SP,2021,590.56,24.63,242,2020-09-01,2021-04-30,21
3533502,Novo Horizonte,SP,2020,822.81,26.63,243,2019-09-01,2020-04-30,16
3533502,Novo Horizonte,SP,2021,538.96,27.46,242,2020-09-01,2021-04-30,18
3533601,Nuporanga,SP,2020,1188.87,24.08,243,2019-09-01,2020-04-30,15
3533601,Nuporanga,SP,2021,695.47,24.91,242,2020-09-01,2021-04-30,20
3533700,Ocauçu,SP,2020,896.41,24.94,243,2019-09-01,2020-04-30,17
3533700,Ocauçu,SP,2021,697.17,25.19,242,2020-09-01,2021-04-30,20
3533809,Óleo,SP,2020,751.68,24.16,243,2019-09-01,2020-04-30,18
3533809,Óleo,SP,2021,680.11,24.27,242,2020-09-01,2021-04-30,20
3533908,Olímpia,SP,2020,999.57,26.21,243,2019-09-01,2020-04-30,17
3533908,Olímpia,SP,2021,705.81,26.88,242,2020-09-01,2021-04-30,21
3534005,Onda Verde,SP,2020,995.23,26.25,243,2019-09-01,2020-04-30,17
3534005,Onda Verde,SP,2021,689.18,27.06,242,2020-09-01,2021-04-30,18
3534104,Oriente,SP,2020,907.92,25.58,243,2019-09-01,2020-04-30,18
3534104,Oriente,SP,2021,636.73,26.08,242,2020-09-01,2021-04-30,19
3534203,Orindiúva,SP,2020,1037.8,26.44,243,2019-09-01,2020-04-30,17
3534203,Orindiúva,SP,2021,710.41,27.17,242,2020-09-01,2021-04-30,20
3534302,Orlândia,SP,2020,1139.3,25.43,243,2019-09-01,2020-04-30,18
3534302,Orlândia,SP,2021,688.06,26.25,242,2020-09-01,2021-04-30,20
3534401,Osasco,SP,2020,1119.16,21.26,243,2019-09-01,2020-04-30,12
3534401,Osasco,SP,2021,691.92,21.98,242,2020-09-01,2021-04-30,19
3534500,Oscar Bressane,SP,2020,896.41,24.94,243,2019-09-01,2020-04-30,17
3534500,Oscar Bressane,SP,2021,697.17,25.19,242,2020-09-01,2021-04-30,20
3534609,Osvaldo Cruz,SP,2020,927.79,25.95,243,2019-09-01,2020-04-30,17
3534609,Osvaldo Cruz,SP,2021,648.32,26.43,242,2020-09-01,2021-04-30,19
3534708,Ourinhos,SP,2020,824.95,25.21,243,2019-09-01,2020-04-30,17
3534708,Ourinhos,SP,2021,728.1,25.17,242,2020-09-01,2021-04-30,20
3534757,Ouroeste,SP,2020,917.22,27.21,243,2019-09-01,2020-04-30,17
3534757,Ouroeste,SP,2021,535.28,28.32,242,2020-09-01,2021-04-30,20
3534807,Ouro Verde,SP,2020,894.14,27.27,243,2019-09-01,2020-04-30,16
3534807,Ouro Verde,SP,2021,554.29,28.19,242,2020-09-01,2021-04-30,20
3534906,Pacaembu,SP,2020,884.76,26.94,243,2019-09-01,2020-04-30,16
3534906,Pacaembu,SP,2021,538.19,27.83,242,2020-09-01,2021-04-30,26
3535002,Palestina,SP,2020,995.23,26.25,243,2019-09-01,2020-04-30,17
3535002,Palestina,SP,2021,689.18,27.06,242,2020-09-01,2021-04-30,18
3535101,Palmares Paulista,SP,2020,920.4,25.78,243,2019-09-01,2020-04-30,22
3535101,Palmares Paulista,SP,2021,609.43,26.65,242,2020-09-01,2021-04-30,18
3535200,Palmeira d'Oeste,SP,2020,942.26,27.01,243,2019-09-01,2020-04-30,17
3535200,Palmeira d'Oeste,SP,2021,489.72,28.4,242,2020-09-01,2021-04-30,18
3535309,Palmital,SP,2020,824.95,25.21,243,2019-09-01,2020-04-30,17
3535309,Palmital,SP,2021,728.1,25.17,242,2020-09-01,2021-04-30,20
3535408,Panorama,SP,2020,894.14,27.27,243,2019-09-01,2020-04-30,16
3535408,Panorama,SP,2021,554.29,28.19,242,2020-09-01,2021-04-30,20
3535507,Paraguaçu Paulista,SP,2020,896.41,25.6,243,2019-09-01,2020-04-30,17
3535507,Paraguaçu Paulista,SP,2021,689.38,25.86,242,2020-09-01,2021-04-30,20
3535606,Paraibuna,SP,2020,951.33,21.9,243,2019-09-01,2020-04-30,14
3535606,Paraibuna,SP,2021,1035.97,22.53,242,2020-09-01,2021-04-30,19
3535705,Paraíso,SP,2020,920.4,25.78,243,2019-09-01,2020-04-30,22
3535705,Paraíso,SP,2021,609.43,26.65,242,2020-09-01,2021-04-30,18
3535804,Paranapanema,SP,2020,785.66,22.95,243,2019-09-01,2020-04-30,18
3535804,Paranapanema,SP,2021,652.07,23.34,242,2020-09-01,2021-04-30,20
3535903,Paranapuã,SP,2020,917.22,27.21,243,2019-09-01,2020-04-30,17
3535903,Paranapuã,SP,2021,535.28,28.32,242,2020-09-01,2021-04-30,20
3536000,Parapuã,SP,2020,927.79,25.95,243,2019-09-01,2020-04-30,17
3536000,Parapuã,SP,2021,648.32,26.43,242,2020-09-01,2021-04-30,19
3536109,Pardinho,SP,2020,804.62,23.62,243,2019-09-01,2020-04-30,16
3536109,Pardinho,SP,2021,554.68,24.43,242,2020-09-01,2021-04-30,21
3536208,Pariquera-Açu,SP,2020,968.42,22.04,243,2019-09-01,2020-04-30,13
3536208,Pariquera-Açu,SP,2021,906.46,22.92,242,2020-09-01,2021-04-30,13
3536257,Parisi,SP,2020,948.78,26.52,243,2019-09-01,2020-04-30,17
3536257,Parisi,SP,2021,560.35,27.7,242,2020-09-01,2021-04-30,18
3536307,Patrocínio Paulista,SP,2020,1188.87,24.08,243,2019-09-01,2020-04-30,15
3536307,Patrocínio Paulista,SP,2021,695.47,24.91,242,2020-09-01,2021-04-30,20
3536406,Paulicéia,SP,2020,894.14,27.27,243,2019-09-01,2020-04-30,16
3536406,Paulicéia,SP,2021,554.29,28.19,242,2020-09-01,2021-04-30,20
3536505,Paulínia,SP,2020,1046.12,22.37,243,2019-09-01,2020-04-30,23
3536505,Paulínia,SP,2021,662.36,23.22,242,2020-09-01,2021-04-30,20
3536570,Paulistânia,SP,2020,772.47,24.74,243,2019-09-01,2020-04-30,17
3536570,Paulistânia,SP,2021,629.64,24.96,242,2020-09-01,2021-04-30,16
3536604,Paulo de Faria,SP,2020,1037.8,26.44,243,2019-09-01,2020-04-30,17
3536604,Paulo de Faria,SP,2021,710.41,27.17,242,2020-09-01,2021-04-30,20
3536703,Pederneiras,SP,2020,606.36,24.73,243,2019-09-01,2020-04-30,16
3536703,Pederneiras,SP,2021,476.13,25.12,242,2020-09-01,2021-04-30,17
3536802,Pedra Bela,SP,2020,983.55,21.17,243,2019-09-01,2020-04-30,22
3536802,Pedra Bela,SP,2021,823.86,21.75,242,2020-09-01,2021-04-30,19
3536901,Pedranópolis,SP,2020,928.6,27.11,243,2019-09-01,2020-04-30,17
3536901,Pedranópolis,SP,2021,558.34,28.07,242,2020-09-01,2021-04-30,20
3537008,Pedregulho,SP,2020,1188.87,24.08,243,2019-09-01,2020-04-30,15
3537008,Pedregulho,SP,2021,695.47,24.91,242,2020-09-01,2021-04-30,20
3537107,Pedreira,SP,2020,984.72,23.31,243,2019-09-01,2020-04-30,19
3537107,Pedreira,SP,2021,617.74,24.24,242,2020-09-01,2021-04-30,19
3537156,Pedrinhas Paulista,SP,2020,864.61,25.42,243,2019-09-01,2020-04-30,17
3537156,Pedrinhas Paulista,SP,2021,704.69,25.42,242,2020-09-01,2021-04-30,20
3537206,Pedro de Toledo,SP,2020,904.62,23.72,243,2019-09-01,2020-04-30,10
3537206,Pedro de Toledo,SP,2021,962.53,24.12,242,2020-09-01,2021-04-30,14
3537305,Penápolis,SP,2020,928.34,26.33,243,2019-09-01,2020-04-30,16
3537305,Penápolis,SP,2021,581.98,27.22,242,2020-09-01,2021-04-30,18
3537404,Pereira Barreto,SP,2020,882.49,27.65,243,2019-09-01,2020-04-30,16
3537404,Pereira Barreto,SP,2021,403.25,28.94,242,2020-09-01,2021-04-30,21
3537503,Pereiras,SP,2020,804.62,23.62,243,2019-09-01,2020-04-30,16
3537503,Pereiras,SP,2021,554.68,24.43,242,2020-09-01,2021-04-30,21
3537602,Peruíbe,SP,2020,905.64,23.64,243,2019-09-01,2020-04-30,11
3537602,Peruíbe,SP,2021,914.69,24.26,242,2020-09-01,2021-04-30,13
3537701,Piacatu,SP,2020,930.46,26.29,243,2019-09-01,2020-04-30,16
3537701,Piacatu,SP,2021,617.0,27.07,242,2020-09-01,2021-04-30,18
3537800,Piedade,SP,2020,1047.14,21.97,243,2019-09-01,2020-04-30,22
3537800,Piedade,SP,2021,662.21,22.83,242,2020-09-01,2021-04-30,19
3537909,Pilar do Sul,SP,2020,1097.32,21.64,243,2019-09-01,2020-04-30,13
3537909,Pilar do Sul,SP,2021,775.95,22.47,242,2020-09-01,2021-04-30,14
3538006,Pindamonhangaba,SP,2020,817.58,21.55,243,2019-09-01,2020-04-30,14
3538006,Pindamonhangaba,SP,2021,875.69,21.95,242,2020-09-01,2021-04-30,19
3538105,Pindorama,SP,2020,920.4,25.78,243,2019-09-01,2020-04-30,22
3538105,Pindorama,SP,2021,609.43,26.65,242,2020-09-01,2021-04-30,18
3538204,Pinhalzinho,SP,2020,1046.12,22.37,243,2019-09-01,2020-04-30,23
3538204,Pinhalzinho,SP,2021,662.36,23.22,242,2020-09-01,2021-04-30,20
3538303,Piquerobi,SP,2020,845.55,26.83,243,2019-09-01,2020-04-30,16
3538303,Piquerobi,SP,2021,696.68,27.08,242,2020-09-01,2021-04-30,27
3538501,Piquete,SP,2020,1061.58,20.58,243,2019-09-01,2020-04-30,16
3538501,Piquete,SP,2021,927.19,21.12,242,2020-09-01,2021-04-30,19
3538600,Piracaia,SP,2020,983.55,21.17,243,2019-09-01,2020-04-30,22
3538600,Piracaia,SP,2021,823.86,21.75,242,2020-09-01,2021-04-30,19
3538709,Piracicaba,SP,2020,965.42,23.84,243,2019-09-01,2020-04-30,21
3538709,Piracicaba,SP,2021,572.88,24.9,242,2020-09-01,2021-04-30,21
3538808,Piraju,SP,2020,751.68,24.16,243,2019-09-01,2020-04-30,18
3538808,Piraju,SP,2021,680.11,24.27,242,2020-09-01,2021-04-30,20
3538907,Pirajuí,SP,2020,798.9,25.65,243,2019-09-01,2020-04-30,17
3538907,Pirajuí,SP,2021,563.23,26.29,242,2020-09-01,2021-04-30,18
3539004,Pirangi,SP,2020,920.4,25.78,243,2019-09-01,2020-04-30,22
3539004,Pirangi,SP,2021,609.43,26.65,242,2020-09-01,2021-04-30,18
3539103,Pirapora do Bom Jesus,SP,2020,1119.16,21.26,243,2019-09-01,2020-04-30,12
3539103,Pirapora do Bom Jesus,SP,2021,691.92,21.98,242,2020-09-01,2021-04-30,19
3539202,Pirapozinho,SP,2020,856.66,26.1,243,2019-09-01,2020-04-30,16
3539202,Pirapozinho,SP,2021,688.9,26.23,242,2020-09-01,2021-04-30,19
3539301,Pirassununga,SP,2020,1036.59,23.98,243,2019-09-01,2020-04-30,19
3539301,Pirassununga,SP,2021,620.13,25.04,242,2020-09-01,2021-04-30,18
3539400,Piratininga,SP,2020,772.47,24.74,243,2019-09-01,2020-04-30,17
3539400,Piratininga,SP,2021,629.64,24.96,242,2020-09-01,2021-04-30,16
3539509,Pitangueiras,SP,2020,1073.79,25.24,243,2019-09-01,2020-04-30,18
3539509,Pitangueiras,SP,2021,570.11,26.39,242,2020-09-01,2021-04-30,20
3539608,Planalto,SP,2020,949.44,26.59,243,2019-09-01,2020-04-30,16
3539608,Planalto,SP,2021,580.34,27.65,242,2020-09-01,2021-04-30,16
3539707,Platina,SP,2020,896.41,24.94,243,2019-09-01,2020-04-30,17
3539707,Platina,SP,2021,697.17,25.19,242,2020-09-01,2021-04-30,20
3539806,Poá,SP,2020,994.6,21.53,243,2019-09-01,2020-04-30,13
3539806,Poá,SP,2021,850.67,22.12,242,2020-09-01,2021-04-30,19
3539905,Poloni,SP,2020,949.44,26.59,243,2019-09-01,2020-04-30,16
3539905,Poloni,SP,2021,580.34,27.65,242,2020-09-01,2021-04-30,16
3540002,Pompéia,SP,2020,907.92,25.58,243,2019-09-01,2020-04-30,18
3540002,Pompéia,SP,2021,636.73,26.08,242,2020-09-01,2021-04-30,19
3540101,Pongaí,SP,2020,822.81,26.63,243,2019-09-01,2020-04-30,16
3540101,Pongaí,SP,2021,538.96,27.46,242,2020-09-01,2021-04-30,18
3540200,Pontal,SP,2020,1073.79,25.24,243,2019-09-01,2020-04-30,18
3540200,Pontal,SP,2021,570.11,26.39,242,2020-09-01,2021-04-30,20
3540259,Pontalinda,SP,2020,942.26,27.01,243,2019-09-01,2020-04-30,17
3540259,Pontalinda,SP,2021,489.72,28.4,242,2020-09-01,2021-04-30,18
3540309,Pontes Gestal,SP,2020,928.6,27.11,243,2019-09-01,2020-04-30,17
3540309,Pontes Gestal,SP,2021,558.34,28.07,242,2020-09-01,2021-04-30,20
3540408,Populina,SP,2020,917.22,27.21,243,2019-09-01,2020-04-30,17
3540408,Populina,SP,2021,535.28,28.32,242,2020-09-01,2021-04-30,20
3540507,Porangaba,SP,2020,804.62,23.62,243,2019-09-01,2020-04-30,16
3540507,Porangaba,SP,2021,554.68,24.43,242,2020-09-01,2021-04-30,21
3540606,Porto Feliz,SP,2020,999.25,23.59,243,2019-09-01,2020-04-30,16
3540606,Porto Feliz,SP,2021,590.56,24.63,242,2020-09-01,2021-04-30,21
3540705,Porto Ferreira,SP,2020,1036.59,23.98,243,2019-09-01,2020-04-30,19
3540705,Porto Ferreira,SP,2021,620.13,25.04,242,2020-09-01,2021-04-30,18
3540754,Potim,SP,2020,901.62,21.04,243,2019-09-01,2020-04-30,14
3540754,Potim,SP,2021,982.13,21.56,242,2020-09-01,2021-04-30,19
3540804,Potirendaba,SP,2020,948.71,26.18,243,2019-09-01,2020-04-30,16
3540804,Potirendaba,SP,2021,648.53,27.03,242,2020-09-01,2021-04-30,18
3540853,Pracinha,SP,2020,883.99,26.4,243,2019-09-01,2020-04-30,16
3540853,Pracinha,SP,2021,657.07,26.82,242,2020-09-01,2021-04-30,27
3540903,Pradópolis,SP,2020,988.92,24.73,243,2019-09-01,2020-04-30,18
3540903,Pradópolis,SP,2021,501.23,25.99,242,2020-09-01,2021-04-30,19
3541000,Praia Grande,SP,2020,949.7,23.41,243,2019-09-01,2020-04-30,13
3541000,Praia Grande,SP,2021,1079.4,23.98,242,2020-09-01,2021-04-30,19
3541059,Pratânia,SP,2020,714.91,23.09,243,2019-09-01,2020-04-30,17
3541059,Pratânia,SP,2021,616.33,23.4,242,2020-09-01,2021-04-30,16
3541109,Presidente Alves,SP,2020,798.9,25.65,243,2019-09-01,2020-04-30,17
3541109,Presidente Alves,SP,2021,563.23,26.29,242,2020-09-01,2021-04-30,18
3541208,Presidente Bernardes,SP,2020,883.99,26.4,243,2019-09-01,2020-04-30,16
3541208,Presidente Bernardes,SP,2021,657.07,26.82,242,2020-09-01,2021-04-30,27
3541307,Presidente Epitácio,SP,2020,845.55,26.83,243,2019-09-01,2020-04-30,16
3541307,Presidente Epitácio,SP,2021,696.68,27.08,242,2020-09-01,2021-04-30,27
3541406,Presidente Prudente,SP,2020,883.99,26.4,243,2019-09-01,2020-04-30,16
3541406,Presidente Prudente,SP,2021,657.07,26.82,242,2020-09-01,2021-04-30,27
3541505,Presidente Venceslau,SP,2020,845.55,26.83,243,2019-09-01,2020-04-30,16
3541505,Presidente Venceslau,SP,2021,696.68,27.08,242,2020-09-01,2021-04-30,27
3541604,Promissão,SP,2020,928.34,26.33,243,2019-09-01,2020-04-30,16
3541604,Promissão,SP,2021,581.98,27.22,242,2020-09-01,2021-04-30,18
3541653,Quadra,SP,2020,875.42,22.51,243,2019-09-01,2020-04-30,16
3541653,Quadra,SP,2021,616.28,23.27,242,2020-09-01,2021-04-30,20
3541703,Quatá,SP,2020,927.79,25.95,243,2019-09-01,2020-04-30,17
3541703,Quatá,SP,2021,648.32,26.43,242,2020-09-01,2021-04-30,19
3541802,Queiroz,SP,2020,907.92,25.58,243,2019-09-01,2020-04-30,18
3541802,Queiroz,SP,2021,636.73,26.08,242,2020-09-01,2021-04-30,19
3541901,Queluz,SP,2020,1061.58,20.58,243,2019-09-01,2020-04-30,16
3541901,Queluz,SP,2021,927.19,21.12,242,2020-09-01,2021-04-30,19
3542008,Quintana,SP,2020,907.92,25.58,243,2019-09-01,2020-04-30,18
3542008,Quintana,SP,2021,636.73,26.08,242,2020-09-01,2021-04-30,19
3542107,Rafard,SP,2020,999.25,23.59,243,2019-09-01,2020-04-30,16
3542107,Rafard,SP,2021,590.56,24.63,242,2020-09-01,2021-04-30,21
3542206,Rancharia,SP,2020,927.79,25.95,243,2019-09-01,2020-04-30,17
3542206,Rancharia,SP,2021,648.32,26.43,242,2020-09-01,2021-04-30,19
3542305,Redenção da Serra,SP,2020,951.33,21.9,243,2019-09-01,2020-04-30,14
3542305,Redenção da Serra,SP,2021,1035.97,22.53,242,2020-09-01,2021-04-30,19
3542404,Regente Feijó,SP,2020,883.99,26.4,243,2019-09-01,2020-04-30,16
3542404,Regente Feijó,SP,2021,657.07,26.82,242,2020-09-01,2021-04-30,27
3542503,Reginópolis,SP,2020,798.9,25.65,243,2019-09-01,2020-04-30,17
3542503,Reginópolis,SP,2021,563.23,26.29,242,2020-09-01,2021-04-30,18
3542602,Registro,SP,2020,968.42,22.04,243,2019-09-01,2020-04-30,13
3542602,Registro,SP,2021,906.46,22.92,242,2020-09-01,2021-04-30,13
3542701,Restinga,SP,2020,1188.87,24.08,243,2019-09-01,2020-04-30,15
3542701,Restinga,SP,2021,695.47,24.91,242,2020-09-01,2021-04-30,20
3542800,Ribeira,SP,2020,801.02,21.56,243,2019-09-01,2020-04-30,16
3542800,Ribeira,SP,2021,692.27,22.01,242,2020-09-01,2021-04-30,26
3542909,Ribeirão Bonito,SP,2020,878.69,24.28,243,2019-09-01,2020-04-30,18
3542909,Ribeirão Bonito,SP,2021,471.48,25.33,242,2020-09-01,2021-04-30,21
3543006,Ribeirão Branco,SP,2020,817.75,21.47,243,2019-09-01,2020-04-30,16
3543006,Ribeirão Branco,SP,2021,631.48,21.98,242,2020-09-01,2021-04-30,17
3543105,Ribeirão Corrente,SP,2020,1188.87,24.08,243,2019-09-01,2020-04-30,15
3543105,Ribeirão Corrente,SP,2021,695.47,24.91,242,2020-09-01,2021-04-30,20
3543204,Ribeirão do Sul,SP,2020,824.95,25.21,243,2019-09-01,2020-04-30,17
3543204,Ribeirão do Sul,SP,2021,728.1,25.17,242,2020-09-01,2021-04-30,20
3543238,Ribeirão dos Índios,SP,2020,845.55,26.83,243,2019-09-01,2020-04-30,16
3543238,Ribeirão dos Índios,SP,2021,696.68,27.08,242,2020-09-01,2021-04-30,27
3543253,Ribeirão Grande,SP,2020,898.84,21.52,243,2019-09-01,2020-04-30,16
3543253,Ribeirão Grande,SP,2021,718.52,22.35,242,2020-09-01,2021-04-30,19
3543303,Ribeirão Pires,SP,2020,994.6,21.53,243,2019-09-01,2020-04-30,13
3543303,Ribeirão Pires,SP,2021,850.67,22.12,242,2020-09-01,2021-04-30,19
3543402,Ribeirão Preto,SP,2020,1092.84,24.28,243,2019-09-01,2020-04-30,15
3543402,Ribeirão Preto,SP,2021,616.62,25.26,242,2020-09-01,2021-04-30,20
3543501,Riversul,SP,2020,827.28,22.38,243,2019-09-01,2020-04-30,16
3543501,Riversul,SP,2021,601.6,22.86,242,2020-09-01,2021-04-30,21
3543600,Rifaina,SP,2020,1217.43,23.84,243,2019-09-01,2020-04-30,17
3543600,Rifaina,SP,2021,769.63,24.5,242,2020-09-01,2021-04-30,14
3543709,Rincão,SP,2020,988.92,24.73,243,2019-09-01,2020-04-30,18
3543709,Rincão,SP,2021,501.23,25.99,242,2020-09-01,2021-04-30,19
3543808,Rinópolis,SP,2020,930.46,26.29,243,2019-09-01,2020-04-30,16
3543808,Rinópolis,SP,2021,617.0,27.07,242,2020-09-01,2021-04-30,18
3543907,Rio Claro,SP,2020,965.42,23.84,243,2019-09-01,2020-04-30,21
3543907,Rio Claro,SP,2021,572.88,24.9,242,2020-09-01,2021-04-30,21
3544004,Rio das Pedras,SP,2020,999.25,23.59,243,2019-09-01,2020-04-30,16
3544004,Rio das Pedras,SP,2021,590.56,24.63,242,2020-09-01,2021-04-30,21
3544103,Rio Grande da Serra,SP,2020,994.6,21.53,243,2019-09-01,2020-04-30,13
3544103,Rio Grande da Serra,SP,2021,850.67,22.12,242,2020-09-01,2021-04-30,19
3544202,Riolândia,SP,2020,1037.8,26.44,243,2019-09-01,2020-04-30,17
3544202,Riolândia,SP,2021,710.41,27.17,242,2020-09-01,2021-04-30,20
3544251,Rosana,SP,2020,898.6,26.81,243,2019-09-01,2020-04-30,17
3544251,Rosana,SP,2021,612.48,26.91,242,2020-09-01,2021-04-30,18
3544301,Roseira,SP,2020,901.62,21.04,243,2019-09-01,2020-04-30,14
3544301,Roseira,SP,2021,982.13,21.56,242,2020-09-01,2021-04-30,19
3544400,Rubiácea,SP,2020,930.46,26.29,243,2019-09-01,2020-04-30,16
3544400,Rubiácea,SP,2021,617.0,27.07,242,2020-09-01,2021-04-30,18
3544509,Rubinéia,SP,2020,914.04,27.34,243,2019-09-01,2020-04-30,17
3544509,Rubinéia,SP,2021,515.26,28.49,242,2020-09-01,2021-04-30,27
3544608,Sabino,SP,2020,822.81,26.63,243,2019-09-01,2020-04-30,16
3544608,Sabino,SP,2021,538.96,27.46,242,2020-09-01,2021-04-30,18
3544707,Sagres,SP,2020,883.99,26.4,243,2019-09-01,2020-04-30,16
3544707,Sagres,SP,2021,657.07,26.82,242,2020-09-01,2021-04-30,27
3544806,Sales,SP,2020,822.81,26.63,243,2019-09-01,2020-04-30,16
3544806,Sales,SP,2021,538.96,27.46,242,2020-09-01,2021-04-30,18
3544905,Sales Oliveira,SP,2020,1073.79,25.24,243,2019-09-01,2020-04-30,18
3544905,Sales Oliveira,SP,2021,570.11,26.39,242,2020-09-01,2021-04-30,20
3545001,Salesópolis,SP,2020,951.33,21.9,243,2019-09-01,2020-04-30,14
3545001,Salesópolis,SP,2021,1035.97,22.53,242,2020-09-01,2021-04-30,19
3545100,Salmourão,SP,2020,930.46,26.29,243,2019-09-01,2020-04-30,16
3545100,Salmourão,SP,2021,617.0,27.07,242,2020-09-01,2021-04-30,18
3545159,Saltinho,SP,2020,999.25,23.59,243,2019-09-01,2020-04-30,16
3545159,Saltinho,SP,2021,590.56,24.63,242,2020-09-01,2021-04-30,21
3545209,Salto,SP,2020,999.25,23.59,243,2019-09-01,2020-04-30,16
3545209,Salto,SP,2021,590.56,24.63,242,2020-09-01,2021-04-30,21
3545308,Salto de Pirapora,SP,2020,1047.14,21.97,243,2019-09-01,2020-04-30,22
3545308,Salto de Pirapora,SP,2021,662.21,22.83,242,2020-09-01,2021-04-30,19
3545407,Salto Grande,SP,2020,824.95,25.21,243,2019-09-01,2020-04-30,17
3545407,Salto Grande,SP,2021,728.1,25.17,242,2020-09-01,2021-04-30,20
3545506,Sandovalina,SP,2020,839.85,26.28,243,2019-09-01,2020-04-30,16
3545506,Sandovalina,SP,2021,700.22,26.21,242,2020-09-01,2021-04-30,19
3545605,Santa Adélia,SP,2020,920.4,25.78,243,2019-09-01,2020-04-30,22
3545605,Santa Adélia,SP,2021,609.43,26.65,242,2020-09-01,2021-04-30,18
3545704,Santa Albertina,SP,2020,917.22,27.21,243,2019-09-01,2020-04-30,17
3545704,Santa Albertina,SP,2021,535.28,28.32,242,2020-09-01,2021-04-30,20
3545803,Santa Bárbara d'Oeste,SP,2020,999.25,23.59,243,2019-09-01,2020-04-30,16
3545803,Santa Bárbara d'Oeste,SP,2021,590.56,24.63,242,2020-09-01,2021-04-30,21
3546009,Santa Branca,SP,2020,951.33,21.9,243,2019-09-01,2020-04-30,14
3546009,Santa Branca,SP,2021,1035.97,22.53,242,2020-09-01,2021-04-30,19
3546108,Santa Clara d'Oeste,SP,2020,914.04,27.34,243,2019-09-01,2020-04-30,17
3546108,Santa Clara d'Oeste,SP,2021,515.26,28.49,242,2020-09-01,2021-04-30,27
3546207,Santa Cruz da Conceição,SP,2020,1036.59,23.98,243,2019-09-01,2020-04-30,19
3546207,Santa Cruz da Conceição,SP,2021,620.13,25.04,242,2020-09-01,2021-04-30,18
3546256,Santa Cruz da Esperança,SP,2020,1041.62,24.36,243,2019-09-01,2020-04-30,18
3546256,Santa Cruz da Esperança,SP,2021,620.79,25.36,242,2020-09-01,2021-04-30,18
3546306,Santa Cruz das Palmeiras,SP,2020,1036.59,23.98,243,2019-09-01,2020-04-30,19
3546306,Santa Cruz das Palmeiras,SP,2021,620.13,25.04,242,2020-09-01,2021-04-30,18
3546405,Santa Cruz do Rio Pardo,SP,2020,751.68,24.16,243,2019-09-01,2020-04-30,18
3546405,Santa Cruz do Rio Pardo,SP,2021,680.11,24.27,242,2020-09-01,2021-04-30,20
3546504,Santa Ernestina,SP,2020,988.92,24.73,243,2019-09-01,2020-04-30,18
3546504,Santa Ernestina,SP,2021,501.23,25.99,242,2020-09-01,2021-04-30,19
3546603,Santa Fé do Sul,SP,2020,917.22,27.21,243,2019-09-01,2020-04-30,17
3546603,Santa Fé do Sul,SP,2021,535.28,28.32,242,2020-09-01,2021-04-30,20
3546702,Santa Gertrudes,SP,2020,965.42,23.84,243,2019-09-01,2020-04-30,21
3546702,Santa Gertrudes,SP,2021,572.88,24.9,242,2020-09-01,2021-04-30,21
3546801,Santa Isabel,SP,2020,994.6,21.53,243,2019-09-01,2020-04-30,13
3546801,Santa Isabel,SP,2021,850.67,22.12,242,2020-09-01,2021-04-30,19
3546900,Santa Lúcia,SP,2020,988.92,24.73,243,2019-09-01,2020-04-30,18
3546900,Santa Lúcia,SP,2021,501.23,25.99,242,2020-09-01,2021-04-30,19
3547007,Santa Maria da Serra,SP,2020,799.35,24.36,243,2019-09-01,2020-04-30,16
3547007,Santa Maria da Serra,SP,2021,487.81,25.21,242,2020-09-01,2021-04-30,21
3547106,Santa Mercedes,SP,2020,894.14,27.27,243,2019-09-01,2020-04-30,16
3547106,Santa Mercedes,SP,2021,554.29,28.19,242,2020-09-01,2021-04-30,20
3547205,Santana da Ponte Pensa,SP,2020,942.26,27.01,243,2019-09-01,2020-04-30,17
3547205,Santana da Ponte Pensa,SP,2021,489.72,28.4,242,2020-09-01,2021-04-30,18
3547304,Santana de Parnaíba,SP,2020,1119.16,21.26,243,2019-09-01,2020-04-30,12
3547304,Santana de Parnaíba,SP,2021,691.92,21.98,242,2020-09-01,2021-04-30,19
3547403,Santa Rita d'Oeste,SP,2020,917.22,27.21,243,2019-09-01,2020-04-30,17
3547403,Santa Rita d'Oeste,SP,2021,535.28,28.32,242,2020-09-01,2021-04-30,20
3547502,Santa Rita do Passa Quatro,SP,2020,1041.62,24.36,243,2019-09-01,2020-04-30,18
3547502,Santa Rita do Passa Quatro,SP,2021,620.79,25.36,242,2020-09-01,2021-04-30,18
3547601,Santa Rosa de Viterbo,SP,2020,1041.62,24.36,243,2019-09-01,2020-04-30,18
3547601,Santa Rosa de Viterbo,SP,2021,620.79,25.36,242,2020-09-01,2021-04-30,18
3547650,Santa Salete,SP,2020,917.22,27.21,243,2019-09-01,2020-04-30,17
3547650,Santa Salete,SP,2021,535.28,28.32,242,2020-09-01,2021-04-30,20
3547700,Santo Anastácio,SP,2020,845.55,26.83,243,2019-09-01,2020-04-30,16
3547700,Santo Anastácio,SP,2021,696.68,27.08,242,2020-09-01,2021-04-30,27
3547809,Santo André,SP,2020,994.6,21.53,243,2019-09-01,2020-04-30,13
3547809,Santo André,SP,2021,850.67,22.12,242,2020-09-01,2021-04-30,19
3547908,Santo Antônio da Alegria,SP,2020,1089.58,22.94,243,2019-09-01,2020-04-30,15
3547908,Santo Antônio da Alegria,SP,2021,655.15,23.67,242,2020-09-01,2021-04-30,18
3548005,Santo Antônio de Posse,SP,2020,984.72,23.31,243,2019-09-01,2020-04-30,19
3548005,Santo Antônio de Posse,SP,2021,617.74,24.24,242,2020-09-01,2021-04-30,19
3548054,Santo Antônio do Aracanguá,SP,2020,954.38,26.82,243,2019-09-01,2020-04-30,16
3548054,Santo Antônio do Aracanguá,SP,2021,520.05,28.04,242,2020-09-01,2021-04-30,18
3548104,Santo Antônio do Jardim,SP,2020,1037.72,23.46,243,2019-09-01,2020-04-30,19
3548104,Santo Antônio do Jardim,SP,2021,648.85,24.27,242,2020-09-01,2021-04-30,18
3548203,Santo Antônio do Pinhal,SP,2020,817.58,21.55,243,2019-09-01,2020-04-30,14
3548203,Santo Antônio do Pinhal,SP,2021,875.69,21.95,242,2020-09-01,2021-04-30,19
3548302,Santo Expedito,SP,2020,883.99,26.4,243,2019-09-01,2020-04-30,16
3548302,Santo Expedito,SP,2021,657.07,26.82,242,2020-09-01,2021-04-30,27
3548401,Santópolis do Aguapeí,SP,2020,930.46,26.29,243,2019-09-01,2020-04-30,16
3548401,Santópolis do Aguapeí,SP,2021,617.0,27.07,242,2020-09-01,2021-04-30,18
3548500,Santos,SP,2020,949.7,23.41,243,2019-09-01,2020-04-30,13
3548500,Santos,SP,2021,1079.4,23.98,242,2020-09-01,2021-04-30,19
3548609,São Bento do Sapucaí,SP,2020,1012.28,20.43,243,2019-09-01,2020-04-30,18
3548609,São Bento do Sapucaí,SP,2021,899.98,20.91,242,2020-09-01,2021-04-30,19
3548708,São Bernardo do Campo,SP,2020,1119.16,21.26,243,2019-09-01,2020-04-30,12
3548708,São Bernardo do Campo,SP,2021,691.92,21.98,242,2020-09-01,2021-04-30,19
3548906,São Carlos,SP,2020,878.69,24.28,243,2019-09-01,2020-04-30,18
3548906,São Carlos,SP,2021,471.48,25.33,242,2020-09-01,2021-04-30,21
3549003,São Francisco,SP,2020,942.26,27.01,243,2019-09-01,2020-04-30,17
3549003,São Francisco,SP,2021,489.72,28.4,242,2020-09-01,2021-04-30,18
3549102,São João da Boa Vista,SP,2020,1037.72,23.46,243,2019-09-01,2020-04-30,19
3549102,São João da Boa Vista,SP,2021,648.85,24.27,242,2020-09-01,2021-04-30,18
3549201,São João das Duas Pontes,SP,2020,942.26,27.01,243,2019-09-01,2020-04-30,17
3549201,São João das Duas Pontes,SP,2021,489.72,28.4,242,2020-09-01,2021-04-30,18
3549250,São João de Iracema,SP,2020,942.26,27.01,243,2019-09-01,2020-04-30,17
3549250,São João de Iracema,SP,2021,489.72,28.4,242,2020-09-01,2021-04-30,18
3549300,São João do Pau d'Alho,SP,2020,894.14,27.27,243,2019-09-01,2020-04-30,16
3549300,São João do Pau d'Alho,SP,2021,554.29,28.19,242,2020-09-01,2021-04-30,20
3549409,São Joaquim da Barra,SP,2020,1139.3,25.43,243,2019-09-01,2020-04-30,18
3549409,São Joaquim da Barra,SP,2021,688.06,26.25,242,2020-09-01,2021-04-30,20
3549508,São José da Bela Vista,SP,2020,1188.87,24.08,243,2019-09-01,2020-04-30,15
3549508,São José da Bela Vista,SP,2021,695.47,24.91,242,2020-09-01,2021-04-30,20
3549607,São José do Barreiro,SP,2020,1174.65,21.19,243,2019-09-01,2020-04-30,16
3549607,São José do Barreiro,SP,2021,998.62,21.85,242,2020-09-01,2021-04-30,19
3549706,São José do Rio Pardo,SP,2020,1067.18,23.14,243,2019-09-01,2020-04-30,18
3549706,São José do Rio Pardo,SP,2021,650.57,23.85,242,2020-09-01,2021-04-30,18
3549805,São José do Rio Preto,SP,2020,948.71,26.18,243,2019-09-01,2020-04-30,16
3549805,São José do Rio Preto,SP,2021,648.53,27.03,242,2020-09-01,2021-04-30,18
3549904,São José dos Campos,SP,2020,817.58,21.55,243,2019-09-01,2020-04-30,14
3549904,São José dos Campos,SP,2021,875.69,21.95,242,2020-09-01,2021-04-30,19
3549953,São Lourenço da Serra,SP,2020,1062.26,21.75,243,2019-09-01,2020-04-30,12
3549953,São Lourenço da Serra,SP,2021,807.26,22.4,242,2020-09-01,2021-04-30,14
3550001,São Luiz do Paraitinga,SP,2020,901.62,21.04,243,2019-09-01,2020-04-30,14
3550001,São Luiz do Paraitinga,SP,2021,982.13,21.56,242,2020-09-01,2021-04-30,19
3550100,São Manuel,SP,2020,606.36,24.73,243,2019-09-01,2020-04-30,16
3550100,São Manuel,SP,2021,476.13,25.12,242,2020-09-01,2021-04-30,17
3550209,São Miguel Arcanjo,SP,2020,898.84,21.52,243,2019-09-01,2020-04-30,16
3550209,São Miguel Arcanjo,SP,2021,718.52,22.35,242,2020-09-01,2021-04-30,19
3550308,São Paulo,SP,2020,1119.16,21.26,243,2019-09-01,2020-04-30,12
3550308,São Paulo,SP,2021,691.92,21.98,242,2020-09-01,2021-04-30,19
3550407,São Pedro,SP,2020,799.35,24.36,243,2019-09-01,2020-04-30,16
3550407,São Pedro,SP,2021,487.81,25.21,242,2020-09-01,2021-04-30,21
3550506,São Pedro do Turvo,SP,2020,896.41,24.94,243,2019-09-01,2020-04-30,17
3550506,São Pedro do Turvo,SP,2021,697.17,25.19,242,2020-09-01,2021-04-30,20
3550605,São Roque,SP,2020,1119.16,21.26,243,2019-09-01,2020-04-30,12
3550605,São Roque,SP,2021,691.92,21.98,242,2020-09-01,2021-04-30,19
3550704,São Sebastião,SP,2020,958.36,23.38,243,2019-09-01,2020-04-30,16
3550704,São Sebastião,SP,2021,1120.33,23.97,242,2020-09-01,2021-04-30,19
3550803,São Sebastião da Grama,SP,2020,1067.18,23.14,243,2019-09-01,2020-04-30,18
3550803,São Sebastião da Grama,SP,2021,650.57,23.85,242,2020-09-01,2021-04-30,18
3550902,São Simão,SP,2020,1041.62,24.36,243,2019-09-01,2020-04-30,18
3550902,São Simão,SP,2021,620.79,25.36,242,2020-09-01,2021-04-30,18
3551009,São Vicente,SP,2020,949.7,23.41,243,2019-09-01,2020-04-30,13
3551009,São Vicente,SP,2021,1079.4,23.98,242,2020-09-01,2021-04-30,19
3551108,Sarapuí,SP,2020,875.42,22.51,243,2019-09-01,2020-04-30,16
3551108,Sarapuí,SP,2021,616.28,23.27,242,2020-09-01,2021-04-30,20
3551207,Sarutaiá,SP,2020,785.34,23.63,243,2019-09-01,2020-04-30,18
3551207,Sarutaiá,SP,2021,647.32,23.86,242,2020-09-01,2021-04-30,17
3551306,Sebastianópolis do Sul,SP,2020,948.78,26.52,243,2019-09-01,2020-04-30,17
3551306,Sebastianópolis do Sul,SP,2021,560.35,27.7,242,2020-09-01,2021-04-30,18
3551405,Serra Azul,SP,2020,1041.62,24.36,243,2019-09-01,2020-04-30,18
3551405,Serra Azul,SP,2021,620.79,25.36,242,2020-09-01,2021-04-30,18
3551504,Serrana,SP,2020,1092.84,24.28,243,2019-09-01,2020-04-30,15
3551504,Serrana,SP,2021,616.62,25.26,242,2020-09-01,2021-04-30,20
3551603,Serra Negra,SP,2020,984.72,23.31,243,2019-09-01,2020-04-30,19
3551603,Serra Negra,SP,2021,617.74,24.24,242,2020-09-01,2021-04-30,19
3551702,Sertãozinho,SP,2020,1073.79,25.24,243,2019-09-01,2020-04-30,18
3551702,Sertãozinho,SP,2021,570.11,26.39,242,2020-09-01,2021-04-30,20
3551801,Sete Barras,SP,2020,968.42,22.04,243,2019-09-01,2020-04-30,13
3551801,Sete Barras,SP,2021,906.46,22.92,242,2020-09-01,2021-04-30,13
3551900,Severínia,SP,2020,920.4,25.78,243,2019-09-01,2020-04-30,22
3551900,Severínia,SP,2021,609.43,26.65,242,2020-09-01,2021-04-30,18
3552007,Silveiras,SP,2020,1061.58,20.58,243,2019-09-01,2020-04-30,16
3552007,Silveiras,SP,2021,927.19,21.12,242,2020-09-01,2021-04-30,19
3552106,Socorro,SP,2020,1035.58,20.82,243,2019-09-01,2020-04-30,14
3552106,Socorro,SP,2021,826.74,21.3,242,2020-09-01,2021-04-30,19
3552205,Sorocaba,SP,2020,1047.14,21.97,243,2019-09-01,2020-04-30,22
3552205,Sorocaba,SP,2021,662.21,22.83,242,2020-09-01,2021-04-30,19
3552304,Sud Mennucci,SP,2020,942.26,27.01,243,2019-09-01,2020-04-30,17
3552304,Sud Mennucci,SP,2021,489.72,28.4,242,2020-09-01,2021-04-30,18
3552403,Sumaré,SP,2020,999.25,23.59,243,2019-09-01,2020-04-30,16
3552403,Sumaré,SP,2021,590.56,24.63,242,2020-09-01,2021-04-30,21
3552502,Suzano,SP,2020,994.6,21.53,243,2019-09-01,2020-04-30,13
3552502,Suzano,SP,2021,850.67,22.12,242,2020-09-01,2021-04-30,19
3552551,Suzanápolis,SP,2020,882.49,27.65,243,2019-09-01,2020-04-30,16
3552551,Suzanápolis,SP,2021,403.25,28.94,242,2020-09-01,2021-04-30,21
3552601,Tabapuã,SP,2020,920.4,25.78,243,2019-09-01,2020-04-30,22
3552601,Tabapuã,SP,2021,609.43,26.65,242,2020-09-01,2021-04-30,18
3552700,Tabatinga,SP,2020,827.25,25.89,243,2019-09-01,2020-04-30,16
3552700,Tabatinga,SP,2021,562.57,26.69,242,2020-09-01,2021-04-30,18
3552809,Taboão da Serra,SP,2020,1119.16,21.26,243,2019-09-01,2020-04-30,12
3552809,Taboão da Serra,SP,2021,691.92,21.98,242,2020-09-01,2021-04-30,19
3552908,Taciba,SP,2020,856.66,26.1,243,2019-09-01,2020-04-30,16
3552908,Taciba,SP,2021,688.9,26.23,242,2020-09-01,2021-04-30,19
3553005,Taguaí,SP,2020,785.34,23.63,243,2019-09-01,2020-04-30,18
3553005,Taguaí,SP,2021,647.32,23.86,242,2020-09-01,2021-04-30,17
3553104,Taiaçu,SP,2020,920.4,25.78,243,2019-09-01,2020-04-30,22
3553104,Taiaçu,SP,2021,609.43,26.65,242,2020-09-01,2021-04-30,18
3553203,Taiúva,SP,2020,920.4,25.78,243,2019-09-01,2020-04-30,22
3553203,Taiúva,SP,2021,609.43,26.65,242,2020-09-01,2021-04-30,18
3553302,Tambaú,SP,2020,1041.62,24.36,243,2019-09-01,2020-04-30,18
3553302,Tambaú,SP,2021,620.79,25.36,242,2020-09-01,2021-04-30,18
3553401,Tanabi,SP,2020,995.23,26.25,243,2019-09-01,2020-04-30,17
3553401,Tanabi,SP,2021,689.18,27.06,242,2020-09-01,2021-04-30,18
3553500,Tapiraí,SP,2020,1097.32,21.64,243,2019-09-01,2020-04-30,13
3553500,Tapiraí,SP,2021,775.95,22.47,242,2020-09-01,2021-04-30,14
3553609,Tapiratiba,SP,2020,1067.18,23.14,243,2019-09-01,2020-04-30,18
3553609,Tapiratiba,SP,2021,650.57,23.85,242,2020-09-01,2021-04-30,18
3553658,Taquaral,SP,2020,1073.79,25.24,243,2019-09-01,2020-04-30,18
3553658,Taquaral,SP,2021,570.11,26.39,242,2020-09-01,2021-04-30,20
3553708,Taquaritinga,SP,2020,827.25,25.89,243,2019-09-01,2020-04-30,16
3553708,Taquaritinga,SP,2021,562.57,26.69,242,2020-09-01,2021-04-30,18
3553807,Taquarituba,SP,2020,785.34,23.63,243,2019-09-01,2020-04-30,18
3553807,Taquarituba,SP,2021,647.32,23.86,242,2020-09-01,2021-04-30,17
3553856,Taquarivaí,SP,2020,817.75,21.47,243,2019-09-01,2020-04-30,16
3553856,Taquarivaí,SP,2021,631.48,21.98,242,2020-09-01,2021-04-30,17
3553906,Tarabai,SP,2020,856.66,26.1,243,2019-09-01,2020-04-30,16
3553906,Tarabai,SP,2021,688.9,26.23,242,2020-09-01,2021-04-30,19
3553955,Tarumã,SP,2020,896.41,25.6,243,2019-09-01,2020-04-30,17
3553955,Tarumã,SP,2021,689.38,25.86,242,2020-09-01,2021-04-30,20
3554003,Tatuí,SP,2020,875.42,22.51,243,2019-09-01,2020-04-30,16
3554003,Tatuí,SP,2021,616.28,23.27,242,2020-09-01,2021-04-30,20
3554102,Taubaté,SP,2020,817.58,21.55,243,2019-09-01,2020-04-30,14
3554102,Taubaté,SP,2021,875.69,21.95,242,2020-09-01,2021-04-30,19
3554201,Tejupá,SP,2020,785.34,23.63,243,2019-09-01,2020-04-30,18
3554201,Tejupá,SP,2021,647.32,23.86,242,2020-09-01,2021-04-30,17
3554300,Teodoro Sampaio,SP,2020,839.85,26.28,243,2019-09-01,2020-04-30,16
3554300,Teodoro Sampaio,SP,2021,700.22,26.21,242,2020-09-01,2021-04-30,19
3554409,Terra Roxa,SP,2020,1073.79,25.24,243,2019-09-01,2020-04-30,18
3554409,Terra Roxa,SP,2021,570.11,26.39,242,2020-09-01,2021-04-30,20
3554508,Tietê,SP,2020,999.25,23.59,243,2019-09-01,2020-04-30,16
3554508,Tietê,SP,2021,590.56,24.63,242,2020-09-01,2021-04-30,21
3554607,Timburi,SP,2020,751.68,24.16,243,2019-09-01,2020-04-30,18
3554607,Timburi,SP,2021,680.11,24.27,242,2020-09-01,2021-04-30,20
3554656,Torre de Pedra,SP,2020,804.62,23.62,243,2019-09-01,2020-04-30,16
3554656,Torre de Pedra,SP,2021,554.68,24.43,242,2020-09-01,2021-04-30,21
3554706,Torrinha,SP,2020,799.35,24.36,243,2019-09-01,2020-04-30,16
3554706,Torrinha,SP,2021,487.81,25.21,242,2020-09-01,2021-04-30,21
3554755,Trabiju,SP,2020,878.69,24.28,243,2019-09-01,2020-04-30,18
3554755,Trabiju,SP,2021,471.48,25.33,242,2020-09-01,2021-04-30,21
3554805,Tremembé,SP,2020,817.58,21.55,243,2019-09-01,2020-04-30,14
3554805,Tremembé,SP,2021,875.69,21.95,242,2020-09-01,2021-04-30,19
3554904,Três Fronteiras,SP,2020,917.22,27.21,243,2019-09-01,2020-04-30,17
3554904,Três Fronteiras,SP,2021,535.28,28.32,242,2020-09-01,2021-04-30,20
3554953,Tuiuti,SP,2020,1046.12,22.37,243,2019-09-01,2020-04-30,23
3554953,Tuiuti,SP,2021,662.36,23.22,242,2020-09-01,2021-04-30,20
3555000,Tupã,SP,2020,927.79,25.95,243,2019-09-01,2020-04-30,17
3555000,Tupã,SP,2021,648.32,26.43,242,2020-09-01,2021-04-30,19
3555109,Tupi Paulista,SP,2020,894.14,27.27,243,2019-09-01,2020-04-30,16
3555109,Tupi Paulista,SP,2021,554.29,28.19,242,2020-09-01,2021-04-30,20
3555208,Turiúba,SP,2020,949.44,26.59,243,2019-09-01,2020-04-30,16
3555208,Turiúba,SP,2021,580.34,27.65,242,2020-09-01,2021-04-30,16
3555307,Turmalina,SP,2020,917.22,27.21,243,2019-09-01,2020-04-30,17
3555307,Turmalina,SP,2021,535.28,28.32,242,2020-09-01,2021-04-30,20
3555356,Ubarana,SP,2020,949.44,26.59,243,2019-09-01,2020-04-30,16
3555356,Ubarana,SP,2021,580.34,27.65,242,2020-09-01,2021-04-30,16
3555406,Ubatuba,SP,2020,1438.49,22.71,243,2019-09-01,2020-04-30,14
3555406,Ubatuba,SP,2021,1583.43,23.29,242,2020-09-01,2021-04-30,14
3555505,Ubirajara,SP,2020,772.47,24.74,243,2019-09-01,2020-04-30,17
3555505,Ubirajara,SP,2021,629.64,24.96,242,2020-09-01,2021-04-30,16
3555604,Uchoa,SP,2020,948.71,26.18,243,2019-09-01,2020-04-30,16
3555604,Uchoa,SP,2021,648.53,27.03,242,2020-09-01,2021-04-30,18
3555703,União Paulista,SP,2020,949.44,26.59,243,2019-09-01,2020-04-30,16
3555703,União Paulista,SP,2021,580.34,27.65,242,2020-09-01,2021-04-30,16
3555802,Urânia,SP,2020,917.22,27.21,243,2019-09-01,2020-04-30,17
3555802,Urânia,SP,2021,535.28,28.32,242,2020-09-01,2021-04-30,20
3555901,Uru,SP,2020,798.9,25.65,243,2019-09-01,2020-04-30,17
3555901,Uru,SP,2021,563.23,26.29,242,2020-09-01,2021-04-30,18
3556008,Urupês,SP,2020,948.71,26.18,243,2019-09-01,2020-04-30,16
3556008,Urupês,SP,2021,648.53,27.03,242,2020-09-01,2021-04-30,18
3556107,Valentim Gentil,SP,2020,948.78,26.52,243,2019-09-01,2020-04-30,17
3556107,Valentim Gentil,SP,2021,560.35,27.7,242,2020-09-01,2021-04-30,18
3556206,Valinhos,SP,2020,1046.12,22.37,243,2019-09-01,2020-04-30,23
3556206,Valinhos,SP,2021,662.36,23.22,242,2020-09-01,2021-04-30,20
3556305,Valparaíso,SP,2020,954.38,26.82,243,2019-09-01,2020-04-30,16
3556305,Valparaíso,SP,2021,520.05,28.04,242,2020-09-01,2021-04-30,18
3556354,Vargem,SP,2020,983.55,21.17,243,2019-09-01,2020-04-30,22
3556354,Vargem,SP,2021,823.86,21.75,242,2020-09-01,2021-04-30,19
3556404,Vargem Grande do Sul,SP,2020,1037.72,23.46,243,2019-09-01,2020-04-30,19
3556404,Vargem Grande do Sul,SP,2021,648.85,24.27,242,2020-09-01,2021-04-30,18
3556453,Vargem Grande Paulista,SP,2020,1119.16,21.26,243,2019-09-01,2020-04-30,12
3556453,Vargem Grande Paulista,SP,2021,691.92,21.98,242,2020-09-01,2021-04-30,19
3556503,Várzea Paulista,SP,2020,1046.12,22.37,243,2019-09-01,2020-04-30,23
3556503,Várzea Paulista,SP,2021,662.36,23.22,242,2020-09-01,2021-04-30,20
3556602,Vera Cruz,SP,2020,907.92,25.58,243,2019-09-01,2020-04-30,18
3556602,Vera Cruz,SP,2021,636.73,26.08,242,2020-09-01,2021-04-30,19
3556701,Vinhedo,SP,2020,1046.12,22.37,243,2019-09-01,2020-04-30,23
3556701,Vinhedo,SP,2021,662.36,23.22,242,2020-09-01,2021-04-30,20
3556800,Viradouro,SP,2020,1073.79,25.24,243,2019-09-01,2020-04-30,18
3556800,Viradouro,SP,2021,570.11,26.39,242,2020-09-01,2021-04-30,20
3556909,Vista Alegre do Alto,SP,2020,920.4,25.78,243,2019-09-01,2020-04-30,22
3556909,Vista Alegre do Alto,SP,2021,609.43,26.65,242,2020-09-01,2021-04-30,18
3556958,Vitória Brasil,SP,2020,917.22,27.21,243,2019-09-01,2020-04-30,17
3556958,Vitória Brasil,SP,2021,535.28,28.32,242,2020-09-01,2021-04-30,20
3557006,Votorantim,SP,2020,1047.14,21.97,243,2019-09-01,2020-04-30,22
3557006,Votorantim,SP,2021,662.21,22.83,242,2020-09-01,2021-04-30,19
3557105,Votuporanga,SP,2020,948.78,26.52,243,2019-09-01,2020-04-30,17
3557105,Votuporanga,SP,2021,560.35,27.7,242,2020-09-01,2021-04-30,18
3557154,Zacarias,SP,2020,949.44,26.59,243,2019-09-01,2020-04-30,16
3557154,Zacarias,SP,2021,580.34,27.65,242,2020-09-01,2021-04-30,16
3557204,Chavantes,SP,2020,824.95,25.21,243,2019-09-01,2020-04-30,17
3557204,Chavantes,SP,2021,728.1,25.17,242,2020-09-01,2021-04-30,20
3557303,Estiva Gerbi,SP,2020,984.72,23.31,243,2019-09-01,2020-04-30,19
3557303,Estiva Gerbi,SP,2021,617.74,24.24,242,2020-09-01,2021-04-30,19
