group_name,group_value,specification_a,specification_b,n,pearson_correlation,spearman_correlation,sign_agreement,mean_difference_a_minus_b,sd_difference,mean_absolute_difference,rmse_difference,p05_difference,p25_difference,median_difference,p75_difference,p95_difference,maximum_absolute_difference
endpoint_band,endpoint,linear,p50_10,1022,0.4794567789036437,0.31833013733085713,0.586105675146771,-4.6136271686879775,11.572932444498832,9.18821172931761,12.453404006295672,-25.858451447328484,-10.358510793532396,-3.8817454636581843,1.739231054260955,13.32449373140467,47.67358920596951
endpoint_band,endpoint,linear,p50_12,1022,0.5220923215701714,0.3666112621457364,0.586105675146771,-4.503000610353019,11.237116976669713,8.921880009834206,12.100671793226232,-24.54465731886262,-10.26947840588075,-3.82148564313389,1.7711436514477157,12.984527175336956,47.04488367007568
endpoint_band,endpoint,linear,p50_6,1022,0.38030238090210455,0.215642575239515,0.5567514677103719,-5.000772081839939,12.270136870803313,9.775175899171558,13.244495646154554,-27.03354736654387,-11.055411820607329,-4.517908739271363,1.4983672063682576,14.595647676148909,59.70461450234025
endpoint_band,endpoint,p50_10,p50_12,1022,0.9903449435714159,0.9790159163997901,0.9393346379647749,0.11062655833495777,1.0534633092690104,0.7178874773231222,1.0587432569497401,-1.5025288832710828,-0.3715007660682872,0.048504737123444386,0.5711594073442967,1.9138935437243294,5.229636530931458
endpoint_band,endpoint,p50_10,p50_6,1022,0.9308515543082283,0.8503649741503682,0.8062622309197651,-0.3871449131519617,2.515414509918875,1.699386649689604,2.5438160772078966,-4.485138527765213,-1.5066913503904615,-0.12023388337701846,0.7823407449354214,3.416585759512099,14.593969127076669
endpoint_band,endpoint,p50_12,p50_6,1022,0.8803918439937536,0.7678255461709684,0.7671232876712328,-0.4977714714869194,3.456072064190952,2.332230520505111,3.490060635216151,-6.4226551859041185,-2.0590334475889804,-0.18911391891433027,1.1174685051662614,4.503788572076093,19.805365922984436
endpoint_band,distance_1,linear,p50_10,980,0.6455556692890971,0.5760397288958409,0.6806122448979591,-3.783659521343792,8.898585678245583,7.1849848747321,9.665407679067698,-18.690244550397455,-8.335206074441588,-3.319871829016172,1.3374565862867254,9.767132448162577,36.68066666112684
endpoint_band,distance_1,linear,p50_12,980,0.6579743003803706,0.5870993924272672,0.6846938775510204,-3.793932283273124,8.773182430338121,7.113713049607499,9.55427195581601,-18.77916238582589,-8.35769906523017,-3.365052934273727,1.3941464363728322,9.580899012150176,36.40638161783698
endpoint_band,distance_1,linear,p50_6,980,0.6157833411720499,0.5426257211846326,0.6877551020408164,-3.729454121540081,9.264049533590672,7.363569129384641,9.982177503421763,-19.805522465758745,-8.477661528004454,-3.164302937329044,1.740298348856232,10.487365334088144,37.86509157302552
endpoint_band,distance_1,p50_10,p50_12,980,0.9984136526316962,0.9965598481804467,0.9693877551020408,-0.010272761929332573,0.41538616983046156,0.29668919495730683,0.4153012553722725,-0.6497908677954896,-0.238824120111925,-0.016154948356238208,0.1930429265648037,0.6838775680709775,2.7085763675701955
endpoint_band,distance_1,p50_10,p50_6,980,0.9899029938615451,0.9766345327009174,0.9051020408163265,0.0542053998037105,1.3471375977341495,0.9252454709729656,1.3475407661993128,-2.2022426985516836,-0.5480454947750211,0.0677657944589356,0.7321656359473856,2.1564629681772423,8.030627853674972
endpoint_band,distance_1,p50_12,p50_6,980,0.9825746287256015,0.961085026076853,0.8826530612244898,0.06447816173304308,1.6643489831629439,1.1555171950963952,1.6647487443370417,-2.6516440550687506,-0.6824149340120531,0.11089926952214313,0.9361290776745488,2.6196963015732933,9.876210296678863
endpoint_band,distance_2,linear,p50_10,954,0.7767097531223476,0.709341396727907,0.6865828092243187,-2.9438353238370136,7.088711551895748,5.7627416558454145,7.672243811332924,-15.257584365860001,-6.903503475302452,-2.6328610166204385,1.4130812551713472,7.655200951880495,30.05301071360787
endpoint_band,distance_2,linear,p50_12,954,0.7875196362180368,0.7188231758810494,0.6865828092243187,-3.054298321113146,6.8994820913144155,5.677362281765386,7.5419953058739875,-14.9970539101523,-6.980551165322039,-2.5360340676632873,1.2326912258478409,7.035543368611933,30.015795246232543
endpoint_band,distance_2,linear,p50_6,954,0.7177793061658059,0.6553107515578671,0.6698113207547169,-2.420666753021482,8.02749984888997,6.237589270948193,8.380503170641301,-16.122817977111573,-6.701941582307914,-2.0491033650022175,2.0789576924330717,10.447176483332738,35.35929423059213
endpoint_band,distance_2,p50_10,p50_12,954,0.9980653723559332,0.9970290851004144,0.9832285115303984,-0.11046299727613228,0.5847524003793996,0.42534256736813375,0.5947932587859858,-1.0868658911979552,-0.39506711632568425,-0.09558191919647996,0.17076129812074292,0.8623342268489548,2.8161938921271457
endpoint_band,distance_2,p50_10,p50_6,954,0.9674893060047248,0.9539565961962718,0.8846960167714885,0.5231685708155317,2.285149301774417,1.6310748550476228,2.3431045617891026,-3.3949665962177655,-0.4878745757682257,0.2845185977357758,1.6655833109422566,4.260843324441569,11.101576668202824
endpoint_band,distance_2,p50_12,p50_6,954,0.9516363791390767,0.9338025462743894,0.8763102725366876,0.633631568091664,2.827001767470528,2.025630908760748,2.895695195082101,-4.1236608277543345,-0.6174605961305701,0.33279709295915083,2.0272507297169344,5.317631125311521,13.91019692462973
endpoint_band,distance_3_5,linear,p50_10,2818,0.7792113837307137,0.6798848689883679,0.7193044712562101,-2.5813742696708983,6.319555177851574,5.136853339667645,6.825400994597797,-12.98473924260528,-6.158160242668853,-2.344373250212918,0.943593618822927,7.427928684289867,31.63877266442676
endpoint_band,distance_3_5,linear,p50_12,2818,0.813101006010211,0.7223740013873559,0.7327892122072391,-2.6211007178495294,5.872236430566932,4.84508346559773,6.429703952739498,-12.280231652050379,-5.909007192936198,-2.3428205848824817,0.7444087323434658,6.601642644433899,29.481131604244656
endpoint_band,distance_3_5,linear,p50_6,2818,0.6849919737857245,0.5718743852632392,0.6774308019872249,-2.6033132436049953,7.394561128846442,5.857791893566321,7.838199440262657,-14.540010855474355,-6.771744693246603,-2.479152869224979,1.320026231034504,9.595516242638361,42.41434005121058
endpoint_band,distance_3_5,p50_10,p50_12,2818,0.9949096820847506,0.9898352598122856,0.9474804826117814,-0.03972644817863099,0.7999470632542761,0.5569961716835116,0.8007911171603004,-1.333669312990753,-0.40546593314424584,-0.04307644571562719,0.35722115030481305,1.240557267240527,5.017652654087186
endpoint_band,distance_3_5,p50_10,p50_6,2818,0.9645046506488176,0.9317936928773114,0.8750887154009936,-0.021938973934097206,2.1015804748461218,1.4279920929217778,2.1013220873303724,-3.21984711069202,-1.0518118082855565,-0.07500879186029152,0.8777394730227677,3.3165261808050865,15.292696758970685
endpoint_band,distance_3_5,p50_12,p50_6,2818,0.9375196535420175,0.8866054141911469,0.8289567068843151,0.017787474244533787,2.8010741622847064,1.9055115097067798,2.8006336081094636,-4.259027310043919,-1.3135734333953053,-0.04293181551760483,1.2631727867064466,4.641983906421071,20.31034941305787
endpoint_band,distance_6plus,linear,p50_10,15157,0.755504730390626,0.6778971181616139,0.7306854918519496,1.2209437809716128,7.169876297222829,5.3534172263576805,7.27285626086628,-9.535661306293948,-2.952983020747965,0.9353677150787689,5.098695261668539,13.067547901008195,48.138710614356455
endpoint_band,distance_6plus,linear,p50_12,15157,0.787906652463128,0.7176279972383737,0.7525895625783466,1.2284873446348143,6.7411522588065855,5.049494430321332,6.85195714893535,-8.749152621127964,-2.737881385419527,0.9684413494337463,4.881034078723715,12.332923111128931,41.519407747840376
endpoint_band,distance_6plus,linear,p50_6,15157,0.6685191744788722,0.5703679963804756,0.6752655538694993,1.214693337046312,8.201221637575722,6.068508889477425,8.290420899791588,-11.279606763634582,-3.443915280244042,0.9614806569376668,5.553698560070714,14.977045588163069,73.34402208766636
endpoint_band,distance_6plus,p50_10,p50_12,15157,0.9952420836079332,0.9913417780783277,0.9542125750478326,0.007543563663201304,0.8086058940708197,0.5843862385000426,0.8086144070101144,-1.2598069941309347,-0.41255207983527953,0.0008131887574052143,0.439872607846965,1.283969040113976,6.61930286651608
endpoint_band,distance_6plus,p50_10,p50_6,15157,0.9633608539652341,0.9299179667229607,0.8601306327109587,-0.006250443925301458,2.2014911989040122,1.5574598658678682,2.201427448148668,-3.4935727524946314,-1.1104107046411258,0.023545664449130754,1.0918616972458466,3.4318196526984073,25.205311473309905
endpoint_band,distance_6plus,p50_12,p50_6,15157,0.9369895943673617,0.8873052379709917,0.8208088671900772,-0.013794007588502764,2.9139461157276796,2.0700185719897,2.9138826385761636,-4.591619036548698,-1.5122972459790418,0.013715710525218583,1.458629430297492,4.53047156180854,31.824614339825985
