rank_absolute_delta_p50_10,grid_id,year,grid_latitude,grid_longitude,ibge_code,municipality,eligible_municipalities,harvested_area_source_status,harvested_area_ha,approved_common_support_fixed_reference_weight,actual_weight,fixed_weight,weight_difference_actual_minus_fixed,fixed_weight_renormalized,residual_p50_10,residual_p50_12,observed_valid_yield,first_valid_year,last_valid_year,endpoint_distance_years,max_internal_gap_years,gap_stratum,distance_to_nearest_internal_gap,nearest_internal_gap_length,within_municipality_abs_residual_percentile,within_municipality_abs_standardized_residual,top_5pct_within_municipality_abs_residual,contribution_p50_10_tch,is_first_valid_yield_year,is_last_valid_yield_year,within_one_year_of_endpoint,immediately_adjacent_to_internal_missing_gap,long_internal_gap_history_gt10,unusual_harvested_area_source_status
1,era5_-20.50_-50.00,1981,-20.5,-50.0,3532603,Nhandeara,11,numeric_positive,13.0,0.1258984906969788,0.1274509803921568,0.6509215106351433,-0.5234705302429864,True,13.020019804271158,14.310809602075452,True,1981,2025,0,7,6-10,3.0,1,1.0,2.2005763405044347,True,-6.8155966707160065,True,False,True,False,False,False
1,era5_-20.50_-50.00,1981,-20.5,-50.0,3557105,Votuporanga,11,numeric_positive,89.0,0.067517287764747,0.8725490196078431,0.3490784893648567,0.5234705302429865,True,-23.79572914775767,-25.137651968582503,True,1974,2025,7,5,1-5,18.0,5,0.9574468085106383,2.0620074492043385,True,-12.456362954495196,False,False,False,False,False,False
2,era5_-23.00_-49.00,1982,-23.0,-49.0,3503109,Arandu,5,numeric_positive,23.0,0.0259045027864933,0.0177332305319969,0.0312266577306663,-0.0134934271986694,True,-0.5049157266887931,-0.5347209664348469,True,1974,2025,8,6,6-10,1.0,6,0.11428571428571428,0.07879804597101323,False,0.006813043599538486,False,False,False,True,False,False
2,era5_-23.00_-49.00,1982,-23.0,-49.0,3504503,Avaré,5,numeric_positive,130.0,0.5278779367839264,0.1002313030069391,0.6363319841103734,-0.5361006811034343,True,16.298520318623872,17.88784331072644,True,1974,2025,8,0,0,,0,0.9807692307692307,2.605836420046974,True,-8.737647843792422,False,False,False,False,False,False
2,era5_-23.00_-49.00,1982,-23.0,-49.0,3511409,Cerqueira César,5,numeric_positive,1144.0,0.2757812944008159,0.882035466461064,0.3324413581589602,0.5495941083021038,True,-17.192699785773826,-17.84215227383139,True,1974,2025,8,0,0,,0,0.9423076923076923,2.08611204105625,False,-9.449006508068136,False,False,False,False,False,False
3,era5_-20.50_-51.00,1980,-20.5,-51.0,3552304,Sud Mennucci,6,numeric_positive,300.0,0.4415128759819681,0.9933774834437086,0.6308638397801162,0.3625136436635924,True,31.306792189555978,31.296713449787887,True,1979,2025,1,0,0,,0,0.9787234042553191,3.3997573548682958,True,11.349139308054834,False,False,True,False,False,False
3,era5_-20.50_-51.00,1980,-20.5,-51.0,3537404,Pereira Barreto,6,numeric_positive,2.0,0.2583415904522704,0.0066225165562913,0.3691361602198838,-0.3625136436635924,True,-16.869751430766733,-19.68470036711848,True,1974,2025,6,9,6-10,1.0,2,0.9512195121951219,2.0016015214057097,True,6.115515058866349,False,False,False,True,False,False
4,era5_-21.00_-49.50,1977,-21.0,-49.5,3556008,Urupês,14,numeric_positive,230.0,0.1409663008969834,0.9274193548387096,0.3235514800370191,0.6038678748016906,True,20.54053344660917,22.35680436996138,True,1974,2025,3,0,0,,0,1.0,3.6220546017132826,True,12.403768279696925,False,False,False,False,False,False
4,era5_-21.00_-49.50,1977,-21.0,-49.5,3525706,José Bonifácio,14,numeric_positive,3.0,0.1305638251253184,0.0120967741935483,0.2996753024644014,-0.287578528270853,True,-11.876046221911205,-13.463900547416408,True,1975,2025,2,1,1-5,2.0,1,0.7346938775510204,1.0285935029773263,False,3.4152958941738483,False,False,False,False,False,False
4,era5_-21.00_-49.50,1977,-21.0,-49.5,3540804,Potirendaba,14,numeric_positive,10.0,0.0828474877890051,0.0403225806451612,0.1901548605653673,-0.149832279920206,True,-6.626457554719892,-7.882928392317972,True,1975,2025,2,0,0,,0,0.5294117647058824,0.5598463718338552,False,0.9928572432181546,False,False,False,False,False,False
4,era5_-21.00_-49.50,1977,-21.0,-49.5,3500204,Adolfo,14,numeric_positive,4.0,0.0396789593187135,0.0161290322580645,0.0910727310868462,-0.0749436988287817,True,-0.3646870198635312,-0.2277793165608201,True,1974,2025,3,17,>10,4.0,17,0.1875,0.05597902127934595,False,0.02733099418341841,False,False,False,False,True,False
4,era5_-21.00_-49.50,1977,-21.0,-49.5,3532801,Nova Aliança,14,numeric_positive,1.0,0.0416277293520906,0.0040322580645161,0.0955456258463658,-0.0915133677818497,True,0.9704293048986088,0.3056629031345892,True,1974,2025,3,7,6-10,4.0,7,0.1891891891891892,0.14049793020663487,False,-0.08880725388547114,False,False,False,False,False,False
5,era5_-23.50_-47.00,2018,-23.5,-47.0,3508405,Cabreúva,3,numeric_positive,5.0,0.8813491590489948,0.1428571428571428,0.9926546312714972,-0.8497974884143544,True,-12.923342061467268,-13.693861147402473,True,1974,2025,7,0,0,,0,0.9230769230769231,1.7017237113287371,False,10.98222362575447,False,False,False,False,False,False
5,era5_-23.50_-47.00,2018,-23.5,-47.0,3550605,São Roque,3,numeric_positive,30.0,0.0065217391304347,0.8571428571428571,0.0073453687285026,0.8497974884143544,True,5.663993934977043,5.635777880135066,True,2001,2022,4,2,1-5,2.0,2,0.8333333333333334,1.2211074598262397,False,4.813247820337628,False,False,False,False,False,False
6,era5_-21.50_-49.50,2006,-21.5,-49.5,3521507,Irapuã,4,numeric_positive,5290.0,0.5394715138551879,0.4136043784206411,0.5674832055084821,-0.1538788270878409,True,-7.365419157991866,-8.33781237557514,True,1974,2025,19,0,0,,0,0.7115384615384616,0.7627390368529355,False,1.133382061042101,False,False,False,False,False,False
6,era5_-21.50_-49.50,2006,-21.5,-49.5,3544806,Sales,4,numeric_positive,2500.0,0.2857708905918675,0.1954652071931196,0.300609349834213,-0.1051441426410934,True,-5.388425408604235,-5.572081231219897,True,1974,2025,19,1,1-5,30.0,1,0.8431372549019608,1.114660287055854,False,0.5665613697731756,False,False,False,False,False,False
6,era5_-21.50_-49.50,2006,-21.5,-49.5,3544608,Sabino,4,numeric_positive,5000.0,0.1253963256838304,0.3909304143862392,0.1319074446573049,0.2590229697289343,True,-64.40324839442668,-65.83792257334481,True,1994,2025,12,1,1-5,6.0,1,1.0,3.5301989972044883,True,-16.68192065931462,False,False,False,False,False,False
7,era5_-23.00_-49.00,1979,-23.0,-49.0,3504503,Avaré,5,numeric_positive,46.0,0.5278779367839264,0.0513966480446927,0.6568429955140771,-0.6054463474693843,True,-24.696641295856992,-25.08125789608829,True,1974,2025,5,0,0,,0,1.0,3.9485429403087373,True,14.952491267338178,False,False,False,False,False,False
7,era5_-23.00_-49.00,1979,-23.0,-49.0,3511409,Cerqueira César,5,numeric_positive,849.0,0.2757812944008159,0.9486033519553072,0.3431570044859228,0.6054463474693845,True,-2.007478497122541,-3.797097426345992,True,1974,2025,5,0,0,,0,0.2692307692307692,0.2435815850442685,False,-1.2154205237061717,False,False,False,False,False,False
8,era5_-23.50_-45.50,2001,-23.5,-45.5,3532306,Natividade da Serra,3,numeric_positive,334.0,0.2515058542650274,0.8697916666666666,0.3807771224197583,0.4890145442469083,True,-12.57468365622342,-14.877550717207512,True,1974,2014,13,3,1-5,1.0,3,0.75,1.3575788367414428,False,-6.149203197197143,False,False,False,True,False,False
8,era5_-23.50_-45.50,2001,-23.5,-45.5,3535606,Paraibuna,3,numeric_positive,50.0,0.4090008817141741,0.1302083333333333,0.6192228775802416,-0.4890145442469082,True,14.606894528566784,15.276729705207837,True,1974,2025,24,6,6-10,1.0,2,0.8717948717948718,1.5580310603847045,False,-7.142983870749743,False,False,False,True,False,False
9,era5_-21.50_-49.50,2007,-21.5,-49.5,3544608,Sabino,4,numeric_positive,6500.0,0.1253963256838304,0.3880597014925373,0.1253963256838304,0.2626633758087068,False,50.59065717159439,51.21849885200953,True,1994,2025,13,1,1-5,5.0,1,0.9666666666666667,2.773075763528303,True,13.288312797071944,False,False,False,False,False,False
9,era5_-21.50_-49.50,2007,-21.5,-49.5,3540101,Pongaí,4,numeric_positive,250.0,0.0493612698691141,0.0149253731343283,0.0493612698691141,-0.0344358967347857,False,1.5786784514399983,1.7418211735006397,True,1989,2025,18,6,6-10,1.0,6,0.2916666666666667,0.2518496437779491,False,-0.05436320813121918,False,False,False,True,False,False
9,era5_-21.50_-49.50,2007,-21.5,-49.5,3544806,Sales,4,numeric_positive,4000.0,0.2857708905918675,0.2388059701492537,0.2857708905918675,-0.0469649204426137,False,4.189482227735468,4.010884412912162,True,1974,2025,18,1,1-5,31.0,1,0.7843137254901961,0.8666445405602152,False,-0.19675869952134026,False,False,False,False,False,False
9,era5_-21.50_-49.50,2007,-21.5,-49.5,3521507,Irapuã,4,numeric_positive,6000.0,0.5394715138551879,0.3582089552238806,0.5394715138551879,-0.1812625586313073,False,2.293902807148484,1.669752141804068,True,1974,2025,18,0,0,,0,0.3076923076923077,0.23754917136794557,False,-0.41579869207527254,False,False,False,False,False,False
10,era5_-21.00_-49.50,1978,-21.0,-49.5,3525706,José Bonifácio,14,numeric_positive,2.0,0.1305638251253184,0.017391304347826,0.2996753024644014,-0.2822839981165753,True,-22.52365656279386,-22.67346304099173,True,1975,2025,3,1,1-5,1.0,1,0.9387755102040817,1.9507912289056306,False,6.358067826750091,False,False,False,True,False,False
10,era5_-21.00_-49.50,1978,-21.0,-49.5,3556008,Urupês,14,numeric_positive,100.0,0.1409663008969834,0.8695652173913043,0.3235514800370191,0.5460137373542853,True,5.110185914787508,6.798097884490346,True,1974,2025,4,0,0,,0,0.6730769230769231,0.9011144942451212,False,2.7902317099083547,False,False,False,False,False,False
10,era5_-21.00_-49.50,1978,-21.0,-49.5,3540804,Potirendaba,14,numeric_positive,10.0,0.0828474877890051,0.0869565217391304,0.1901548605653673,-0.1031983388262368,True,-23.38538121754944,-22.73889870914964,True,1975,2025,3,0,0,,0,0.9411764705882353,1.9757495947847958,False,2.4133324944693815,False,False,False,False,False,False
10,era5_-21.00_-49.50,1978,-21.0,-49.5,3532801,Nova Aliança,14,numeric_positive,1.0,0.0416277293520906,0.008695652173913,0.0955456258463658,-0.0868499736724528,True,-4.696547074226743,-4.732098403522166,True,1974,2025,4,7,6-10,3.0,7,0.5945945945945946,0.6799620948339096,False,0.40789498974802785,False,False,False,False,False,False
10,era5_-21.00_-49.50,1978,-21.0,-49.5,3500204,Adolfo,14,numeric_positive,2.0,0.0396789593187135,0.017391304347826,0.0910727310868462,-0.0736814267390202,True,-2.571645451869905,-2.70514892056525,True,1974,2025,4,17,>10,3.0,17,0.4375,0.39474450044030024,False,0.1894825059606869,False,False,False,False,True,False
