destination_month,variable,weighted_pearson_r,weighted_pearson_r_observed_n,weighted_pearson_r_positive_weight_n,weighted_pearson_r_zero_weight_n,weighted_pearson_r_weight_sum,weighted_pearson_r_effective_n,weighted_pearson_r_status,weighted_spearman_rho,weighted_spearman_rho_observed_n,weighted_spearman_rho_positive_weight_n,weighted_spearman_rho_zero_weight_n,weighted_spearman_rho_weight_sum,weighted_spearman_rho_effective_n,weighted_spearman_rho_status
1,nasa_total_rainfall_mm,0.4777082095558519,21107,16197,4910,35.0,6047.5954729308705,defined,0.45091696115444885,21107,16197,4910,35.0,6047.5954729308705,defined
2,nasa_total_rainfall_mm,0.12397321836654832,21669,16570,5099,36.0,6138.742403058574,defined,0.16749489465846185,21669,16570,5099,36.0,6138.742403058574,defined
3,nasa_total_rainfall_mm,0.2636142065931889,21669,16570,5099,36.0,6138.742403058574,defined,0.3169498874977439,21669,16570,5099,36.0,6138.742403058574,defined
4,nasa_total_rainfall_mm,0.2830049478854148,21669,16570,5099,36.0,6138.742403058574,defined,0.17368758512939828,21669,16570,5099,36.0,6138.742403058574,defined
5,nasa_total_rainfall_mm,0.290020591709167,21669,16570,5099,36.0,6138.742403058574,defined,0.3135185465623827,21669,16570,5099,36.0,6138.742403058574,defined
6,nasa_total_rainfall_mm,0.17938354877576368,21669,16570,5099,36.0,6138.742403058574,defined,0.15832391504284496,21669,16570,5099,36.0,6138.742403058574,defined
7,nasa_total_rainfall_mm,-0.04019502933843184,21669,16570,5099,36.0,6138.742403058574,defined,-0.005557904782613514,21669,16570,5099,36.0,6138.742403058574,defined
8,nasa_total_rainfall_mm,0.045933049499645585,21669,16570,5099,36.0,6138.742403058574,defined,-0.11323170988959229,21669,16570,5099,36.0,6138.742403058574,defined
9,nasa_total_rainfall_mm,0.13687784174146012,21669,16570,5099,36.0,6138.742403058574,defined,0.2592627693130551,21669,16570,5099,36.0,6138.742403058574,defined
10,nasa_total_rainfall_mm,-0.0492703273625899,21669,16570,5099,36.0,6138.742403058574,defined,-0.03833241084986259,21669,16570,5099,36.0,6138.742403058574,defined
11,nasa_total_rainfall_mm,0.12073948151910244,21669,16570,5099,36.0,6138.742403058574,defined,0.1163948628629748,21669,16570,5099,36.0,6138.742403058574,defined
12,nasa_total_rainfall_mm,0.09303312439678935,21669,16570,5099,36.0,6138.742403058574,defined,0.08690001930544344,21669,16570,5099,36.0,6138.742403058574,defined
1,nasa_average_temperature_c,0.7940409120079469,21107,16197,4910,35.0,6047.5954729308705,defined,0.780802086888425,21107,16197,4910,35.0,6047.5954729308705,defined
2,nasa_average_temperature_c,0.8351331076734286,21669,16570,5099,36.0,6138.742403058574,defined,0.8132286162246051,21669,16570,5099,36.0,6138.742403058574,defined
3,nasa_average_temperature_c,0.8037957783909204,21669,16570,5099,36.0,6138.742403058574,defined,0.783836562695147,21669,16570,5099,36.0,6138.742403058574,defined
4,nasa_average_temperature_c,0.8517704383615713,21669,16570,5099,36.0,6138.742403058574,defined,0.8404511046766261,21669,16570,5099,36.0,6138.742403058574,defined
5,nasa_average_temperature_c,0.7378003404014124,21669,16570,5099,36.0,6138.742403058574,defined,0.6950153856275569,21669,16570,5099,36.0,6138.742403058574,defined
6,nasa_average_temperature_c,0.7464755308880748,21669,16570,5099,36.0,6138.742403058574,defined,0.7189485947529469,21669,16570,5099,36.0,6138.742403058574,defined
7,nasa_average_temperature_c,0.6922347419703211,21669,16570,5099,36.0,6138.742403058574,defined,0.661995788942423,21669,16570,5099,36.0,6138.742403058574,defined
8,nasa_average_temperature_c,0.7466539408631249,21669,16570,5099,36.0,6138.742403058574,defined,0.7607972883091868,21669,16570,5099,36.0,6138.742403058574,defined
9,nasa_average_temperature_c,0.7326620177773406,21669,16570,5099,36.0,6138.742403058574,defined,0.7144306191008731,21669,16570,5099,36.0,6138.742403058574,defined
10,nasa_average_temperature_c,0.6971028824830034,21669,16570,5099,36.0,6138.742403058574,defined,0.6868675979092936,21669,16570,5099,36.0,6138.742403058574,defined
11,nasa_average_temperature_c,0.6937155063355194,21669,16570,5099,36.0,6138.742403058574,defined,0.6628465768809806,21669,16570,5099,36.0,6138.742403058574,defined
12,nasa_average_temperature_c,0.7654904309819587,21669,16570,5099,36.0,6138.742403058574,defined,0.741137683739735,21669,16570,5099,36.0,6138.742403058574,defined
1,vpd_mean_kpa,0.5040680940898664,21107,16197,4910,35.0,6047.5954729308705,defined,0.5132678341051791,21107,16197,4910,35.0,6047.5954729308705,defined
2,vpd_mean_kpa,0.42571364226638514,21669,16570,5099,36.0,6138.742403058574,defined,0.23281941580954935,21669,16570,5099,36.0,6138.742403058574,defined
3,vpd_mean_kpa,0.5199403862989608,21669,16570,5099,36.0,6138.742403058574,defined,0.5295438997345412,21669,16570,5099,36.0,6138.742403058574,defined
4,vpd_mean_kpa,0.5967846935974006,21669,16570,5099,36.0,6138.742403058574,defined,0.6571374153784809,21669,16570,5099,36.0,6138.742403058574,defined
5,vpd_mean_kpa,0.6454866411753707,21669,16570,5099,36.0,6138.742403058574,defined,0.6877791208968442,21669,16570,5099,36.0,6138.742403058574,defined
6,vpd_mean_kpa,0.7683895984765365,21669,16570,5099,36.0,6138.742403058574,defined,0.7303906481024435,21669,16570,5099,36.0,6138.742403058574,defined
7,vpd_mean_kpa,0.687895302571941,21669,16570,5099,36.0,6138.742403058574,defined,0.6921239577963985,21669,16570,5099,36.0,6138.742403058574,defined
8,vpd_mean_kpa,0.6685746034262225,21669,16570,5099,36.0,6138.742403058574,defined,0.6813921614373357,21669,16570,5099,36.0,6138.742403058574,defined
9,vpd_mean_kpa,0.7255239067452569,21669,16570,5099,36.0,6138.742403058574,defined,0.7222679928179697,21669,16570,5099,36.0,6138.742403058574,defined
10,vpd_mean_kpa,0.5519929932623789,21669,16570,5099,36.0,6138.742403058574,defined,0.5793706400942993,21669,16570,5099,36.0,6138.742403058574,defined
11,vpd_mean_kpa,0.4095662551046463,21669,16570,5099,36.0,6138.742403058574,defined,0.4562976860099885,21669,16570,5099,36.0,6138.742403058574,defined
12,vpd_mean_kpa,0.556291930001774,21669,16570,5099,36.0,6138.742403058574,defined,0.519047318311957,21669,16570,5099,36.0,6138.742403058574,defined
1,soil_moisture_0_to_7cm_m3_m3,0.8760047153791426,21107,16197,4910,35.0,6047.5954729308705,defined,0.8803696925136879,21107,16197,4910,35.0,6047.5954729308705,defined
2,soil_moisture_0_to_7cm_m3_m3,0.8381012918480781,21669,16570,5099,36.0,6138.742403058574,defined,0.829199519696033,21669,16570,5099,36.0,6138.742403058574,defined
3,soil_moisture_0_to_7cm_m3_m3,0.8421133107734617,21669,16570,5099,36.0,6138.742403058574,defined,0.8363476360365193,21669,16570,5099,36.0,6138.742403058574,defined
4,soil_moisture_0_to_7cm_m3_m3,0.866411225424563,21669,16570,5099,36.0,6138.742403058574,defined,0.8702820763465806,21669,16570,5099,36.0,6138.742403058574,defined
5,soil_moisture_0_to_7cm_m3_m3,0.8419730284129703,21669,16570,5099,36.0,6138.742403058574,defined,0.8368954649850363,21669,16570,5099,36.0,6138.742403058574,defined
6,soil_moisture_0_to_7cm_m3_m3,0.8128908393058418,21669,16570,5099,36.0,6138.742403058574,defined,0.8104343415331133,21669,16570,5099,36.0,6138.742403058574,defined
7,soil_moisture_0_to_7cm_m3_m3,0.8081551980386122,21669,16570,5099,36.0,6138.742403058574,defined,0.804675589843645,21669,16570,5099,36.0,6138.742403058574,defined
8,soil_moisture_0_to_7cm_m3_m3,0.7896297815854885,21669,16570,5099,36.0,6138.742403058574,defined,0.7927857516852662,21669,16570,5099,36.0,6138.742403058574,defined
9,soil_moisture_0_to_7cm_m3_m3,0.8427569121956002,21669,16570,5099,36.0,6138.742403058574,defined,0.840116486738944,21669,16570,5099,36.0,6138.742403058574,defined
10,soil_moisture_0_to_7cm_m3_m3,0.7549583069541013,21669,16570,5099,36.0,6138.742403058574,defined,0.7537349349048283,21669,16570,5099,36.0,6138.742403058574,defined
11,soil_moisture_0_to_7cm_m3_m3,0.7901605970620943,21669,16570,5099,36.0,6138.742403058574,defined,0.7803038339421667,21669,16570,5099,36.0,6138.742403058574,defined
12,soil_moisture_0_to_7cm_m3_m3,0.8695987407229775,21669,16570,5099,36.0,6138.742403058574,defined,0.8697484724305109,21669,16570,5099,36.0,6138.742403058574,defined
