specification,concentration_set,items,share_of_total_absolute_delta
p50_10,top_1_percent_grid_years,37,0.12651001268405201
p50_10,top_5_percent_grid_years,185,0.331861610906367
p50_10,top_10_percent_grid_years,370,0.4817235898709838
p50_10,top_5_grids,5,0.15771350866685824
p50_10,top_10_grids,10,0.27354757334684043
p50_10,top_5_years,5,0.1566391078412968
p50_10,top_10_years,10,0.28454506476953484
p50_12,top_1_percent_grid_years,37,0.12640197829120375
p50_12,top_5_percent_grid_years,185,0.32884339685516134
p50_12,top_10_percent_grid_years,370,0.4780204737122681
p50_12,top_5_grids,5,0.15699030169370815
p50_12,top_10_grids,10,0.2720473778953254
p50_12,top_5_years,5,0.15466781076229905
p50_12,top_10_years,10,0.2819286759295721
