grid_id,grid_latitude,grid_longitude,eligible_municipalities,grid_size_category,single_municipality_grid
era5_-20.00_-47.50,-20.0,-47.5,4,3-5,False
era5_-20.00_-49.50,-20.0,-49.5,4,3-5,False
era5_-20.00_-50.00,-20.0,-50.0,2,2,False
era5_-20.00_-50.50,-20.0,-50.5,9,>5,False
era5_-20.00_-51.00,-20.0,-51.0,2,2,False
era5_-20.50_-47.50,-20.5,-47.5,9,>5,False
era5_-20.50_-48.00,-20.5,-48.0,7,>5,False
era5_-20.50_-48.50,-20.5,-48.5,5,3-5,False
era5_-20.50_-49.00,-20.5,-49.0,4,3-5,False
era5_-20.50_-49.50,-20.5,-49.5,7,>5,False
era5_-20.50_-50.00,-20.5,-50.0,11,>5,False
era5_-20.50_-50.50,-20.5,-50.5,10,>5,False
era5_-20.50_-51.00,-20.5,-51.0,6,>5,False
era5_-21.00_-47.50,-21.0,-47.5,5,3-5,False
era5_-21.00_-48.00,-21.0,-48.0,8,>5,False
era5_-21.00_-48.50,-21.0,-48.5,9,>5,False
era5_-21.00_-49.00,-21.0,-49.0,16,>5,False
era5_-21.00_-49.50,-21.0,-49.5,14,>5,False
era5_-21.00_-50.00,-21.0,-50.0,12,>5,False
era5_-21.00_-50.50,-21.0,-50.5,5,3-5,False
era5_-21.00_-51.50,-21.0,-51.5,8,>5,False
era5_-21.50_-47.00,-21.5,-47.0,7,>5,False
era5_-21.50_-47.50,-21.5,-47.5,8,>5,False
era5_-21.50_-48.00,-21.5,-48.0,8,>5,False
era5_-21.50_-48.50,-21.5,-48.5,9,>5,False
era5_-21.50_-49.00,-21.5,-49.0,5,3-5,False
era5_-21.50_-49.50,-21.5,-49.5,4,3-5,False
era5_-21.50_-50.00,-21.5,-50.0,8,>5,False
era5_-21.50_-50.50,-21.5,-50.5,14,>5,False
era5_-21.50_-51.50,-21.5,-51.5,12,>5,False
era5_-22.00_-47.00,-22.0,-47.0,7,>5,False
era5_-22.00_-47.50,-22.0,-47.5,7,>5,False
era5_-22.00_-48.00,-22.0,-48.0,4,3-5,False
era5_-22.00_-48.50,-22.0,-48.5,8,>5,False
era5_-22.00_-49.00,-22.0,-49.0,6,>5,False
era5_-22.00_-49.50,-22.0,-49.5,7,>5,False
era5_-22.00_-50.00,-22.0,-50.0,7,>5,False
era5_-22.00_-50.50,-22.0,-50.5,7,>5,False
era5_-22.00_-51.00,-22.0,-51.0,12,>5,False
era5_-22.00_-51.50,-22.0,-51.5,10,>5,False
era5_-22.00_-52.00,-22.0,-52.0,5,3-5,False
era5_-22.50_-45.00,-22.5,-45.0,8,>5,False
era5_-22.50_-46.50,-22.5,-46.5,5,3-5,False
era5_-22.50_-47.00,-22.5,-47.0,13,>5,False
era5_-22.50_-47.50,-22.5,-47.5,9,>5,False
era5_-22.50_-48.00,-22.5,-48.0,6,>5,False
era5_-22.50_-48.50,-22.5,-48.5,8,>5,False
era5_-22.50_-49.00,-22.5,-49.0,6,>5,False
era5_-22.50_-49.50,-22.5,-49.5,6,>5,False
era5_-22.50_-50.00,-22.5,-50.0,4,3-5,False
era5_-22.50_-50.50,-22.5,-50.5,10,>5,False
era5_-22.50_-51.50,-22.5,-51.5,9,>5,False
era5_-22.50_-52.50,-22.5,-52.5,2,2,False
era5_-22.50_-53.00,-22.5,-53.0,1,1,True
era5_-23.00_-45.00,-23.0,-45.0,2,2,False
era5_-23.00_-45.50,-23.0,-45.5,5,3-5,False
era5_-23.00_-46.50,-23.0,-46.5,8,>5,False
era5_-23.00_-47.00,-23.0,-47.0,8,>5,False
era5_-23.00_-47.50,-23.0,-47.5,14,>5,False
era5_-23.00_-48.00,-23.0,-48.0,7,>5,False
era5_-23.00_-48.50,-23.0,-48.5,4,3-5,False
era5_-23.00_-49.00,-23.0,-49.0,5,3-5,False
era5_-23.00_-49.50,-23.0,-49.5,8,>5,False
era5_-23.00_-50.00,-23.0,-50.0,6,>5,False
era5_-23.50_-45.50,-23.5,-45.5,3,3-5,False
era5_-23.50_-46.00,-23.5,-46.0,6,>5,False
era5_-23.50_-46.50,-23.5,-46.5,1,1,True
era5_-23.50_-47.00,-23.5,-47.0,3,3-5,False
era5_-23.50_-47.50,-23.5,-47.5,8,>5,False
era5_-23.50_-48.00,-23.5,-48.0,4,3-5,False
era5_-23.50_-48.50,-23.5,-48.5,2,2,False
era5_-23.50_-49.00,-23.5,-49.0,2,2,False
era5_-23.50_-49.50,-23.5,-49.5,7,>5,False
era5_-24.00_-49.00,-24.0,-49.0,2,2,False
era5_-24.50_-48.00,-24.5,-48.0,3,3-5,False
era5_-24.50_-48.50,-24.5,-48.5,1,1,True
era5_-24.50_-49.00,-24.5,-49.0,2,2,False
era5_-25.00_-48.00,-25.0,-48.0,1,1,True
